iteration,batchSize,payloadName,payloadSize,candidate,accepted,correctnessPassed,baselineRoundTrips,candidateRoundTrips,roundTripReductionPercent,baselineAllocatedBytes,candidateAllocatedBytes,allocationWinPercent,baselineElapsedTicks,candidateElapsedTicks,elapsedWinPercent,baselineCommandCount,candidateCommandCount,baselineParameterCount,candidateParameterCount,baselineRowsWritten,candidateRowsWritten,baselineRowsRead,candidateRowsRead,baselineResultCount,candidateResultCount,resultCountEquality,payloadEquality,payloadFingerprint,postgresqlExecution
1,1,small-record,128,candidate-current-npgsqlbatch-set-plus-getmultiple,False,True,2,2,0,2296,2248,2.0905923344947737,198,46,76.76767676767676,2,2,7,7,1,1,1,1,1,1,True,True,-424625813,modeled-pass
1,1,small-record,128,candidate-chunked-100-npgsqlbatch-set-plus-getmultiple,False,True,2,2,0,2296,2248,2.0905923344947737,198,64,67.67676767676768,2,2,7,7,1,1,1,1,1,1,True,True,-424625813,modeled-pass
1,1,small-record,128,candidate-single-roundtrip-npgsqlbatch-set-and-read,True,True,2,1,50,2296,2248,2.0905923344947737,198,56,71.71717171717172,2,2,7,7,1,1,1,1,1,1,True,True,-424625813,modeled-pass
1,1,medium-record,1024,candidate-current-npgsqlbatch-set-plus-getmultiple,False,True,2,2,0,2248,2008,10.676156583629894,65,68,-4.615384615384615,2,2,7,7,1,1,1,1,1,1,True,True,1437590009,modeled-pass
1,1,medium-record,1024,candidate-chunked-100-npgsqlbatch-set-plus-getmultiple,False,True,2,2,0,2248,2248,0,65,70,-7.6923076923076925,2,2,7,7,1,1,1,1,1,1,True,True,1437590009,modeled-pass
1,1,medium-record,1024,candidate-single-roundtrip-npgsqlbatch-set-and-read,True,True,2,1,50,2248,2248,0,65,52,20,2,2,7,7,1,1,1,1,1,1,True,True,1437590009,modeled-pass
1,1,large-record,4096,candidate-current-npgsqlbatch-set-plus-getmultiple,False,True,2,2,0,2248,2296,-2.1352313167259784,80,172,-115,2,2,7,7,1,1,1,1,1,1,True,True,-1454759993,modeled-pass
1,1,large-record,4096,candidate-chunked-100-npgsqlbatch-set-plus-getmultiple,False,True,2,2,0,2248,2296,-2.1352313167259784,80,96,-20,2,2,7,7,1,1,1,1,1,1,True,True,-1454759993,modeled-pass
1,1,large-record,4096,candidate-single-roundtrip-npgsqlbatch-set-and-read,True,True,2,1,50,2248,2248,0,80,97,-21.25,2,2,7,7,1,1,1,1,1,1,True,True,-1454759993,modeled-pass
2,2,small-record,128,candidate-current-npgsqlbatch-set-plus-getmultiple,True,True,4,2,50,2248,2248,0,85,57,32.94117647058823,4,3,14,13,2,2,2,2,2,2,True,True,1814811558,modeled-pass
2,2,small-record,128,candidate-chunked-100-npgsqlbatch-set-plus-getmultiple,True,True,4,2,50,2248,2248,0,85,88,-3.5294117647058822,4,3,14,13,2,2,2,2,2,2,True,True,1814811558,modeled-pass
2,2,small-record,128,candidate-single-roundtrip-npgsqlbatch-set-and-read,True,True,4,1,75,2248,2248,0,85,78,8.235294117647058,4,3,14,13,2,2,2,2,2,2,True,True,1814811558,modeled-pass
2,2,medium-record,1024,candidate-current-npgsqlbatch-set-plus-getmultiple,True,True,4,2,50,2296,2296,0,98,69,29.591836734693878,4,3,14,13,2,2,2,2,2,2,True,True,-8092293,modeled-pass
2,2,medium-record,1024,candidate-chunked-100-npgsqlbatch-set-plus-getmultiple,True,True,4,2,50,2296,2296,0,98,67,31.632653061224488,4,3,14,13,2,2,2,2,2,2,True,True,-8092293,modeled-pass
2,2,medium-record,1024,candidate-single-roundtrip-npgsqlbatch-set-and-read,True,True,4,1,75,2296,2248,2.0905923344947737,98,64,34.69387755102041,4,3,14,13,2,2,2,2,2,2,True,True,-8092293,modeled-pass
2,2,large-record,4096,candidate-current-npgsqlbatch-set-plus-getmultiple,True,True,4,2,50,2296,2296,0,141,144,-2.127659574468085,4,3,14,13,2,2,2,2,2,2,True,True,-543229728,modeled-pass
2,2,large-record,4096,candidate-chunked-100-npgsqlbatch-set-plus-getmultiple,True,True,4,2,50,2296,2296,0,141,138,2.127659574468085,4,3,14,13,2,2,2,2,2,2,True,True,-543229728,modeled-pass
2,2,large-record,4096,candidate-single-roundtrip-npgsqlbatch-set-and-read,True,True,4,1,75,2296,2296,0,141,133,5.673758865248227,4,3,14,13,2,2,2,2,2,2,True,True,-543229728,modeled-pass
3,3,small-record,128,candidate-current-npgsqlbatch-set-plus-getmultiple,True,True,6,2,66.66666666666667,2248,2296,-2.1352313167259784,89,97,-8.98876404494382,6,4,21,19,3,3,3,3,3,3,True,True,-970047824,modeled-pass
3,3,small-record,128,candidate-chunked-100-npgsqlbatch-set-plus-getmultiple,True,True,6,2,66.66666666666667,2248,2248,0,89,101,-13.48314606741573,6,4,21,19,3,3,3,3,3,3,True,True,-970047824,modeled-pass
3,3,small-record,128,candidate-single-roundtrip-npgsqlbatch-set-and-read,True,True,6,1,83.33333333333333,2248,2248,0,89,82,7.865168539325842,6,4,21,19,3,3,3,3,3,3,True,True,-970047824,modeled-pass
3,3,medium-record,1024,candidate-current-npgsqlbatch-set-plus-getmultiple,True,True,6,2,66.66666666666667,2296,2248,2.0905923344947737,126,108,14.285714285714286,6,4,21,19,3,3,3,3,3,3,True,True,1126680786,modeled-pass
3,3,medium-record,1024,candidate-chunked-100-npgsqlbatch-set-plus-getmultiple,True,True,6,2,66.66666666666667,2296,2296,0,126,95,24.603174603174605,6,4,21,19,3,3,3,3,3,3,True,True,1126680786,modeled-pass
3,3,medium-record,1024,candidate-single-roundtrip-npgsqlbatch-set-and-read,True,True,6,1,83.33333333333333,2296,2296,0,126,109,13.492063492063492,6,4,21,19,3,3,3,3,3,3,True,True,1126680786,modeled-pass
3,3,large-record,4096,candidate-current-npgsqlbatch-set-plus-getmultiple,True,True,6,2,66.66666666666667,2296,2296,0,176,189,-7.386363636363637,6,4,21,19,3,3,3,3,3,3,True,True,1830607265,modeled-pass
3,3,large-record,4096,candidate-chunked-100-npgsqlbatch-set-plus-getmultiple,True,True,6,2,66.66666666666667,2296,2296,0,176,174,1.1363636363636365,6,4,21,19,3,3,3,3,3,3,True,True,1830607265,modeled-pass
3,3,large-record,4096,candidate-single-roundtrip-npgsqlbatch-set-and-read,True,True,6,1,83.33333333333333,2296,2296,0,176,182,-3.409090909090909,6,4,21,19,3,3,3,3,3,3,True,True,1830607265,modeled-pass
4,4,small-record,128,candidate-current-npgsqlbatch-set-plus-getmultiple,True,True,8,2,75,3144,3144,0,109,106,2.7522935779816513,8,5,28,25,4,4,4,4,4,4,True,True,28300634,modeled-pass
4,4,small-record,128,candidate-chunked-100-npgsqlbatch-set-plus-getmultiple,True,True,8,2,75,3144,3192,-1.5267175572519085,109,122,-11.926605504587156,8,5,28,25,4,4,4,4,4,4,True,True,28300634,modeled-pass
4,4,small-record,128,candidate-single-roundtrip-npgsqlbatch-set-and-read,True,True,8,1,87.5,3144,3144,0,109,187,-71.55963302752293,8,5,28,25,4,4,4,4,4,4,True,True,28300634,modeled-pass
4,4,medium-record,1024,candidate-current-npgsqlbatch-set-plus-getmultiple,True,True,8,2,75,3144,3144,0,131,109,16.793893129770993,8,5,28,25,4,4,4,4,4,4,True,True,2143416355,modeled-pass
4,4,medium-record,1024,candidate-chunked-100-npgsqlbatch-set-plus-getmultiple,True,True,8,2,75,3144,3192,-1.5267175572519085,131,112,14.50381679389313,8,5,28,25,4,4,4,4,4,4,True,True,2143416355,modeled-pass
4,4,medium-record,1024,candidate-single-roundtrip-npgsqlbatch-set-and-read,True,True,8,1,87.5,3144,3144,0,131,107,18.3206106870229,8,5,28,25,4,4,4,4,4,4,True,True,2143416355,modeled-pass
4,4,large-record,4096,candidate-current-npgsqlbatch-set-plus-getmultiple,True,True,8,2,75,2904,3192,-9.917355371900827,219,271,-23.744292237442924,8,5,28,25,4,4,4,4,4,4,True,True,1074339839,modeled-pass
4,4,large-record,4096,candidate-chunked-100-npgsqlbatch-set-plus-getmultiple,True,True,8,2,75,2904,3192,-9.917355371900827,219,238,-8.67579908675799,8,5,28,25,4,4,4,4,4,4,True,True,1074339839,modeled-pass
4,4,large-record,4096,candidate-single-roundtrip-npgsqlbatch-set-and-read,True,True,8,1,87.5,2904,3192,-9.917355371900827,219,221,-0.91324200913242,8,5,28,25,4,4,4,4,4,4,True,True,1074339839,modeled-pass
5,5,small-record,128,candidate-current-npgsqlbatch-set-plus-getmultiple,True,True,10,2,80,3192,3144,1.5037593984962405,119,116,2.5210084033613445,10,6,35,31,5,5,5,5,5,5,True,True,62048754,modeled-pass
5,5,small-record,128,candidate-chunked-100-npgsqlbatch-set-plus-getmultiple,True,True,10,2,80,3192,3192,0,119,135,-13.445378151260504,10,6,35,31,5,5,5,5,5,5,True,True,62048754,modeled-pass
5,5,small-record,128,candidate-single-roundtrip-npgsqlbatch-set-and-read,True,True,10,1,90,3192,3192,0,119,180,-51.260504201680675,10,6,35,31,5,5,5,5,5,5,True,True,62048754,modeled-pass
5,5,medium-record,1024,candidate-current-npgsqlbatch-set-plus-getmultiple,True,True,10,2,80,3192,3192,0,131,133,-1.5267175572519085,10,6,35,31,5,5,5,5,5,5,True,True,-2059610631,modeled-pass
5,5,medium-record,1024,candidate-chunked-100-npgsqlbatch-set-plus-getmultiple,True,True,10,2,80,3192,3192,0,131,158,-20.610687022900763,10,6,35,31,5,5,5,5,5,5,True,True,-2059610631,modeled-pass
5,5,medium-record,1024,candidate-single-roundtrip-npgsqlbatch-set-and-read,True,True,10,1,90,3192,3192,0,131,146,-11.450381679389313,10,6,35,31,5,5,5,5,5,5,True,True,-2059610631,modeled-pass
5,5,large-record,4096,candidate-current-npgsqlbatch-set-plus-getmultiple,True,True,10,2,80,3192,3192,0,274,270,1.4598540145985401,10,6,35,31,5,5,5,5,5,5,True,True,241351908,modeled-pass
5,5,large-record,4096,candidate-chunked-100-npgsqlbatch-set-plus-getmultiple,True,True,10,2,80,3192,3192,0,274,252,8.02919708029197,10,6,35,31,5,5,5,5,5,5,True,True,241351908,modeled-pass
5,5,large-record,4096,candidate-single-roundtrip-npgsqlbatch-set-and-read,True,True,10,1,90,3192,3192,0,274,247,9.854014598540147,10,6,35,31,5,5,5,5,5,5,True,True,241351908,modeled-pass
6,6,small-record,128,candidate-current-npgsqlbatch-set-plus-getmultiple,True,True,12,2,83.33333333333333,3192,3192,0,139,131,5.755395683453237,12,7,42,37,6,6,6,6,6,6,True,True,-1733123870,modeled-pass
6,6,small-record,128,candidate-chunked-100-npgsqlbatch-set-plus-getmultiple,True,True,12,2,83.33333333333333,3192,3192,0,139,144,-3.597122302158273,12,7,42,37,6,6,6,6,6,6,True,True,-1733123870,modeled-pass
6,6,small-record,128,candidate-single-roundtrip-npgsqlbatch-set-and-read,True,True,12,1,91.66666666666667,3192,3192,0,139,130,6.474820143884892,12,7,42,37,6,6,6,6,6,6,True,True,-1733123870,modeled-pass
6,6,medium-record,1024,candidate-current-npgsqlbatch-set-plus-getmultiple,True,True,12,2,83.33333333333333,3192,3192,0,165,167,-1.2121212121212122,12,7,42,37,6,6,6,6,6,6,True,True,118061850,modeled-pass
6,6,medium-record,1024,candidate-chunked-100-npgsqlbatch-set-plus-getmultiple,True,True,12,2,83.33333333333333,3192,3192,0,165,199,-20.606060606060606,12,7,42,37,6,6,6,6,6,6,True,True,118061850,modeled-pass
6,6,medium-record,1024,candidate-single-roundtrip-npgsqlbatch-set-and-read,True,True,12,1,91.66666666666667,3192,3192,0,165,173,-4.848484848484849,12,7,42,37,6,6,6,6,6,6,True,True,118061850,modeled-pass
6,6,large-record,4096,candidate-current-npgsqlbatch-set-plus-getmultiple,True,True,12,2,83.33333333333333,3192,3192,0,309,288,6.796116504854369,12,7,42,37,6,6,6,6,6,6,True,True,217694775,modeled-pass
6,6,large-record,4096,candidate-chunked-100-npgsqlbatch-set-plus-getmultiple,True,True,12,2,83.33333333333333,3192,3192,0,309,289,6.472491909385114,12,7,42,37,6,6,6,6,6,6,True,True,217694775,modeled-pass
6,6,large-record,4096,candidate-single-roundtrip-npgsqlbatch-set-and-read,True,True,12,1,91.66666666666667,3192,3192,0,309,285,7.766990291262136,12,7,42,37,6,6,6,6,6,6,True,True,217694775,modeled-pass
7,7,small-record,128,candidate-current-npgsqlbatch-set-plus-getmultiple,True,True,14,2,85.71428571428571,3192,3192,0,142,164,-15.492957746478874,14,8,49,43,7,7,7,7,7,7,True,True,-967075521,modeled-pass
7,7,small-record,128,candidate-chunked-100-npgsqlbatch-set-plus-getmultiple,True,True,14,2,85.71428571428571,3192,3192,0,142,162,-14.084507042253522,14,8,49,43,7,7,7,7,7,7,True,True,-967075521,modeled-pass
7,7,small-record,128,candidate-single-roundtrip-npgsqlbatch-set-and-read,True,True,14,1,92.85714285714286,3192,3192,0,142,150,-5.633802816901408,14,8,49,43,7,7,7,7,7,7,True,True,-967075521,modeled-pass
7,7,medium-record,1024,candidate-current-npgsqlbatch-set-plus-getmultiple,True,True,14,2,85.71428571428571,3192,3192,0,194,182,6.185567010309279,14,8,49,43,7,7,7,7,7,7,True,True,-441911875,modeled-pass
7,7,medium-record,1024,candidate-chunked-100-npgsqlbatch-set-plus-getmultiple,True,True,14,2,85.71428571428571,3192,3192,0,194,203,-4.639175257731959,14,8,49,43,7,7,7,7,7,7,True,True,-441911875,modeled-pass
7,7,medium-record,1024,candidate-single-roundtrip-npgsqlbatch-set-and-read,True,True,14,1,92.85714285714286,3192,3192,0,194,205,-5.670103092783505,14,8,49,43,7,7,7,7,7,7,True,True,-441911875,modeled-pass
7,7,large-record,4096,candidate-current-npgsqlbatch-set-plus-getmultiple,True,True,14,2,85.71428571428571,3192,3192,0,333,371,-11.411411411411411,14,8,49,43,7,7,7,7,7,7,True,True,2018849444,modeled-pass
7,7,large-record,4096,candidate-chunked-100-npgsqlbatch-set-plus-getmultiple,True,True,14,2,85.71428571428571,3192,3192,0,333,365,-9.60960960960961,14,8,49,43,7,7,7,7,7,7,True,True,2018849444,modeled-pass
7,7,large-record,4096,candidate-single-roundtrip-npgsqlbatch-set-and-read,True,True,14,1,92.85714285714286,3192,3192,0,333,358,-7.5075075075075075,14,8,49,43,7,7,7,7,7,7,True,True,2018849444,modeled-pass
8,8,small-record,128,candidate-current-npgsqlbatch-set-plus-getmultiple,True,True,16,2,87.5,4088,4088,0,165,166,-0.6060606060606061,16,9,56,49,8,8,8,8,8,8,True,True,-929081457,modeled-pass
8,8,small-record,128,candidate-chunked-100-npgsqlbatch-set-plus-getmultiple,True,True,16,2,87.5,4088,4088,0,165,170,-3.0303030303030303,16,9,56,49,8,8,8,8,8,8,True,True,-929081457,modeled-pass
8,8,small-record,128,candidate-single-roundtrip-npgsqlbatch-set-and-read,True,True,16,1,93.75,4088,4088,0,165,138,16.363636363636363,16,9,56,49,8,8,8,8,8,8,True,True,-929081457,modeled-pass
8,8,medium-record,1024,candidate-current-npgsqlbatch-set-plus-getmultiple,True,True,16,2,87.5,4088,4088,0,190,195,-2.6315789473684212,16,9,56,49,8,8,8,8,8,8,True,True,2024040558,modeled-pass
8,8,medium-record,1024,candidate-chunked-100-npgsqlbatch-set-plus-getmultiple,True,True,16,2,87.5,4088,4088,0,190,194,-2.1052631578947367,16,9,56,49,8,8,8,8,8,8,True,True,2024040558,modeled-pass
8,8,medium-record,1024,candidate-single-roundtrip-npgsqlbatch-set-and-read,True,True,16,1,93.75,4088,4088,0,190,180,5.2631578947368425,16,9,56,49,8,8,8,8,8,8,True,True,2024040558,modeled-pass
8,8,large-record,4096,candidate-current-npgsqlbatch-set-plus-getmultiple,True,True,16,2,87.5,4088,4088,0,373,381,-2.1447721179624666,16,9,56,49,8,8,8,8,8,8,True,True,-730475570,modeled-pass
8,8,large-record,4096,candidate-chunked-100-npgsqlbatch-set-plus-getmultiple,True,True,16,2,87.5,4088,4088,0,373,388,-4.021447721179625,16,9,56,49,8,8,8,8,8,8,True,True,-730475570,modeled-pass
8,8,large-record,4096,candidate-single-roundtrip-npgsqlbatch-set-and-read,True,True,16,1,93.75,4088,4088,0,373,378,-1.3404825737265416,16,9,56,49,8,8,8,8,8,8,True,True,-730475570,modeled-pass
9,9,small-record,128,candidate-current-npgsqlbatch-set-plus-getmultiple,True,True,18,2,88.88888888888889,3752,4088,-8.955223880597014,162,169,-4.320987654320987,18,10,63,55,9,9,9,9,9,9,True,True,-2015302699,modeled-pass
9,9,small-record,128,candidate-chunked-100-npgsqlbatch-set-plus-getmultiple,True,True,18,2,88.88888888888889,3752,4088,-8.955223880597014,162,167,-3.0864197530864197,18,10,63,55,9,9,9,9,9,9,True,True,-2015302699,modeled-pass
9,9,small-record,128,candidate-single-roundtrip-npgsqlbatch-set-and-read,True,True,18,1,94.44444444444444,3752,4088,-8.955223880597014,162,169,-4.320987654320987,18,10,63,55,9,9,9,9,9,9,True,True,-2015302699,modeled-pass
9,9,medium-record,1024,candidate-current-npgsqlbatch-set-plus-getmultiple,True,True,18,2,88.88888888888889,4088,4088,0,225,255,-13.333333333333334,18,10,63,55,9,9,9,9,9,9,True,True,-1308542122,modeled-pass
9,9,medium-record,1024,candidate-chunked-100-npgsqlbatch-set-plus-getmultiple,True,True,18,2,88.88888888888889,4088,4088,0,225,252,-12,18,10,63,55,9,9,9,9,9,9,True,True,-1308542122,modeled-pass
9,9,medium-record,1024,candidate-single-roundtrip-npgsqlbatch-set-and-read,True,True,18,1,94.44444444444444,4088,4088,0,225,213,5.333333333333333,18,10,63,55,9,9,9,9,9,9,True,True,-1308542122,modeled-pass
9,9,large-record,4096,candidate-current-npgsqlbatch-set-plus-getmultiple,True,True,18,2,88.88888888888889,4088,4088,0,420,420,0,18,10,63,55,9,9,9,9,9,9,True,True,-480888969,modeled-pass
9,9,large-record,4096,candidate-chunked-100-npgsqlbatch-set-plus-getmultiple,True,True,18,2,88.88888888888889,4088,4088,0,420,449,-6.904761904761905,18,10,63,55,9,9,9,9,9,9,True,True,-480888969,modeled-pass
9,9,large-record,4096,candidate-single-roundtrip-npgsqlbatch-set-and-read,True,True,18,1,94.44444444444444,4088,4088,0,420,418,0.47619047619047616,18,10,63,55,9,9,9,9,9,9,True,True,-480888969,modeled-pass
10,10,small-record,128,candidate-current-npgsqlbatch-set-plus-getmultiple,True,True,20,2,90,4088,4088,0,194,201,-3.6082474226804124,20,11,70,61,10,10,10,10,10,10,True,True,1506818932,modeled-pass
10,10,small-record,128,candidate-chunked-100-npgsqlbatch-set-plus-getmultiple,True,True,20,2,90,4088,4088,0,194,201,-3.6082474226804124,20,11,70,61,10,10,10,10,10,10,True,True,1506818932,modeled-pass
10,10,small-record,128,candidate-single-roundtrip-npgsqlbatch-set-and-read,True,True,20,1,95,4088,4088,0,194,197,-1.5463917525773196,20,11,70,61,10,10,10,10,10,10,True,True,1506818932,modeled-pass
10,10,medium-record,1024,candidate-current-npgsqlbatch-set-plus-getmultiple,True,True,20,2,90,4088,4088,0,250,260,-4,20,11,70,61,10,10,10,10,10,10,True,True,239550139,modeled-pass
10,10,medium-record,1024,candidate-chunked-100-npgsqlbatch-set-plus-getmultiple,True,True,20,2,90,4088,4088,0,250,284,-13.6,20,11,70,61,10,10,10,10,10,10,True,True,239550139,modeled-pass
10,10,medium-record,1024,candidate-single-roundtrip-npgsqlbatch-set-and-read,True,True,20,1,95,4088,4088,0,250,330,-32,20,11,70,61,10,10,10,10,10,10,True,True,239550139,modeled-pass
10,10,large-record,4096,candidate-current-npgsqlbatch-set-plus-getmultiple,True,True,20,2,90,4088,4088,0,493,501,-1.6227180527383367,20,11,70,61,10,10,10,10,10,10,True,True,1987610378,modeled-pass
10,10,large-record,4096,candidate-chunked-100-npgsqlbatch-set-plus-getmultiple,True,True,20,2,90,4088,4088,0,493,508,-3.0425963488843815,20,11,70,61,10,10,10,10,10,10,True,True,1987610378,modeled-pass
10,10,large-record,4096,candidate-single-roundtrip-npgsqlbatch-set-and-read,True,True,20,1,95,4088,4088,0,493,507,-2.839756592292089,20,11,70,61,10,10,10,10,10,10,True,True,1987610378,modeled-pass
11,11,small-record,128,candidate-current-npgsqlbatch-set-plus-getmultiple,True,True,22,2,90.9090909090909,4088,4088,0,209,228,-9.090909090909092,22,12,77,67,11,11,11,11,11,11,True,True,246528323,modeled-pass
11,11,small-record,128,candidate-chunked-100-npgsqlbatch-set-plus-getmultiple,True,True,22,2,90.9090909090909,4088,4088,0,209,216,-3.349282296650718,22,12,77,67,11,11,11,11,11,11,True,True,246528323,modeled-pass
11,11,small-record,128,candidate-single-roundtrip-npgsqlbatch-set-and-read,True,True,22,1,95.45454545454545,4088,4088,0,209,207,0.9569377990430622,22,12,77,67,11,11,11,11,11,11,True,True,246528323,modeled-pass
11,11,medium-record,1024,candidate-current-npgsqlbatch-set-plus-getmultiple,True,True,22,2,90.9090909090909,4088,4088,0,278,279,-0.3597122302158273,22,12,77,67,11,11,11,11,11,11,True,True,-720422642,modeled-pass
11,11,medium-record,1024,candidate-chunked-100-npgsqlbatch-set-plus-getmultiple,True,True,22,2,90.9090909090909,4088,4088,0,278,283,-1.7985611510791366,22,12,77,67,11,11,11,11,11,11,True,True,-720422642,modeled-pass
11,11,medium-record,1024,candidate-single-roundtrip-npgsqlbatch-set-and-read,True,True,22,1,95.45454545454545,4088,4088,0,278,289,-3.9568345323741005,22,12,77,67,11,11,11,11,11,11,True,True,-720422642,modeled-pass
11,11,large-record,4096,candidate-current-npgsqlbatch-set-plus-getmultiple,True,True,22,2,90.9090909090909,4088,4088,0,515,513,0.3883495145631068,22,12,77,67,11,11,11,11,11,11,True,True,-1150001497,modeled-pass
11,11,large-record,4096,candidate-chunked-100-npgsqlbatch-set-plus-getmultiple,True,True,22,2,90.9090909090909,4088,4088,0,515,517,-0.3883495145631068,22,12,77,67,11,11,11,11,11,11,True,True,-1150001497,modeled-pass
11,11,large-record,4096,candidate-single-roundtrip-npgsqlbatch-set-and-read,True,True,22,1,95.45454545454545,4088,4088,0,515,521,-1.1650485436893203,22,12,77,67,11,11,11,11,11,11,True,True,-1150001497,modeled-pass
12,12,small-record,128,candidate-current-npgsqlbatch-set-plus-getmultiple,True,True,24,2,91.66666666666667,5432,5432,0,217,223,-2.7649769585253456,24,13,84,73,12,12,12,12,12,12,True,True,1723379174,modeled-pass
12,12,small-record,128,candidate-chunked-100-npgsqlbatch-set-plus-getmultiple,True,True,24,2,91.66666666666667,5432,5432,0,217,226,-4.147465437788019,24,13,84,73,12,12,12,12,12,12,True,True,1723379174,modeled-pass
12,12,small-record,128,candidate-single-roundtrip-npgsqlbatch-set-and-read,True,True,24,1,95.83333333333333,5432,5432,0,217,230,-5.990783410138249,24,13,84,73,12,12,12,12,12,12,True,True,1723379174,modeled-pass
12,12,medium-record,1024,candidate-current-npgsqlbatch-set-plus-getmultiple,True,True,24,2,91.66666666666667,5432,5432,0,306,286,6.5359477124183005,24,13,84,73,12,12,12,12,12,12,True,True,-670941070,modeled-pass
12,12,medium-record,1024,candidate-chunked-100-npgsqlbatch-set-plus-getmultiple,True,True,24,2,91.66666666666667,5432,5432,0,306,312,-1.9607843137254901,24,13,84,73,12,12,12,12,12,12,True,True,-670941070,modeled-pass
12,12,medium-record,1024,candidate-single-roundtrip-npgsqlbatch-set-and-read,True,True,24,1,95.83333333333333,5432,5432,0,306,316,-3.2679738562091503,24,13,84,73,12,12,12,12,12,12,True,True,-670941070,modeled-pass
12,12,large-record,4096,candidate-current-npgsqlbatch-set-plus-getmultiple,True,True,24,2,91.66666666666667,5432,5432,0,564,594,-5.319148936170213,24,13,84,73,12,12,12,12,12,12,True,True,-682926781,modeled-pass
12,12,large-record,4096,candidate-chunked-100-npgsqlbatch-set-plus-getmultiple,True,True,24,2,91.66666666666667,5432,5432,0,564,600,-6.382978723404255,24,13,84,73,12,12,12,12,12,12,True,True,-682926781,modeled-pass
12,12,large-record,4096,candidate-single-roundtrip-npgsqlbatch-set-and-read,True,True,24,1,95.83333333333333,5432,5432,0,564,597,-5.851063829787234,24,13,84,73,12,12,12,12,12,12,True,True,-682926781,modeled-pass
13,13,small-record,128,candidate-current-npgsqlbatch-set-plus-getmultiple,True,True,26,2,92.3076923076923,5432,5432,0,328,218,33.53658536585366,26,14,91,79,13,13,13,13,13,13,True,True,-1642518669,modeled-pass
13,13,small-record,128,candidate-chunked-100-npgsqlbatch-set-plus-getmultiple,True,True,26,2,92.3076923076923,5432,5432,0,328,258,21.341463414634145,26,14,91,79,13,13,13,13,13,13,True,True,-1642518669,modeled-pass
13,13,small-record,128,candidate-single-roundtrip-npgsqlbatch-set-and-read,True,True,26,1,96.15384615384616,5432,5432,0,328,246,25,26,14,91,79,13,13,13,13,13,13,True,True,-1642518669,modeled-pass
13,13,medium-record,1024,candidate-current-npgsqlbatch-set-plus-getmultiple,True,True,26,2,92.3076923076923,5432,5432,0,422,291,31.04265402843602,26,14,91,79,13,13,13,13,13,13,True,True,2135536053,modeled-pass
13,13,medium-record,1024,candidate-chunked-100-npgsqlbatch-set-plus-getmultiple,True,True,26,2,92.3076923076923,5432,5096,6.185567010309279,422,340,19.43127962085308,26,14,91,79,13,13,13,13,13,13,True,True,2135536053,modeled-pass
13,13,medium-record,1024,candidate-single-roundtrip-npgsqlbatch-set-and-read,True,True,26,1,96.15384615384616,5432,5432,0,422,325,22.98578199052133,26,14,91,79,13,13,13,13,13,13,True,True,2135536053,modeled-pass
13,13,large-record,4096,candidate-current-npgsqlbatch-set-plus-getmultiple,True,True,26,2,92.3076923076923,5432,5432,0,601,616,-2.4958402662229617,26,14,91,79,13,13,13,13,13,13,True,True,1883342266,modeled-pass
13,13,large-record,4096,candidate-chunked-100-npgsqlbatch-set-plus-getmultiple,True,True,26,2,92.3076923076923,5432,5432,0,601,633,-5.324459234608985,26,14,91,79,13,13,13,13,13,13,True,True,1883342266,modeled-pass
13,13,large-record,4096,candidate-single-roundtrip-npgsqlbatch-set-and-read,True,True,26,1,96.15384615384616,5432,5432,0,601,605,-0.6655574043261231,26,14,91,79,13,13,13,13,13,13,True,True,1883342266,modeled-pass
14,14,small-record,128,candidate-current-npgsqlbatch-set-plus-getmultiple,True,True,28,2,92.85714285714286,5432,5432,0,246,225,8.536585365853659,28,15,98,85,14,14,14,14,14,14,True,True,1051120433,modeled-pass
14,14,small-record,128,candidate-chunked-100-npgsqlbatch-set-plus-getmultiple,True,True,28,2,92.85714285714286,5432,5432,0,246,234,4.878048780487805,28,15,98,85,14,14,14,14,14,14,True,True,1051120433,modeled-pass
14,14,small-record,128,candidate-single-roundtrip-npgsqlbatch-set-and-read,True,True,28,1,96.42857142857143,5432,5432,0,246,259,-5.284552845528455,28,15,98,85,14,14,14,14,14,14,True,True,1051120433,modeled-pass
14,14,medium-record,1024,candidate-current-npgsqlbatch-set-plus-getmultiple,True,True,28,2,92.85714285714286,5432,5432,0,345,329,4.63768115942029,28,15,98,85,14,14,14,14,14,14,True,True,-1872658478,modeled-pass
14,14,medium-record,1024,candidate-chunked-100-npgsqlbatch-set-plus-getmultiple,True,True,28,2,92.85714285714286,5432,5432,0,345,345,0,28,15,98,85,14,14,14,14,14,14,True,True,-1872658478,modeled-pass
14,14,medium-record,1024,candidate-single-roundtrip-npgsqlbatch-set-and-read,True,True,28,1,96.42857142857143,5432,5432,0,345,329,4.63768115942029,28,15,98,85,14,14,14,14,14,14,True,True,-1872658478,modeled-pass
14,14,large-record,4096,candidate-current-npgsqlbatch-set-plus-getmultiple,True,True,28,2,92.85714285714286,5432,5432,0,666,662,0.6006006006006006,28,15,98,85,14,14,14,14,14,14,True,True,-1541491130,modeled-pass
14,14,large-record,4096,candidate-chunked-100-npgsqlbatch-set-plus-getmultiple,True,True,28,2,92.85714285714286,5432,5432,0,666,677,-1.6516516516516517,28,15,98,85,14,14,14,14,14,14,True,True,-1541491130,modeled-pass
14,14,large-record,4096,candidate-single-roundtrip-npgsqlbatch-set-and-read,True,True,28,1,96.42857142857143,5432,5432,0,666,642,3.6036036036036037,28,15,98,85,14,14,14,14,14,14,True,True,-1541491130,modeled-pass
15,15,small-record,128,candidate-current-npgsqlbatch-set-plus-getmultiple,True,True,30,2,93.33333333333333,5432,5432,0,263,264,-0.38022813688212925,30,16,105,91,15,15,15,15,15,15,True,True,581324621,modeled-pass
15,15,small-record,128,candidate-chunked-100-npgsqlbatch-set-plus-getmultiple,True,True,30,2,93.33333333333333,5432,5432,0,263,268,-1.9011406844106464,30,16,105,91,15,15,15,15,15,15,True,True,581324621,modeled-pass
15,15,small-record,128,candidate-single-roundtrip-npgsqlbatch-set-and-read,True,True,30,1,96.66666666666667,5432,5432,0,263,250,4.942965779467681,30,16,105,91,15,15,15,15,15,15,True,True,581324621,modeled-pass
15,15,medium-record,1024,candidate-current-npgsqlbatch-set-plus-getmultiple,True,True,30,2,93.33333333333333,5432,5432,0,374,344,8.02139037433155,30,16,105,91,15,15,15,15,15,15,True,True,-415564294,modeled-pass
15,15,medium-record,1024,candidate-chunked-100-npgsqlbatch-set-plus-getmultiple,True,True,30,2,93.33333333333333,5432,5432,0,374,346,7.4866310160427805,30,16,105,91,15,15,15,15,15,15,True,True,-415564294,modeled-pass
15,15,medium-record,1024,candidate-single-roundtrip-npgsqlbatch-set-and-read,True,True,30,1,96.66666666666667,5432,5432,0,374,336,10.16042780748663,30,16,105,91,15,15,15,15,15,15,True,True,-415564294,modeled-pass
15,15,large-record,4096,candidate-current-npgsqlbatch-set-plus-getmultiple,True,True,30,2,93.33333333333333,5432,5432,0,702,668,4.843304843304844,30,16,105,91,15,15,15,15,15,15,True,True,-1822986918,modeled-pass
15,15,large-record,4096,candidate-chunked-100-npgsqlbatch-set-plus-getmultiple,True,True,30,2,93.33333333333333,5432,5432,0,702,714,-1.7094017094017093,30,16,105,91,15,15,15,15,15,15,True,True,-1822986918,modeled-pass
15,15,large-record,4096,candidate-single-roundtrip-npgsqlbatch-set-and-read,True,True,30,1,96.66666666666667,5432,5432,0,702,716,-1.9943019943019944,30,16,105,91,15,15,15,15,15,15,True,True,-1822986918,modeled-pass
16,16,small-record,128,candidate-current-npgsqlbatch-set-plus-getmultiple,True,True,32,2,93.75,5432,5432,0,266,278,-4.511278195488722,32,17,112,97,16,16,16,16,16,16,True,True,1787661106,modeled-pass
16,16,small-record,128,candidate-chunked-100-npgsqlbatch-set-plus-getmultiple,True,True,32,2,93.75,5432,5432,0,266,289,-8.646616541353383,32,17,112,97,16,16,16,16,16,16,True,True,1787661106,modeled-pass
16,16,small-record,128,candidate-single-roundtrip-npgsqlbatch-set-and-read,True,True,32,1,96.875,5432,5432,0,266,261,1.8796992481203008,32,17,112,97,16,16,16,16,16,16,True,True,1787661106,modeled-pass
16,16,medium-record,1024,candidate-current-npgsqlbatch-set-plus-getmultiple,True,True,32,2,93.75,5432,5432,0,363,408,-12.396694214876034,32,17,112,97,16,16,16,16,16,16,True,True,157309982,modeled-pass
16,16,medium-record,1024,candidate-chunked-100-npgsqlbatch-set-plus-getmultiple,True,True,32,2,93.75,5432,5432,0,363,411,-13.223140495867769,32,17,112,97,16,16,16,16,16,16,True,True,157309982,modeled-pass
16,16,medium-record,1024,candidate-single-roundtrip-npgsqlbatch-set-and-read,True,True,32,1,96.875,5432,5432,0,363,379,-4.40771349862259,32,17,112,97,16,16,16,16,16,16,True,True,157309982,modeled-pass
16,16,large-record,4096,candidate-current-npgsqlbatch-set-plus-getmultiple,True,True,32,2,93.75,5432,5432,0,755,688,8.874172185430464,32,17,112,97,16,16,16,16,16,16,True,True,1349138651,modeled-pass
16,16,large-record,4096,candidate-chunked-100-npgsqlbatch-set-plus-getmultiple,True,True,32,2,93.75,5432,5432,0,755,724,4.105960264900662,32,17,112,97,16,16,16,16,16,16,True,True,1349138651,modeled-pass
16,16,large-record,4096,candidate-single-roundtrip-npgsqlbatch-set-and-read,True,True,32,1,96.875,5432,5432,0,755,760,-0.6622516556291391,32,17,112,97,16,16,16,16,16,16,True,True,1349138651,modeled-pass
17,17,small-record,128,candidate-current-npgsqlbatch-set-plus-getmultiple,True,True,34,2,94.11764705882354,5432,5432,0,280,278,0.7142857142857143,34,18,119,103,17,17,17,17,17,17,True,True,-1338589343,modeled-pass
17,17,small-record,128,candidate-chunked-100-npgsqlbatch-set-plus-getmultiple,True,True,34,2,94.11764705882354,5432,5432,0,280,318,-13.571428571428571,34,18,119,103,17,17,17,17,17,17,True,True,-1338589343,modeled-pass
17,17,small-record,128,candidate-single-roundtrip-npgsqlbatch-set-and-read,True,True,34,1,97.05882352941177,5432,5432,0,280,322,-15,34,18,119,103,17,17,17,17,17,17,True,True,-1338589343,modeled-pass
17,17,medium-record,1024,candidate-current-npgsqlbatch-set-plus-getmultiple,True,True,34,2,94.11764705882354,5432,5432,0,473,435,8.033826638477802,34,18,119,103,17,17,17,17,17,17,True,True,-794519877,modeled-pass
17,17,medium-record,1024,candidate-chunked-100-npgsqlbatch-set-plus-getmultiple,True,True,34,2,94.11764705882354,5432,5432,0,473,423,10.570824524312897,34,18,119,103,17,17,17,17,17,17,True,True,-794519877,modeled-pass
17,17,medium-record,1024,candidate-single-roundtrip-npgsqlbatch-set-and-read,True,True,34,1,97.05882352941177,5432,5432,0,473,415,12.26215644820296,34,18,119,103,17,17,17,17,17,17,True,True,-794519877,modeled-pass
17,17,large-record,4096,candidate-current-npgsqlbatch-set-plus-getmultiple,True,True,34,2,94.11764705882354,5432,5432,0,786,829,-5.470737913486005,34,18,119,103,17,17,17,17,17,17,True,True,1568368208,modeled-pass
17,17,large-record,4096,candidate-chunked-100-npgsqlbatch-set-plus-getmultiple,True,True,34,2,94.11764705882354,5432,5432,0,786,796,-1.272264631043257,34,18,119,103,17,17,17,17,17,17,True,True,1568368208,modeled-pass
17,17,large-record,4096,candidate-single-roundtrip-npgsqlbatch-set-and-read,True,True,34,1,97.05882352941177,5432,5432,0,786,742,5.597964376590331,34,18,119,103,17,17,17,17,17,17,True,True,1568368208,modeled-pass
18,18,small-record,128,candidate-current-npgsqlbatch-set-plus-getmultiple,True,True,36,2,94.44444444444444,6776,6776,0,303,491,-62.04620462046205,36,19,126,109,18,18,18,18,18,18,True,True,-1472053172,modeled-pass
18,18,small-record,128,candidate-chunked-100-npgsqlbatch-set-plus-getmultiple,True,True,36,2,94.44444444444444,6776,6776,0,303,320,-5.6105610561056105,36,19,126,109,18,18,18,18,18,18,True,True,-1472053172,modeled-pass
18,18,small-record,128,candidate-single-roundtrip-npgsqlbatch-set-and-read,True,True,36,1,97.22222222222223,6776,6776,0,303,303,0,36,19,126,109,18,18,18,18,18,18,True,True,-1472053172,modeled-pass
18,18,medium-record,1024,candidate-current-npgsqlbatch-set-plus-getmultiple,True,True,36,2,94.44444444444444,6776,6776,0,447,455,-1.7897091722595078,36,19,126,109,18,18,18,18,18,18,True,True,2002038843,modeled-pass
18,18,medium-record,1024,candidate-chunked-100-npgsqlbatch-set-plus-getmultiple,True,True,36,2,94.44444444444444,6776,6776,0,447,425,4.921700223713646,36,19,126,109,18,18,18,18,18,18,True,True,2002038843,modeled-pass
18,18,medium-record,1024,candidate-single-roundtrip-npgsqlbatch-set-and-read,True,True,36,1,97.22222222222223,6776,6776,0,447,434,2.9082774049217,36,19,126,109,18,18,18,18,18,18,True,True,2002038843,modeled-pass
18,18,large-record,4096,candidate-current-npgsqlbatch-set-plus-getmultiple,True,True,36,2,94.44444444444444,6776,6776,0,809,811,-0.24721878862793573,36,19,126,109,18,18,18,18,18,18,True,True,-1764657125,modeled-pass
18,18,large-record,4096,candidate-chunked-100-npgsqlbatch-set-plus-getmultiple,True,True,36,2,94.44444444444444,6776,6776,0,809,822,-1.6069221260815822,36,19,126,109,18,18,18,18,18,18,True,True,-1764657125,modeled-pass
18,18,large-record,4096,candidate-single-roundtrip-npgsqlbatch-set-and-read,True,True,36,1,97.22222222222223,6776,6776,0,809,866,-7.045735475896168,36,19,126,109,18,18,18,18,18,18,True,True,-1764657125,modeled-pass
19,19,small-record,128,candidate-current-npgsqlbatch-set-plus-getmultiple,True,True,38,2,94.73684210526316,6776,6776,0,332,326,1.8072289156626506,38,20,133,115,19,19,19,19,19,19,True,True,-278205025,modeled-pass
19,19,small-record,128,candidate-chunked-100-npgsqlbatch-set-plus-getmultiple,True,True,38,2,94.73684210526316,6776,6776,0,332,345,-3.9156626506024095,38,20,133,115,19,19,19,19,19,19,True,True,-278205025,modeled-pass
19,19,small-record,128,candidate-single-roundtrip-npgsqlbatch-set-and-read,True,True,38,1,97.36842105263158,6776,6776,0,332,310,6.626506024096385,38,20,133,115,19,19,19,19,19,19,True,True,-278205025,modeled-pass
19,19,medium-record,1024,candidate-current-npgsqlbatch-set-plus-getmultiple,True,True,38,2,94.73684210526316,6776,6776,0,433,431,0.4618937644341801,38,20,133,115,19,19,19,19,19,19,True,True,-515619929,modeled-pass
19,19,medium-record,1024,candidate-chunked-100-npgsqlbatch-set-plus-getmultiple,True,True,38,2,94.73684210526316,6776,6776,0,433,438,-1.1547344110854503,38,20,133,115,19,19,19,19,19,19,True,True,-515619929,modeled-pass
19,19,medium-record,1024,candidate-single-roundtrip-npgsqlbatch-set-and-read,True,True,38,1,97.36842105263158,6776,6776,0,433,460,-6.235565819861431,38,20,133,115,19,19,19,19,19,19,True,True,-515619929,modeled-pass
19,19,large-record,4096,candidate-current-npgsqlbatch-set-plus-getmultiple,True,True,38,2,94.73684210526316,6776,6776,0,833,898,-7.8031212484994,38,20,133,115,19,19,19,19,19,19,True,True,809807524,modeled-pass
19,19,large-record,4096,candidate-chunked-100-npgsqlbatch-set-plus-getmultiple,True,True,38,2,94.73684210526316,6776,6776,0,833,883,-6.002400960384153,38,20,133,115,19,19,19,19,19,19,True,True,809807524,modeled-pass
19,19,large-record,4096,candidate-single-roundtrip-npgsqlbatch-set-and-read,True,True,38,1,97.36842105263158,6776,6776,0,833,918,-10.204081632653061,38,20,133,115,19,19,19,19,19,19,True,True,809807524,modeled-pass
20,20,small-record,128,candidate-current-npgsqlbatch-set-plus-getmultiple,True,True,40,2,95,6776,6776,0,322,351,-9.006211180124224,40,21,140,121,20,20,20,20,20,20,True,True,-197509753,modeled-pass
20,20,small-record,128,candidate-chunked-100-npgsqlbatch-set-plus-getmultiple,True,True,40,2,95,6776,6776,0,322,334,-3.7267080745341614,40,21,140,121,20,20,20,20,20,20,True,True,-197509753,modeled-pass
20,20,small-record,128,candidate-single-roundtrip-npgsqlbatch-set-and-read,True,True,40,1,97.5,6776,6776,0,322,363,-12.732919254658386,40,21,140,121,20,20,20,20,20,20,True,True,-197509753,modeled-pass
20,20,medium-record,1024,candidate-current-npgsqlbatch-set-plus-getmultiple,True,True,40,2,95,6776,6776,0,478,469,1.8828451882845187,40,21,140,121,20,20,20,20,20,20,True,True,724207388,modeled-pass
20,20,medium-record,1024,candidate-chunked-100-npgsqlbatch-set-plus-getmultiple,True,True,40,2,95,6776,6776,0,478,466,2.510460251046025,40,21,140,121,20,20,20,20,20,20,True,True,724207388,modeled-pass
20,20,medium-record,1024,candidate-single-roundtrip-npgsqlbatch-set-and-read,True,True,40,1,97.5,6776,6776,0,478,483,-1.0460251046025104,40,21,140,121,20,20,20,20,20,20,True,True,724207388,modeled-pass
20,20,large-record,4096,candidate-current-npgsqlbatch-set-plus-getmultiple,True,True,40,2,95,6776,6776,0,894,907,-1.45413870246085,40,21,140,121,20,20,20,20,20,20,True,True,264392381,modeled-pass
20,20,large-record,4096,candidate-chunked-100-npgsqlbatch-set-plus-getmultiple,True,True,40,2,95,6776,6776,0,894,967,-8.165548098434005,40,21,140,121,20,20,20,20,20,20,True,True,264392381,modeled-pass
20,20,large-record,4096,candidate-single-roundtrip-npgsqlbatch-set-and-read,True,True,40,1,97.5,6776,6776,0,894,960,-7.382550335570469,40,21,140,121,20,20,20,20,20,20,True,True,264392381,modeled-pass
21,21,small-record,128,candidate-current-npgsqlbatch-set-plus-getmultiple,True,True,42,2,95.23809523809524,6776,6776,0,318,366,-15.09433962264151,42,22,147,127,21,21,21,21,21,21,True,True,-124613292,modeled-pass
21,21,small-record,128,candidate-chunked-100-npgsqlbatch-set-plus-getmultiple,True,True,42,2,95.23809523809524,6776,6776,0,318,384,-20.754716981132077,42,22,147,127,21,21,21,21,21,21,True,True,-124613292,modeled-pass
21,21,small-record,128,candidate-single-roundtrip-npgsqlbatch-set-and-read,True,True,42,1,97.61904761904762,6776,6776,0,318,352,-10.69182389937107,42,22,147,127,21,21,21,21,21,21,True,True,-124613292,modeled-pass
21,21,medium-record,1024,candidate-current-npgsqlbatch-set-plus-getmultiple,True,True,42,2,95.23809523809524,6776,6776,0,498,537,-7.831325301204819,42,22,147,127,21,21,21,21,21,21,True,True,1805753212,modeled-pass
21,21,medium-record,1024,candidate-chunked-100-npgsqlbatch-set-plus-getmultiple,True,True,42,2,95.23809523809524,6776,6776,0,498,538,-8.032128514056225,42,22,147,127,21,21,21,21,21,21,True,True,1805753212,modeled-pass
21,21,medium-record,1024,candidate-single-roundtrip-npgsqlbatch-set-and-read,True,True,42,1,97.61904761904762,6776,6776,0,498,529,-6.224899598393574,42,22,147,127,21,21,21,21,21,21,True,True,1805753212,modeled-pass
21,21,large-record,4096,candidate-current-npgsqlbatch-set-plus-getmultiple,True,True,42,2,95.23809523809524,6776,6776,0,1024,1011,1.26953125,42,22,147,127,21,21,21,21,21,21,True,True,-1652537128,modeled-pass
21,21,large-record,4096,candidate-chunked-100-npgsqlbatch-set-plus-getmultiple,True,True,42,2,95.23809523809524,6776,6776,0,1024,1017,0.68359375,42,22,147,127,21,21,21,21,21,21,True,True,-1652537128,modeled-pass
21,21,large-record,4096,candidate-single-roundtrip-npgsqlbatch-set-and-read,True,True,42,1,97.61904761904762,6776,6776,0,1024,1004,1.953125,42,22,147,127,21,21,21,21,21,21,True,True,-1652537128,modeled-pass
22,22,small-record,128,candidate-current-npgsqlbatch-set-plus-getmultiple,True,True,44,2,95.45454545454545,6776,6776,0,489,451,7.770961145194274,44,23,154,133,22,22,22,22,22,22,True,True,-50005892,modeled-pass
22,22,small-record,128,candidate-chunked-100-npgsqlbatch-set-plus-getmultiple,True,True,44,2,95.45454545454545,6776,6776,0,489,483,1.2269938650306749,44,23,154,133,22,22,22,22,22,22,True,True,-50005892,modeled-pass
22,22,small-record,128,candidate-single-roundtrip-npgsqlbatch-set-and-read,True,True,44,1,97.72727272727273,6776,6776,0,489,409,16.359918200409,44,23,154,133,22,22,22,22,22,22,True,True,-50005892,modeled-pass
22,22,medium-record,1024,candidate-current-npgsqlbatch-set-plus-getmultiple,True,True,44,2,95.45454545454545,6776,6776,0,601,521,13.311148086522463,44,23,154,133,22,22,22,22,22,22,True,True,-95051585,modeled-pass
22,22,medium-record,1024,candidate-chunked-100-npgsqlbatch-set-plus-getmultiple,True,True,44,2,95.45454545454545,6776,6776,0,601,531,11.647254575707155,44,23,154,133,22,22,22,22,22,22,True,True,-95051585,modeled-pass
22,22,medium-record,1024,candidate-single-roundtrip-npgsqlbatch-set-and-read,True,True,44,1,97.72727272727273,6776,6776,0,601,531,11.647254575707155,44,23,154,133,22,22,22,22,22,22,True,True,-95051585,modeled-pass
22,22,large-record,4096,candidate-current-npgsqlbatch-set-plus-getmultiple,True,True,44,2,95.45454545454545,6488,6776,-4.438964241676942,1035,1028,0.6763285024154589,44,23,154,133,22,22,22,22,22,22,True,True,-1449913762,modeled-pass
22,22,large-record,4096,candidate-chunked-100-npgsqlbatch-set-plus-getmultiple,True,True,44,2,95.45454545454545,6488,6776,-4.438964241676942,1035,1005,2.898550724637681,44,23,154,133,22,22,22,22,22,22,True,True,-1449913762,modeled-pass
22,22,large-record,4096,candidate-single-roundtrip-npgsqlbatch-set-and-read,True,True,44,1,97.72727272727273,6488,6776,-4.438964241676942,1035,1019,1.5458937198067633,44,23,154,133,22,22,22,22,22,22,True,True,-1449913762,modeled-pass
23,23,small-record,128,candidate-current-npgsqlbatch-set-plus-getmultiple,True,True,46,2,95.65217391304348,6776,6776,0,383,408,-6.527415143603133,46,24,161,139,23,23,23,23,23,23,True,True,1942303117,modeled-pass
23,23,small-record,128,candidate-chunked-100-npgsqlbatch-set-plus-getmultiple,True,True,46,2,95.65217391304348,6776,6776,0,383,425,-10.966057441253264,46,24,161,139,23,23,23,23,23,23,True,True,1942303117,modeled-pass
23,23,small-record,128,candidate-single-roundtrip-npgsqlbatch-set-and-read,True,True,46,1,97.82608695652173,6776,6776,0,383,495,-29.242819843342037,46,24,161,139,23,23,23,23,23,23,True,True,1942303117,modeled-pass
23,23,medium-record,1024,candidate-current-npgsqlbatch-set-plus-getmultiple,True,True,46,2,95.65217391304348,6776,6776,0,519,578,-11.368015414258188,46,24,161,139,23,23,23,23,23,23,True,True,1510426594,modeled-pass
23,23,medium-record,1024,candidate-chunked-100-npgsqlbatch-set-plus-getmultiple,True,True,46,2,95.65217391304348,6776,6776,0,519,570,-9.826589595375722,46,24,161,139,23,23,23,23,23,23,True,True,1510426594,modeled-pass
23,23,medium-record,1024,candidate-single-roundtrip-npgsqlbatch-set-and-read,True,True,46,1,97.82608695652173,6776,6776,0,519,579,-11.560693641618498,46,24,161,139,23,23,23,23,23,23,True,True,1510426594,modeled-pass
23,23,large-record,4096,candidate-current-npgsqlbatch-set-plus-getmultiple,True,True,46,2,95.65217391304348,6776,6776,0,1074,1055,1.7690875232774674,46,24,161,139,23,23,23,23,23,23,True,True,271087439,modeled-pass
23,23,large-record,4096,candidate-chunked-100-npgsqlbatch-set-plus-getmultiple,True,True,46,2,95.65217391304348,6776,6776,0,1074,1046,2.60707635009311,46,24,161,139,23,23,23,23,23,23,True,True,271087439,modeled-pass
23,23,large-record,4096,candidate-single-roundtrip-npgsqlbatch-set-and-read,True,True,46,1,97.82608695652173,6776,6776,0,1074,1118,-4.0968342644320295,46,24,161,139,23,23,23,23,23,23,True,True,271087439,modeled-pass
24,24,small-record,128,candidate-current-npgsqlbatch-set-plus-getmultiple,True,True,48,2,95.83333333333333,8120,8120,0,402,455,-13.18407960199005,48,25,168,145,24,24,24,24,24,24,True,True,1288329514,modeled-pass
24,24,small-record,128,candidate-chunked-100-npgsqlbatch-set-plus-getmultiple,True,True,48,2,95.83333333333333,8120,8120,0,402,467,-16.16915422885572,48,25,168,145,24,24,24,24,24,24,True,True,1288329514,modeled-pass
24,24,small-record,128,candidate-single-roundtrip-npgsqlbatch-set-and-read,True,True,48,1,97.91666666666667,8120,8120,0,402,426,-5.970149253731344,48,25,168,145,24,24,24,24,24,24,True,True,1288329514,modeled-pass
24,24,medium-record,1024,candidate-current-npgsqlbatch-set-plus-getmultiple,True,True,48,2,95.83333333333333,8120,8120,0,565,600,-6.1946902654867255,48,25,168,145,24,24,24,24,24,24,True,True,124844576,modeled-pass
24,24,medium-record,1024,candidate-chunked-100-npgsqlbatch-set-plus-getmultiple,True,True,48,2,95.83333333333333,8120,8120,0,565,593,-4.95575221238938,48,25,168,145,24,24,24,24,24,24,True,True,124844576,modeled-pass
24,24,medium-record,1024,candidate-single-roundtrip-npgsqlbatch-set-and-read,True,True,48,1,97.91666666666667,8120,8120,0,565,564,0.17699115044247787,48,25,168,145,24,24,24,24,24,24,True,True,124844576,modeled-pass
24,24,large-record,4096,candidate-current-npgsqlbatch-set-plus-getmultiple,True,True,48,2,95.83333333333333,8120,8120,0,1112,1117,-0.44964028776978415,48,25,168,145,24,24,24,24,24,24,True,True,-320849287,modeled-pass
24,24,large-record,4096,candidate-chunked-100-npgsqlbatch-set-plus-getmultiple,True,True,48,2,95.83333333333333,8120,8120,0,1112,1080,2.8776978417266186,48,25,168,145,24,24,24,24,24,24,True,True,-320849287,modeled-pass
24,24,large-record,4096,candidate-single-roundtrip-npgsqlbatch-set-and-read,True,True,48,1,97.91666666666667,8120,8120,0,1112,1085,2.4280575539568345,48,25,168,145,24,24,24,24,24,24,True,True,-320849287,modeled-pass
25,25,small-record,128,candidate-current-npgsqlbatch-set-plus-getmultiple,True,True,50,2,96,8120,8120,0,399,441,-10.526315789473685,50,26,175,151,25,25,25,25,25,25,True,True,1412667419,modeled-pass
25,25,small-record,128,candidate-chunked-100-npgsqlbatch-set-plus-getmultiple,True,True,50,2,96,8120,8120,0,399,473,-18.546365914786968,50,26,175,151,25,25,25,25,25,25,True,True,1412667419,modeled-pass
25,25,small-record,128,candidate-single-roundtrip-npgsqlbatch-set-and-read,True,True,50,1,98,8120,8120,0,399,548,-37.34335839598997,50,26,175,151,25,25,25,25,25,25,True,True,1412667419,modeled-pass
25,25,medium-record,1024,candidate-current-npgsqlbatch-set-plus-getmultiple,True,True,50,2,96,8120,8120,0,563,574,-1.9538188277087034,50,26,175,151,25,25,25,25,25,25,True,True,-64769513,modeled-pass
25,25,medium-record,1024,candidate-chunked-100-npgsqlbatch-set-plus-getmultiple,True,True,50,2,96,8120,8120,0,563,597,-6.039076376554174,50,26,175,151,25,25,25,25,25,25,True,True,-64769513,modeled-pass
25,25,medium-record,1024,candidate-single-roundtrip-npgsqlbatch-set-and-read,True,True,50,1,98,8120,8120,0,563,561,0.3552397868561279,50,26,175,151,25,25,25,25,25,25,True,True,-64769513,modeled-pass
25,25,large-record,4096,candidate-current-npgsqlbatch-set-plus-getmultiple,True,True,50,2,96,8120,8120,0,1239,1239,0,50,26,175,151,25,25,25,25,25,25,True,True,1141001455,modeled-pass
25,25,large-record,4096,candidate-chunked-100-npgsqlbatch-set-plus-getmultiple,True,True,50,2,96,8120,8120,0,1239,1276,-2.9862792574656982,50,26,175,151,25,25,25,25,25,25,True,True,1141001455,modeled-pass
25,25,large-record,4096,candidate-single-roundtrip-npgsqlbatch-set-and-read,True,True,50,1,98,8120,8120,0,1239,1207,2.58272800645682,50,26,175,151,25,25,25,25,25,25,True,True,1141001455,modeled-pass
26,26,small-record,128,candidate-current-npgsqlbatch-set-plus-getmultiple,True,True,52,2,96.15384615384616,8120,8120,0,504,497,1.3888888888888888,52,27,182,157,26,26,26,26,26,26,True,True,-2006196153,modeled-pass
26,26,small-record,128,candidate-chunked-100-npgsqlbatch-set-plus-getmultiple,True,True,52,2,96.15384615384616,8120,8120,0,504,565,-12.103174603174603,52,27,182,157,26,26,26,26,26,26,True,True,-2006196153,modeled-pass
26,26,small-record,128,candidate-single-roundtrip-npgsqlbatch-set-and-read,True,True,52,1,98.07692307692308,8120,8120,0,504,562,-11.507936507936508,52,27,182,157,26,26,26,26,26,26,True,True,-2006196153,modeled-pass
26,26,medium-record,1024,candidate-current-npgsqlbatch-set-plus-getmultiple,True,True,52,2,96.15384615384616,8120,8120,0,2043,641,68.62457170827214,52,27,182,157,26,26,26,26,26,26,True,True,1886706043,modeled-pass
26,26,medium-record,1024,candidate-chunked-100-npgsqlbatch-set-plus-getmultiple,True,True,52,2,96.15384615384616,8120,8120,0,2043,713,65.10034263338228,52,27,182,157,26,26,26,26,26,26,True,True,1886706043,modeled-pass
26,26,medium-record,1024,candidate-single-roundtrip-npgsqlbatch-set-and-read,True,True,52,1,98.07692307692308,8120,8120,0,2043,708,65.34508076358297,52,27,182,157,26,26,26,26,26,26,True,True,1886706043,modeled-pass
26,26,large-record,4096,candidate-current-npgsqlbatch-set-plus-getmultiple,True,True,52,2,96.15384615384616,8120,8120,0,1296,1136,12.345679012345679,52,27,182,157,26,26,26,26,26,26,True,True,-873591855,modeled-pass
26,26,large-record,4096,candidate-chunked-100-npgsqlbatch-set-plus-getmultiple,True,True,52,2,96.15384615384616,8120,8120,0,1296,1251,3.4722222222222223,52,27,182,157,26,26,26,26,26,26,True,True,-873591855,modeled-pass
26,26,large-record,4096,candidate-single-roundtrip-npgsqlbatch-set-and-read,True,True,52,1,98.07692307692308,8120,8120,0,1296,1325,-2.2376543209876543,52,27,182,157,26,26,26,26,26,26,True,True,-873591855,modeled-pass
27,27,small-record,128,candidate-current-npgsqlbatch-set-plus-getmultiple,True,True,54,2,96.29629629629629,8120,8120,0,538,579,-7.620817843866171,54,28,189,163,27,27,27,27,27,27,True,True,-937652825,modeled-pass
27,27,small-record,128,candidate-chunked-100-npgsqlbatch-set-plus-getmultiple,True,True,54,2,96.29629629629629,8120,8120,0,538,569,-5.762081784386617,54,28,189,163,27,27,27,27,27,27,True,True,-937652825,modeled-pass
27,27,small-record,128,candidate-single-roundtrip-npgsqlbatch-set-and-read,True,True,54,1,98.14814814814815,8120,8120,0,538,530,1.486988847583643,54,28,189,163,27,27,27,27,27,27,True,True,-937652825,modeled-pass
27,27,medium-record,1024,candidate-current-npgsqlbatch-set-plus-getmultiple,True,True,54,2,96.29629629629629,8120,8120,0,662,700,-5.740181268882175,54,28,189,163,27,27,27,27,27,27,True,True,1429925602,modeled-pass
27,27,medium-record,1024,candidate-chunked-100-npgsqlbatch-set-plus-getmultiple,True,True,54,2,96.29629629629629,8120,8120,0,662,734,-10.876132930513595,54,28,189,163,27,27,27,27,27,27,True,True,1429925602,modeled-pass
27,27,medium-record,1024,candidate-single-roundtrip-npgsqlbatch-set-and-read,True,True,54,1,98.14814814814815,8120,8120,0,662,643,2.8700906344410875,54,28,189,163,27,27,27,27,27,27,True,True,1429925602,modeled-pass
27,27,large-record,4096,candidate-current-npgsqlbatch-set-plus-getmultiple,True,True,54,2,96.29629629629629,8120,8120,0,1251,1286,-2.797761790567546,54,28,189,163,27,27,27,27,27,27,True,True,-1692222743,modeled-pass
27,27,large-record,4096,candidate-chunked-100-npgsqlbatch-set-plus-getmultiple,True,True,54,2,96.29629629629629,8120,8120,0,1251,1256,-0.3996802557953637,54,28,189,163,27,27,27,27,27,27,True,True,-1692222743,modeled-pass
27,27,large-record,4096,candidate-single-roundtrip-npgsqlbatch-set-and-read,True,True,54,1,98.14814814814815,8120,8120,0,1251,1247,0.31974420463629094,54,28,189,163,27,27,27,27,27,27,True,True,-1692222743,modeled-pass
28,28,small-record,128,candidate-current-npgsqlbatch-set-plus-getmultiple,True,True,56,2,96.42857142857143,8120,8120,0,472,475,-0.635593220338983,56,29,196,169,28,28,28,28,28,28,True,True,-1769023661,modeled-pass
28,28,small-record,128,candidate-chunked-100-npgsqlbatch-set-plus-getmultiple,True,True,56,2,96.42857142857143,8120,8120,0,472,474,-0.423728813559322,56,29,196,169,28,28,28,28,28,28,True,True,-1769023661,modeled-pass
28,28,small-record,128,candidate-single-roundtrip-npgsqlbatch-set-and-read,True,True,56,1,98.21428571428571,8120,8120,0,472,503,-6.567796610169491,56,29,196,169,28,28,28,28,28,28,True,True,-1769023661,modeled-pass
28,28,medium-record,1024,candidate-current-npgsqlbatch-set-plus-getmultiple,True,True,56,2,96.42857142857143,8120,8120,0,630,654,-3.8095238095238093,56,29,196,169,28,28,28,28,28,28,True,True,62333427,modeled-pass
28,28,medium-record,1024,candidate-chunked-100-npgsqlbatch-set-plus-getmultiple,True,True,56,2,96.42857142857143,8120,8120,0,630,706,-12.063492063492063,56,29,196,169,28,28,28,28,28,28,True,True,62333427,modeled-pass
28,28,medium-record,1024,candidate-single-roundtrip-npgsqlbatch-set-and-read,True,True,56,1,98.21428571428571,8120,8120,0,630,692,-9.841269841269842,56,29,196,169,28,28,28,28,28,28,True,True,62333427,modeled-pass
28,28,large-record,4096,candidate-current-npgsqlbatch-set-plus-getmultiple,True,True,56,2,96.42857142857143,8120,8120,0,1309,1287,1.680672268907563,56,29,196,169,28,28,28,28,28,28,True,True,671946957,modeled-pass
28,28,large-record,4096,candidate-chunked-100-npgsqlbatch-set-plus-getmultiple,True,True,56,2,96.42857142857143,8120,8120,0,1309,1258,3.896103896103896,56,29,196,169,28,28,28,28,28,28,True,True,671946957,modeled-pass
28,28,large-record,4096,candidate-single-roundtrip-npgsqlbatch-set-and-read,True,True,56,1,98.21428571428571,8120,8120,0,1309,1072,18.10542398777693,56,29,196,169,28,28,28,28,28,28,True,True,671946957,modeled-pass
29,29,small-record,128,candidate-current-npgsqlbatch-set-plus-getmultiple,True,True,58,2,96.55172413793103,8120,8120,0,1507,524,65.22893165228932,58,30,203,175,29,29,29,29,29,29,True,True,-332374101,modeled-pass
29,29,small-record,128,candidate-chunked-100-npgsqlbatch-set-plus-getmultiple,True,True,58,2,96.55172413793103,8120,8120,0,1507,490,67.48506967485069,58,30,203,175,29,29,29,29,29,29,True,True,-332374101,modeled-pass
29,29,small-record,128,candidate-single-roundtrip-npgsqlbatch-set-and-read,True,True,58,1,98.27586206896552,8120,8120,0,1507,490,67.48506967485069,58,30,203,175,29,29,29,29,29,29,True,True,-332374101,modeled-pass
29,29,medium-record,1024,candidate-current-npgsqlbatch-set-plus-getmultiple,True,True,58,2,96.55172413793103,8120,8120,0,598,644,-7.6923076923076925,58,30,203,175,29,29,29,29,29,29,True,True,-1449364892,modeled-pass
29,29,medium-record,1024,candidate-chunked-100-npgsqlbatch-set-plus-getmultiple,True,True,58,2,96.55172413793103,8120,8120,0,598,714,-19.39799331103679,58,30,203,175,29,29,29,29,29,29,True,True,-1449364892,modeled-pass
29,29,medium-record,1024,candidate-single-roundtrip-npgsqlbatch-set-and-read,True,True,58,1,98.27586206896552,8120,8120,0,598,678,-13.377926421404682,58,30,203,175,29,29,29,29,29,29,True,True,-1449364892,modeled-pass
29,29,large-record,4096,candidate-current-npgsqlbatch-set-plus-getmultiple,True,True,58,2,96.55172413793103,8120,8120,0,1290,1547,-19.92248062015504,58,30,203,175,29,29,29,29,29,29,True,True,-1891382055,modeled-pass
29,29,large-record,4096,candidate-chunked-100-npgsqlbatch-set-plus-getmultiple,True,True,58,2,96.55172413793103,8120,8120,0,1290,1628,-26.2015503875969,58,30,203,175,29,29,29,29,29,29,True,True,-1891382055,modeled-pass
29,29,large-record,4096,candidate-single-roundtrip-npgsqlbatch-set-and-read,True,True,58,1,98.27586206896552,8120,8120,0,1290,1447,-12.170542635658915,58,30,203,175,29,29,29,29,29,29,True,True,-1891382055,modeled-pass
30,30,small-record,128,candidate-current-npgsqlbatch-set-plus-getmultiple,True,True,60,2,96.66666666666667,9912,9912,0,459,495,-7.8431372549019605,60,31,210,181,30,30,30,30,30,30,True,True,-625329484,modeled-pass
30,30,small-record,128,candidate-chunked-100-npgsqlbatch-set-plus-getmultiple,True,True,60,2,96.66666666666667,9912,9912,0,459,546,-18.954248366013072,60,31,210,181,30,30,30,30,30,30,True,True,-625329484,modeled-pass
30,30,small-record,128,candidate-single-roundtrip-npgsqlbatch-set-and-read,True,True,60,1,98.33333333333333,9912,9912,0,459,506,-10.239651416122005,60,31,210,181,30,30,30,30,30,30,True,True,-625329484,modeled-pass
30,30,medium-record,1024,candidate-current-npgsqlbatch-set-plus-getmultiple,True,True,60,2,96.66666666666667,9912,9912,0,723,704,2.627939142461964,60,31,210,181,30,30,30,30,30,30,True,True,807259506,modeled-pass
30,30,medium-record,1024,candidate-chunked-100-npgsqlbatch-set-plus-getmultiple,True,True,60,2,96.66666666666667,9912,9912,0,723,716,0.9681881051175657,60,31,210,181,30,30,30,30,30,30,True,True,807259506,modeled-pass
30,30,medium-record,1024,candidate-single-roundtrip-npgsqlbatch-set-and-read,True,True,60,1,98.33333333333333,9912,9912,0,723,1001,-38.45089903181189,60,31,210,181,30,30,30,30,30,30,True,True,807259506,modeled-pass
30,30,large-record,4096,candidate-current-npgsqlbatch-set-plus-getmultiple,True,True,60,2,96.66666666666667,9912,9912,0,1398,1447,-3.5050071530758227,60,31,210,181,30,30,30,30,30,30,True,True,907910784,modeled-pass
30,30,large-record,4096,candidate-chunked-100-npgsqlbatch-set-plus-getmultiple,True,True,60,2,96.66666666666667,9912,9912,0,1398,1365,2.3605150214592276,60,31,210,181,30,30,30,30,30,30,True,True,907910784,modeled-pass
30,30,large-record,4096,candidate-single-roundtrip-npgsqlbatch-set-and-read,True,True,60,1,98.33333333333333,9912,9912,0,1398,1345,3.7911301859799713,60,31,210,181,30,30,30,30,30,30,True,True,907910784,modeled-pass
31,31,small-record,128,candidate-current-npgsqlbatch-set-plus-getmultiple,True,True,62,2,96.7741935483871,9912,9912,0,510,615,-20.58823529411765,62,32,217,187,31,31,31,31,31,31,True,True,1517230085,modeled-pass
31,31,small-record,128,candidate-chunked-100-npgsqlbatch-set-plus-getmultiple,True,True,62,2,96.7741935483871,9912,9912,0,510,609,-19.41176470588235,62,32,217,187,31,31,31,31,31,31,True,True,1517230085,modeled-pass
31,31,small-record,128,candidate-single-roundtrip-npgsqlbatch-set-and-read,True,True,62,1,98.38709677419355,9912,9912,0,510,573,-12.352941176470589,62,32,217,187,31,31,31,31,31,31,True,True,1517230085,modeled-pass
31,31,medium-record,1024,candidate-current-npgsqlbatch-set-plus-getmultiple,True,True,62,2,96.7741935483871,9912,9912,0,700,806,-15.142857142857142,62,32,217,187,31,31,31,31,31,31,True,True,291311139,modeled-pass
31,31,medium-record,1024,candidate-chunked-100-npgsqlbatch-set-plus-getmultiple,True,True,62,2,96.7741935483871,9912,9912,0,700,862,-23.142857142857142,62,32,217,187,31,31,31,31,31,31,True,True,291311139,modeled-pass
31,31,medium-record,1024,candidate-single-roundtrip-npgsqlbatch-set-and-read,True,True,62,1,98.38709677419355,9912,9912,0,700,784,-12,62,32,217,187,31,31,31,31,31,31,True,True,291311139,modeled-pass
31,31,large-record,4096,candidate-current-npgsqlbatch-set-plus-getmultiple,True,True,62,2,96.7741935483871,9912,9912,0,1390,1454,-4.60431654676259,62,32,217,187,31,31,31,31,31,31,True,True,-431552495,modeled-pass
31,31,large-record,4096,candidate-chunked-100-npgsqlbatch-set-plus-getmultiple,True,True,62,2,96.7741935483871,9912,9912,0,1390,1539,-10.719424460431656,62,32,217,187,31,31,31,31,31,31,True,True,-431552495,modeled-pass
31,31,large-record,4096,candidate-single-roundtrip-npgsqlbatch-set-and-read,True,True,62,1,98.38709677419355,9912,9912,0,1390,1522,-9.496402877697841,62,32,217,187,31,31,31,31,31,31,True,True,-431552495,modeled-pass
32,32,small-record,128,candidate-current-npgsqlbatch-set-plus-getmultiple,True,True,64,2,96.875,9912,9912,0,514,589,-14.591439688715953,64,33,224,193,32,32,32,32,32,32,True,True,-219630685,modeled-pass
32,32,small-record,128,candidate-chunked-100-npgsqlbatch-set-plus-getmultiple,True,True,64,2,96.875,9912,9912,0,514,601,-16.926070038910506,64,33,224,193,32,32,32,32,32,32,True,True,-219630685,modeled-pass
32,32,small-record,128,candidate-single-roundtrip-npgsqlbatch-set-and-read,True,True,64,1,98.4375,9912,9912,0,514,597,-16.147859922178988,64,33,224,193,32,32,32,32,32,32,True,True,-219630685,modeled-pass
32,32,medium-record,1024,candidate-current-npgsqlbatch-set-plus-getmultiple,True,True,64,2,96.875,9912,9576,3.389830508474576,734,865,-17.847411444141688,64,33,224,193,32,32,32,32,32,32,True,True,-1331635640,modeled-pass
32,32,medium-record,1024,candidate-chunked-100-npgsqlbatch-set-plus-getmultiple,True,True,64,2,96.875,9912,9912,0,734,787,-7.220708446866485,64,33,224,193,32,32,32,32,32,32,True,True,-1331635640,modeled-pass
32,32,medium-record,1024,candidate-single-roundtrip-npgsqlbatch-set-and-read,True,True,64,1,98.4375,9912,9912,0,734,822,-11.989100817438691,64,33,224,193,32,32,32,32,32,32,True,True,-1331635640,modeled-pass
32,32,large-record,4096,candidate-current-npgsqlbatch-set-plus-getmultiple,True,True,64,2,96.875,9912,9912,0,1520,1503,1.118421052631579,64,33,224,193,32,32,32,32,32,32,True,True,-649865888,modeled-pass
32,32,large-record,4096,candidate-chunked-100-npgsqlbatch-set-plus-getmultiple,True,True,64,2,96.875,9912,9912,0,1520,1523,-0.19736842105263158,64,33,224,193,32,32,32,32,32,32,True,True,-649865888,modeled-pass
32,32,large-record,4096,candidate-single-roundtrip-npgsqlbatch-set-and-read,True,True,64,1,98.4375,9912,9576,3.389830508474576,1520,1496,1.5789473684210527,64,33,224,193,32,32,32,32,32,32,True,True,-649865888,modeled-pass
33,33,small-record,128,candidate-current-npgsqlbatch-set-plus-getmultiple,True,True,66,2,96.96969696969697,9912,9912,0,682,629,7.771260997067449,66,34,231,199,33,33,33,33,33,33,True,True,1598703660,modeled-pass
33,33,small-record,128,candidate-chunked-100-npgsqlbatch-set-plus-getmultiple,True,True,66,2,96.96969696969697,9912,9912,0,682,680,0.2932551319648094,66,34,231,199,33,33,33,33,33,33,True,True,1598703660,modeled-pass
33,33,small-record,128,candidate-single-roundtrip-npgsqlbatch-set-and-read,True,True,66,1,98.48484848484848,9912,9912,0,682,658,3.5190615835777126,66,34,231,199,33,33,33,33,33,33,True,True,1598703660,modeled-pass
33,33,medium-record,1024,candidate-current-npgsqlbatch-set-plus-getmultiple,True,True,66,2,96.96969696969697,9912,9912,0,836,884,-5.741626794258373,66,34,231,199,33,33,33,33,33,33,True,True,-550039608,modeled-pass
33,33,medium-record,1024,candidate-chunked-100-npgsqlbatch-set-plus-getmultiple,True,True,66,2,96.96969696969697,9912,9912,0,836,886,-5.980861244019139,66,34,231,199,33,33,33,33,33,33,True,True,-550039608,modeled-pass
33,33,medium-record,1024,candidate-single-roundtrip-npgsqlbatch-set-and-read,True,True,66,1,98.48484848484848,9912,9912,0,836,842,-0.7177033492822966,66,34,231,199,33,33,33,33,33,33,True,True,-550039608,modeled-pass
33,33,large-record,4096,candidate-current-npgsqlbatch-set-plus-getmultiple,True,True,66,2,96.96969696969697,9912,9912,0,1672,1744,-4.30622009569378,66,34,231,199,33,33,33,33,33,33,True,True,1726402288,modeled-pass
33,33,large-record,4096,candidate-chunked-100-npgsqlbatch-set-plus-getmultiple,True,True,66,2,96.96969696969697,9912,9912,0,1672,1575,5.801435406698564,66,34,231,199,33,33,33,33,33,33,True,True,1726402288,modeled-pass
33,33,large-record,4096,candidate-single-roundtrip-npgsqlbatch-set-and-read,True,True,66,1,98.48484848484848,9912,9912,0,1672,1654,1.076555023923445,66,34,231,199,33,33,33,33,33,33,True,True,1726402288,modeled-pass
34,34,small-record,128,candidate-current-npgsqlbatch-set-plus-getmultiple,True,True,68,2,97.05882352941177,9912,9912,0,623,627,-0.6420545746388443,68,35,238,205,34,34,34,34,34,34,True,True,-1908789907,modeled-pass
34,34,small-record,128,candidate-chunked-100-npgsqlbatch-set-plus-getmultiple,True,True,68,2,97.05882352941177,9912,9912,0,623,620,0.48154093097913325,68,35,238,205,34,34,34,34,34,34,True,True,-1908789907,modeled-pass
34,34,small-record,128,candidate-single-roundtrip-npgsqlbatch-set-and-read,True,True,68,1,98.52941176470588,9912,9912,0,623,614,1.4446227929373996,68,35,238,205,34,34,34,34,34,34,True,True,-1908789907,modeled-pass
34,34,medium-record,1024,candidate-current-npgsqlbatch-set-plus-getmultiple,True,True,68,2,97.05882352941177,9912,9912,0,825,856,-3.757575757575758,68,35,238,205,34,34,34,34,34,34,True,True,678047339,modeled-pass
34,34,medium-record,1024,candidate-chunked-100-npgsqlbatch-set-plus-getmultiple,True,True,68,2,97.05882352941177,9912,9912,0,825,812,1.5757575757575757,68,35,238,205,34,34,34,34,34,34,True,True,678047339,modeled-pass
34,34,medium-record,1024,candidate-single-roundtrip-npgsqlbatch-set-and-read,True,True,68,1,98.52941176470588,9912,9912,0,825,828,-0.36363636363636365,68,35,238,205,34,34,34,34,34,34,True,True,678047339,modeled-pass
34,34,large-record,4096,candidate-current-npgsqlbatch-set-plus-getmultiple,True,True,68,2,97.05882352941177,9912,9912,0,1705,1939,-13.72434017595308,68,35,238,205,34,34,34,34,34,34,True,True,1784494168,modeled-pass
34,34,large-record,4096,candidate-chunked-100-npgsqlbatch-set-plus-getmultiple,True,True,68,2,97.05882352941177,9912,9912,0,1705,1636,4.0469208211143695,68,35,238,205,34,34,34,34,34,34,True,True,1784494168,modeled-pass
34,34,large-record,4096,candidate-single-roundtrip-npgsqlbatch-set-and-read,True,True,68,1,98.52941176470588,9912,9912,0,1705,1606,5.806451612903226,68,35,238,205,34,34,34,34,34,34,True,True,1784494168,modeled-pass
35,35,small-record,128,candidate-current-npgsqlbatch-set-plus-getmultiple,True,True,70,2,97.14285714285714,9912,9912,0,578,640,-10.726643598615917,70,36,245,211,35,35,35,35,35,35,True,True,-257529419,modeled-pass
35,35,small-record,128,candidate-chunked-100-npgsqlbatch-set-plus-getmultiple,True,True,70,2,97.14285714285714,9912,9912,0,578,631,-9.16955017301038,70,36,245,211,35,35,35,35,35,35,True,True,-257529419,modeled-pass
35,35,small-record,128,candidate-single-roundtrip-npgsqlbatch-set-and-read,True,True,70,1,98.57142857142857,9912,9912,0,578,640,-10.726643598615917,70,36,245,211,35,35,35,35,35,35,True,True,-257529419,modeled-pass
35,35,medium-record,1024,candidate-current-npgsqlbatch-set-plus-getmultiple,True,True,70,2,97.14285714285714,9912,9912,0,826,857,-3.7530266343825667,70,36,245,211,35,35,35,35,35,35,True,True,179666173,modeled-pass
35,35,medium-record,1024,candidate-chunked-100-npgsqlbatch-set-plus-getmultiple,True,True,70,2,97.14285714285714,9912,9912,0,826,841,-1.8159806295399517,70,36,245,211,35,35,35,35,35,35,True,True,179666173,modeled-pass
35,35,medium-record,1024,candidate-single-roundtrip-npgsqlbatch-set-and-read,True,True,70,1,98.57142857142857,9912,9912,0,826,815,1.3317191283292977,70,36,245,211,35,35,35,35,35,35,True,True,179666173,modeled-pass
35,35,large-record,4096,candidate-current-npgsqlbatch-set-plus-getmultiple,True,True,70,2,97.14285714285714,9912,9912,0,1677,1647,1.7889087656529516,70,36,245,211,35,35,35,35,35,35,True,True,2093371813,modeled-pass
35,35,large-record,4096,candidate-chunked-100-npgsqlbatch-set-plus-getmultiple,True,True,70,2,97.14285714285714,9912,9576,3.389830508474576,1677,1601,4.531902206320811,70,36,245,211,35,35,35,35,35,35,True,True,2093371813,modeled-pass
35,35,large-record,4096,candidate-single-roundtrip-npgsqlbatch-set-and-read,True,True,70,1,98.57142857142857,9912,9912,0,1677,1639,2.2659511031604054,70,36,245,211,35,35,35,35,35,35,True,True,2093371813,modeled-pass
36,36,small-record,128,candidate-current-npgsqlbatch-set-plus-getmultiple,True,True,72,2,97.22222222222223,9912,9912,0,647,696,-7.5734157650695515,72,37,252,217,36,36,36,36,36,36,True,True,240711431,modeled-pass
36,36,small-record,128,candidate-chunked-100-npgsqlbatch-set-plus-getmultiple,True,True,72,2,97.22222222222223,9912,9912,0,647,647,0,72,37,252,217,36,36,36,36,36,36,True,True,240711431,modeled-pass
36,36,small-record,128,candidate-single-roundtrip-npgsqlbatch-set-and-read,True,True,72,1,98.61111111111111,9912,9912,0,647,534,17.465224111282843,72,37,252,217,36,36,36,36,36,36,True,True,240711431,modeled-pass
36,36,medium-record,1024,candidate-current-npgsqlbatch-set-plus-getmultiple,True,True,72,2,97.22222222222223,9912,9912,0,942,920,2.335456475583864,72,37,252,217,36,36,36,36,36,36,True,True,1336976190,modeled-pass
36,36,medium-record,1024,candidate-chunked-100-npgsqlbatch-set-plus-getmultiple,True,True,72,2,97.22222222222223,9912,9912,0,942,1844,-95.75371549893843,72,37,252,217,36,36,36,36,36,36,True,True,1336976190,modeled-pass
36,36,medium-record,1024,candidate-single-roundtrip-npgsqlbatch-set-and-read,True,True,72,1,98.61111111111111,9912,9912,0,942,947,-0.5307855626326964,72,37,252,217,36,36,36,36,36,36,True,True,1336976190,modeled-pass
36,36,large-record,4096,candidate-current-npgsqlbatch-set-plus-getmultiple,True,True,72,2,97.22222222222223,9912,9912,0,1850,1936,-4.648648648648648,72,37,252,217,36,36,36,36,36,36,True,True,-588778090,modeled-pass
36,36,large-record,4096,candidate-chunked-100-npgsqlbatch-set-plus-getmultiple,True,True,72,2,97.22222222222223,9912,9912,0,1850,1659,10.324324324324325,72,37,252,217,36,36,36,36,36,36,True,True,-588778090,modeled-pass
36,36,large-record,4096,candidate-single-roundtrip-npgsqlbatch-set-and-read,True,True,72,1,98.61111111111111,9912,9912,0,1850,1772,4.216216216216216,72,37,252,217,36,36,36,36,36,36,True,True,-588778090,modeled-pass
37,37,small-record,128,candidate-current-npgsqlbatch-set-plus-getmultiple,True,True,74,2,97.29729729729729,9912,9912,0,683,656,3.953147877013177,74,38,259,223,37,37,37,37,37,37,True,True,-936900158,modeled-pass
37,37,small-record,128,candidate-chunked-100-npgsqlbatch-set-plus-getmultiple,True,True,74,2,97.29729729729729,9912,9912,0,683,662,3.074670571010249,74,38,259,223,37,37,37,37,37,37,True,True,-936900158,modeled-pass
37,37,small-record,128,candidate-single-roundtrip-npgsqlbatch-set-and-read,True,True,74,1,98.64864864864865,9912,9912,0,683,788,-15.373352855051245,74,38,259,223,37,37,37,37,37,37,True,True,-936900158,modeled-pass
37,37,medium-record,1024,candidate-current-npgsqlbatch-set-plus-getmultiple,True,True,74,2,97.29729729729729,9912,9912,0,1018,998,1.9646365422396856,74,38,259,223,37,37,37,37,37,37,True,True,578183684,modeled-pass
37,37,medium-record,1024,candidate-chunked-100-npgsqlbatch-set-plus-getmultiple,True,True,74,2,97.29729729729729,9912,9912,0,1018,978,3.9292730844793713,74,38,259,223,37,37,37,37,37,37,True,True,578183684,modeled-pass
37,37,medium-record,1024,candidate-single-roundtrip-npgsqlbatch-set-and-read,True,True,74,1,98.64864864864865,9912,9912,0,1018,1068,-4.911591355599215,74,38,259,223,37,37,37,37,37,37,True,True,578183684,modeled-pass
37,37,large-record,4096,candidate-current-npgsqlbatch-set-plus-getmultiple,True,True,74,2,97.29729729729729,9912,9912,0,1768,1846,-4.411764705882353,74,38,259,223,37,37,37,37,37,37,True,True,-643135194,modeled-pass
37,37,large-record,4096,candidate-chunked-100-npgsqlbatch-set-plus-getmultiple,True,True,74,2,97.29729729729729,9912,9912,0,1768,1892,-7.013574660633484,74,38,259,223,37,37,37,37,37,37,True,True,-643135194,modeled-pass
37,37,large-record,4096,candidate-single-roundtrip-npgsqlbatch-set-and-read,True,True,74,1,98.64864864864865,9912,9912,0,1768,1885,-6.617647058823529,74,38,259,223,37,37,37,37,37,37,True,True,-643135194,modeled-pass
38,38,small-record,128,candidate-current-npgsqlbatch-set-plus-getmultiple,True,True,76,2,97.36842105263158,12152,12152,0,751,823,-9.587217043941411,76,39,266,229,38,38,38,38,38,38,True,True,-438470095,modeled-pass
38,38,small-record,128,candidate-chunked-100-npgsqlbatch-set-plus-getmultiple,True,True,76,2,97.36842105263158,12152,12152,0,751,778,-3.5952063914780292,76,39,266,229,38,38,38,38,38,38,True,True,-438470095,modeled-pass
38,38,small-record,128,candidate-single-roundtrip-npgsqlbatch-set-and-read,True,True,76,1,98.6842105263158,12152,12152,0,751,764,-1.7310252996005326,76,39,266,229,38,38,38,38,38,38,True,True,-438470095,modeled-pass
38,38,medium-record,1024,candidate-current-npgsqlbatch-set-plus-getmultiple,True,True,76,2,97.36842105263158,12152,12152,0,1072,1012,5.597014925373134,76,39,266,229,38,38,38,38,38,38,True,True,-1181998140,modeled-pass
38,38,medium-record,1024,candidate-chunked-100-npgsqlbatch-set-plus-getmultiple,True,True,76,2,97.36842105263158,12152,12152,0,1072,1114,-3.917910447761194,76,39,266,229,38,38,38,38,38,38,True,True,-1181998140,modeled-pass
38,38,medium-record,1024,candidate-single-roundtrip-npgsqlbatch-set-and-read,True,True,76,1,98.6842105263158,12152,12152,0,1072,966,9.888059701492537,76,39,266,229,38,38,38,38,38,38,True,True,-1181998140,modeled-pass
38,38,large-record,4096,candidate-current-npgsqlbatch-set-plus-getmultiple,True,True,76,2,97.36842105263158,12152,12152,0,2073,1848,10.85383502170767,76,39,266,229,38,38,38,38,38,38,True,True,-1251924684,modeled-pass
38,38,large-record,4096,candidate-chunked-100-npgsqlbatch-set-plus-getmultiple,True,True,76,2,97.36842105263158,12152,12152,0,2073,1755,15.340086830680173,76,39,266,229,38,38,38,38,38,38,True,True,-1251924684,modeled-pass
38,38,large-record,4096,candidate-single-roundtrip-npgsqlbatch-set-and-read,True,True,76,1,98.6842105263158,12152,12152,0,2073,1885,9.068982151471298,76,39,266,229,38,38,38,38,38,38,True,True,-1251924684,modeled-pass
39,39,small-record,128,candidate-current-npgsqlbatch-set-plus-getmultiple,True,True,78,2,97.43589743589743,12152,12152,0,814,709,12.899262899262899,78,40,273,235,39,39,39,39,39,39,True,True,-391336021,modeled-pass
39,39,small-record,128,candidate-chunked-100-npgsqlbatch-set-plus-getmultiple,True,True,78,2,97.43589743589743,12152,12152,0,814,752,7.616707616707616,78,40,273,235,39,39,39,39,39,39,True,True,-391336021,modeled-pass
39,39,small-record,128,candidate-single-roundtrip-npgsqlbatch-set-and-read,True,True,78,1,98.71794871794872,12152,12152,0,814,744,8.5995085995086,78,40,273,235,39,39,39,39,39,39,True,True,-391336021,modeled-pass
39,39,medium-record,1024,candidate-current-npgsqlbatch-set-plus-getmultiple,True,True,78,2,97.43589743589743,12152,12152,0,956,1023,-7.00836820083682,78,40,273,235,39,39,39,39,39,39,True,True,-1580756120,modeled-pass
39,39,medium-record,1024,candidate-chunked-100-npgsqlbatch-set-plus-getmultiple,True,True,78,2,97.43589743589743,12152,12152,0,956,987,-3.2426778242677825,78,40,273,235,39,39,39,39,39,39,True,True,-1580756120,modeled-pass
39,39,medium-record,1024,candidate-single-roundtrip-npgsqlbatch-set-and-read,True,True,78,1,98.71794871794872,12152,12152,0,956,1025,-7.2175732217573225,78,40,273,235,39,39,39,39,39,39,True,True,-1580756120,modeled-pass
39,39,large-record,4096,candidate-current-npgsqlbatch-set-plus-getmultiple,True,True,78,2,97.43589743589743,12152,12152,0,1923,1932,-0.46801872074882994,78,40,273,235,39,39,39,39,39,39,True,True,-1731943180,modeled-pass
39,39,large-record,4096,candidate-chunked-100-npgsqlbatch-set-plus-getmultiple,True,True,78,2,97.43589743589743,12152,12152,0,1923,1892,1.6120644825793031,78,40,273,235,39,39,39,39,39,39,True,True,-1731943180,modeled-pass
39,39,large-record,4096,candidate-single-roundtrip-npgsqlbatch-set-and-read,True,True,78,1,98.71794871794872,12152,12152,0,1923,1870,2.7561102444097765,78,40,273,235,39,39,39,39,39,39,True,True,-1731943180,modeled-pass
40,40,small-record,128,candidate-current-npgsqlbatch-set-plus-getmultiple,True,True,80,2,97.5,12152,12152,0,788,855,-8.50253807106599,80,41,280,241,40,40,40,40,40,40,True,True,1088749454,modeled-pass
40,40,small-record,128,candidate-chunked-100-npgsqlbatch-set-plus-getmultiple,True,True,80,2,97.5,12152,12152,0,788,790,-0.25380710659898476,80,41,280,241,40,40,40,40,40,40,True,True,1088749454,modeled-pass
40,40,small-record,128,candidate-single-roundtrip-npgsqlbatch-set-and-read,True,True,80,1,98.75,12152,12152,0,788,812,-3.045685279187817,80,41,280,241,40,40,40,40,40,40,True,True,1088749454,modeled-pass
40,40,medium-record,1024,candidate-current-npgsqlbatch-set-plus-getmultiple,True,True,80,2,97.5,12152,12152,0,1003,1198,-19.441674975074775,80,41,280,241,40,40,40,40,40,40,True,True,416986091,modeled-pass
40,40,medium-record,1024,candidate-chunked-100-npgsqlbatch-set-plus-getmultiple,True,True,80,2,97.5,12152,12152,0,1003,1096,-9.272183449651047,80,41,280,241,40,40,40,40,40,40,True,True,416986091,modeled-pass
40,40,medium-record,1024,candidate-single-roundtrip-npgsqlbatch-set-and-read,True,True,80,1,98.75,12152,12152,0,1003,1041,-3.7886340977068795,80,41,280,241,40,40,40,40,40,40,True,True,416986091,modeled-pass
40,40,large-record,4096,candidate-current-npgsqlbatch-set-plus-getmultiple,True,True,80,2,97.5,12152,12152,0,1576,2317,-47.01776649746193,80,41,280,241,40,40,40,40,40,40,True,True,-610444285,modeled-pass
40,40,large-record,4096,candidate-chunked-100-npgsqlbatch-set-plus-getmultiple,True,True,80,2,97.5,12152,12152,0,1576,1919,-21.763959390862944,80,41,280,241,40,40,40,40,40,40,True,True,-610444285,modeled-pass
40,40,large-record,4096,candidate-single-roundtrip-npgsqlbatch-set-and-read,True,True,80,1,98.75,12152,12152,0,1576,1788,-13.451776649746193,80,41,280,241,40,40,40,40,40,40,True,True,-610444285,modeled-pass
41,41,small-record,128,candidate-current-npgsqlbatch-set-plus-getmultiple,True,True,82,2,97.5609756097561,12152,12152,0,680,595,12.5,82,42,287,247,41,41,41,41,41,41,True,True,-875079680,modeled-pass
41,41,small-record,128,candidate-chunked-100-npgsqlbatch-set-plus-getmultiple,True,True,82,2,97.5609756097561,12152,12152,0,680,652,4.117647058823529,82,42,287,247,41,41,41,41,41,41,True,True,-875079680,modeled-pass
41,41,small-record,128,candidate-single-roundtrip-npgsqlbatch-set-and-read,True,True,82,1,98.78048780487805,12152,12152,0,680,725,-6.617647058823529,82,42,287,247,41,41,41,41,41,41,True,True,-875079680,modeled-pass
41,41,medium-record,1024,candidate-current-npgsqlbatch-set-plus-getmultiple,True,True,82,2,97.5609756097561,12152,12152,0,942,1038,-10.19108280254777,82,42,287,247,41,41,41,41,41,41,True,True,-1253782638,modeled-pass
41,41,medium-record,1024,candidate-chunked-100-npgsqlbatch-set-plus-getmultiple,True,True,82,2,97.5609756097561,12152,12152,0,942,940,0.21231422505307856,82,42,287,247,41,41,41,41,41,41,True,True,-1253782638,modeled-pass
41,41,medium-record,1024,candidate-single-roundtrip-npgsqlbatch-set-and-read,True,True,82,1,98.78048780487805,12152,12152,0,942,1035,-9.872611464968152,82,42,287,247,41,41,41,41,41,41,True,True,-1253782638,modeled-pass
41,41,large-record,4096,candidate-current-npgsqlbatch-set-plus-getmultiple,True,True,82,2,97.5609756097561,11816,12152,-2.843601895734597,1930,1986,-2.901554404145078,82,42,287,247,41,41,41,41,41,41,True,True,401355901,modeled-pass
41,41,large-record,4096,candidate-chunked-100-npgsqlbatch-set-plus-getmultiple,True,True,82,2,97.5609756097561,11816,12152,-2.843601895734597,1930,1840,4.66321243523316,82,42,287,247,41,41,41,41,41,41,True,True,401355901,modeled-pass
41,41,large-record,4096,candidate-single-roundtrip-npgsqlbatch-set-and-read,True,True,82,1,98.78048780487805,11816,12152,-2.843601895734597,1930,1851,4.0932642487046635,82,42,287,247,41,41,41,41,41,41,True,True,401355901,modeled-pass
42,42,small-record,128,candidate-current-npgsqlbatch-set-plus-getmultiple,True,True,84,2,97.61904761904762,12152,12152,0,797,724,9.159347553324968,84,43,294,253,42,42,42,42,42,42,True,True,-2100216467,modeled-pass
42,42,small-record,128,candidate-chunked-100-npgsqlbatch-set-plus-getmultiple,True,True,84,2,97.61904761904762,12152,12152,0,797,706,11.417816813048933,84,43,294,253,42,42,42,42,42,42,True,True,-2100216467,modeled-pass
42,42,small-record,128,candidate-single-roundtrip-npgsqlbatch-set-and-read,True,True,84,1,98.80952380952381,12152,12152,0,797,757,5.018820577164367,84,43,294,253,42,42,42,42,42,42,True,True,-2100216467,modeled-pass
42,42,medium-record,1024,candidate-current-npgsqlbatch-set-plus-getmultiple,True,True,84,2,97.61904761904762,12152,12152,0,1305,1032,20.919540229885058,84,43,294,253,42,42,42,42,42,42,True,True,-751743707,modeled-pass
42,42,medium-record,1024,candidate-chunked-100-npgsqlbatch-set-plus-getmultiple,True,True,84,2,97.61904761904762,12152,12152,0,1305,1018,21.992337164750957,84,43,294,253,42,42,42,42,42,42,True,True,-751743707,modeled-pass
42,42,medium-record,1024,candidate-single-roundtrip-npgsqlbatch-set-and-read,True,True,84,1,98.80952380952381,12152,12152,0,1305,1044,20,84,43,294,253,42,42,42,42,42,42,True,True,-751743707,modeled-pass
42,42,large-record,4096,candidate-current-npgsqlbatch-set-plus-getmultiple,True,True,84,2,97.61904761904762,12152,12152,0,1940,1884,2.88659793814433,84,43,294,253,42,42,42,42,42,42,True,True,565343598,modeled-pass
42,42,large-record,4096,candidate-chunked-100-npgsqlbatch-set-plus-getmultiple,True,True,84,2,97.61904761904762,12152,12152,0,1940,1946,-0.30927835051546393,84,43,294,253,42,42,42,42,42,42,True,True,565343598,modeled-pass
42,42,large-record,4096,candidate-single-roundtrip-npgsqlbatch-set-and-read,True,True,84,1,98.80952380952381,12152,12152,0,1940,1972,-1.6494845360824741,84,43,294,253,42,42,42,42,42,42,True,True,565343598,modeled-pass
43,43,small-record,128,candidate-current-npgsqlbatch-set-plus-getmultiple,True,True,86,2,97.67441860465117,12152,12152,0,749,708,5.473965287049399,86,44,301,259,43,43,43,43,43,43,True,True,928922287,modeled-pass
43,43,small-record,128,candidate-chunked-100-npgsqlbatch-set-plus-getmultiple,True,True,86,2,97.67441860465117,12152,12152,0,749,693,7.4766355140186915,86,44,301,259,43,43,43,43,43,43,True,True,928922287,modeled-pass
43,43,small-record,128,candidate-single-roundtrip-npgsqlbatch-set-and-read,True,True,86,1,98.83720930232558,12152,12152,0,749,741,1.0680907877169559,86,44,301,259,43,43,43,43,43,43,True,True,928922287,modeled-pass
43,43,medium-record,1024,candidate-current-npgsqlbatch-set-plus-getmultiple,True,True,86,2,97.67441860465117,12152,12152,0,1102,1045,5.172413793103448,86,44,301,259,43,43,43,43,43,43,True,True,-215594687,modeled-pass
43,43,medium-record,1024,candidate-chunked-100-npgsqlbatch-set-plus-getmultiple,True,True,86,2,97.67441860465117,12152,12152,0,1102,1075,2.4500907441016335,86,44,301,259,43,43,43,43,43,43,True,True,-215594687,modeled-pass
43,43,medium-record,1024,candidate-single-roundtrip-npgsqlbatch-set-and-read,True,True,86,1,98.83720930232558,12152,12152,0,1102,955,13.339382940108893,86,44,301,259,43,43,43,43,43,43,True,True,-215594687,modeled-pass
43,43,large-record,4096,candidate-current-npgsqlbatch-set-plus-getmultiple,True,True,86,2,97.67441860465117,12152,12152,0,2072,1956,5.598455598455598,86,44,301,259,43,43,43,43,43,43,True,True,-1037500988,modeled-pass
43,43,large-record,4096,candidate-chunked-100-npgsqlbatch-set-plus-getmultiple,True,True,86,2,97.67441860465117,12152,12152,0,2072,2323,-12.113899613899614,86,44,301,259,43,43,43,43,43,43,True,True,-1037500988,modeled-pass
43,43,large-record,4096,candidate-single-roundtrip-npgsqlbatch-set-and-read,True,True,86,1,98.83720930232558,12152,12152,0,2072,2037,1.6891891891891893,86,44,301,259,43,43,43,43,43,43,True,True,-1037500988,modeled-pass
44,44,small-record,128,candidate-current-npgsqlbatch-set-plus-getmultiple,True,True,88,2,97.72727272727273,12152,12152,0,701,726,-3.566333808844508,88,45,308,265,44,44,44,44,44,44,True,True,1126522401,modeled-pass
44,44,small-record,128,candidate-chunked-100-npgsqlbatch-set-plus-getmultiple,True,True,88,2,97.72727272727273,12152,12152,0,701,775,-10.556348074179743,88,45,308,265,44,44,44,44,44,44,True,True,1126522401,modeled-pass
44,44,small-record,128,candidate-single-roundtrip-npgsqlbatch-set-and-read,True,True,88,1,98.86363636363636,12152,12152,0,701,759,-8.273894436519258,88,45,308,265,44,44,44,44,44,44,True,True,1126522401,modeled-pass
44,44,medium-record,1024,candidate-current-npgsqlbatch-set-plus-getmultiple,True,True,88,2,97.72727272727273,12152,12152,0,1028,1063,-3.404669260700389,88,45,308,265,44,44,44,44,44,44,True,True,-1657752459,modeled-pass
44,44,medium-record,1024,candidate-chunked-100-npgsqlbatch-set-plus-getmultiple,True,True,88,2,97.72727272727273,12152,12152,0,1028,1055,-2.6264591439688716,88,45,308,265,44,44,44,44,44,44,True,True,-1657752459,modeled-pass
44,44,medium-record,1024,candidate-single-roundtrip-npgsqlbatch-set-and-read,True,True,88,1,98.86363636363636,12152,12152,0,1028,1063,-3.404669260700389,88,45,308,265,44,44,44,44,44,44,True,True,-1657752459,modeled-pass
44,44,large-record,4096,candidate-current-npgsqlbatch-set-plus-getmultiple,True,True,88,2,97.72727272727273,12152,12152,0,2288,2021,11.66958041958042,88,45,308,265,44,44,44,44,44,44,True,True,1967525721,modeled-pass
44,44,large-record,4096,candidate-chunked-100-npgsqlbatch-set-plus-getmultiple,True,True,88,2,97.72727272727273,12152,12152,0,2288,2237,2.229020979020979,88,45,308,265,44,44,44,44,44,44,True,True,1967525721,modeled-pass
44,44,large-record,4096,candidate-single-roundtrip-npgsqlbatch-set-and-read,True,True,88,1,98.86363636363636,12152,12152,0,2288,2044,10.664335664335665,88,45,308,265,44,44,44,44,44,44,True,True,1967525721,modeled-pass
45,45,small-record,128,candidate-current-npgsqlbatch-set-plus-getmultiple,True,True,90,2,97.77777777777777,12152,12152,0,741,755,-1.8893387314439947,90,46,315,271,45,45,45,45,45,45,True,True,677520430,modeled-pass
45,45,small-record,128,candidate-chunked-100-npgsqlbatch-set-plus-getmultiple,True,True,90,2,97.77777777777777,12152,12152,0,741,770,-3.913630229419703,90,46,315,271,45,45,45,45,45,45,True,True,677520430,modeled-pass
45,45,small-record,128,candidate-single-roundtrip-npgsqlbatch-set-and-read,True,True,90,1,98.88888888888889,12152,12152,0,741,714,3.6437246963562755,90,46,315,271,45,45,45,45,45,45,True,True,677520430,modeled-pass
45,45,medium-record,1024,candidate-current-npgsqlbatch-set-plus-getmultiple,True,True,90,2,97.77777777777777,12152,12152,0,1421,1042,26.671358198451795,90,46,315,271,45,45,45,45,45,45,True,True,1368506658,modeled-pass
45,45,medium-record,1024,candidate-chunked-100-npgsqlbatch-set-plus-getmultiple,True,True,90,2,97.77777777777777,12152,12152,0,1421,1337,5.911330049261084,90,46,315,271,45,45,45,45,45,45,True,True,1368506658,modeled-pass
45,45,medium-record,1024,candidate-single-roundtrip-npgsqlbatch-set-and-read,True,True,90,1,98.88888888888889,12152,12152,0,1421,1404,1.1963406052076002,90,46,315,271,45,45,45,45,45,45,True,True,1368506658,modeled-pass
45,45,large-record,4096,candidate-current-npgsqlbatch-set-plus-getmultiple,True,True,90,2,97.77777777777777,12152,12152,0,2402,4143,-72.48126561199001,90,46,315,271,45,45,45,45,45,45,True,True,-2081089619,modeled-pass
45,45,large-record,4096,candidate-chunked-100-npgsqlbatch-set-plus-getmultiple,True,True,90,2,97.77777777777777,12152,12152,0,2402,2313,3.7052456286427975,90,46,315,271,45,45,45,45,45,45,True,True,-2081089619,modeled-pass
45,45,large-record,4096,candidate-single-roundtrip-npgsqlbatch-set-and-read,True,True,90,1,98.88888888888889,12152,12152,0,2402,2337,2.7060782681099083,90,46,315,271,45,45,45,45,45,45,True,True,-2081089619,modeled-pass
46,46,small-record,128,candidate-current-npgsqlbatch-set-plus-getmultiple,True,True,92,2,97.82608695652173,12152,12152,0,1076,1136,-5.5762081784386615,92,47,322,277,46,46,46,46,46,46,True,True,1933765603,modeled-pass
46,46,small-record,128,candidate-chunked-100-npgsqlbatch-set-plus-getmultiple,True,True,92,2,97.82608695652173,12152,12152,0,1076,968,10.037174721189592,92,47,322,277,46,46,46,46,46,46,True,True,1933765603,modeled-pass
46,46,small-record,128,candidate-single-roundtrip-npgsqlbatch-set-and-read,True,True,92,1,98.91304347826087,12152,12152,0,1076,1092,-1.486988847583643,92,47,322,277,46,46,46,46,46,46,True,True,1933765603,modeled-pass
46,46,medium-record,1024,candidate-current-npgsqlbatch-set-plus-getmultiple,True,True,92,2,97.82608695652173,12152,12152,0,1540,1642,-6.623376623376624,92,47,322,277,46,46,46,46,46,46,True,True,1016634256,modeled-pass
46,46,medium-record,1024,candidate-chunked-100-npgsqlbatch-set-plus-getmultiple,True,True,92,2,97.82608695652173,12152,12152,0,1540,1425,7.467532467532467,92,47,322,277,46,46,46,46,46,46,True,True,1016634256,modeled-pass
46,46,medium-record,1024,candidate-single-roundtrip-npgsqlbatch-set-and-read,True,True,92,1,98.91304347826087,12152,12152,0,1540,1322,14.155844155844155,92,47,322,277,46,46,46,46,46,46,True,True,1016634256,modeled-pass
46,46,large-record,4096,candidate-current-npgsqlbatch-set-plus-getmultiple,True,True,92,2,97.82608695652173,12152,12152,0,2516,2601,-3.3783783783783785,92,47,322,277,46,46,46,46,46,46,True,True,1390237059,modeled-pass
46,46,large-record,4096,candidate-chunked-100-npgsqlbatch-set-plus-getmultiple,True,True,92,2,97.82608695652173,12152,12152,0,2516,2341,6.955484896661368,92,47,322,277,46,46,46,46,46,46,True,True,1390237059,modeled-pass
46,46,large-record,4096,candidate-single-roundtrip-npgsqlbatch-set-and-read,True,True,92,1,98.91304347826087,12152,12152,0,2516,2568,-2.066772655007949,92,47,322,277,46,46,46,46,46,46,True,True,1390237059,modeled-pass
47,47,small-record,128,candidate-current-npgsqlbatch-set-plus-getmultiple,True,True,94,2,97.87234042553192,12152,12152,0,1242,1297,-4.428341384863124,94,48,329,283,47,47,47,47,47,47,True,True,-22631891,modeled-pass
47,47,small-record,128,candidate-chunked-100-npgsqlbatch-set-plus-getmultiple,True,True,94,2,97.87234042553192,12152,12152,0,1242,1358,-9.339774557165862,94,48,329,283,47,47,47,47,47,47,True,True,-22631891,modeled-pass
47,47,small-record,128,candidate-single-roundtrip-npgsqlbatch-set-and-read,True,True,94,1,98.93617021276596,12152,12152,0,1242,1285,-3.4621578099838968,94,48,329,283,47,47,47,47,47,47,True,True,-22631891,modeled-pass
47,47,medium-record,1024,candidate-current-npgsqlbatch-set-plus-getmultiple,True,True,94,2,97.87234042553192,12152,12152,0,1568,1672,-6.63265306122449,94,48,329,283,47,47,47,47,47,47,True,True,-644041119,modeled-pass
47,47,medium-record,1024,candidate-chunked-100-npgsqlbatch-set-plus-getmultiple,True,True,94,2,97.87234042553192,12152,12152,0,1568,1678,-7.01530612244898,94,48,329,283,47,47,47,47,47,47,True,True,-644041119,modeled-pass
47,47,medium-record,1024,candidate-single-roundtrip-npgsqlbatch-set-and-read,True,True,94,1,98.93617021276596,12152,12152,0,1568,1745,-11.28826530612245,94,48,329,283,47,47,47,47,47,47,True,True,-644041119,modeled-pass
47,47,large-record,4096,candidate-current-npgsqlbatch-set-plus-getmultiple,True,True,94,2,97.87234042553192,12152,12152,0,2625,2597,1.0666666666666667,94,48,329,283,47,47,47,47,47,47,True,True,249500967,modeled-pass
47,47,large-record,4096,candidate-chunked-100-npgsqlbatch-set-plus-getmultiple,True,True,94,2,97.87234042553192,12152,12152,0,2625,2184,16.8,94,48,329,283,47,47,47,47,47,47,True,True,249500967,modeled-pass
47,47,large-record,4096,candidate-single-roundtrip-npgsqlbatch-set-and-read,True,True,94,1,98.93617021276596,12152,12152,0,2625,2657,-1.2190476190476192,94,48,329,283,47,47,47,47,47,47,True,True,249500967,modeled-pass
48,48,small-record,128,candidate-current-npgsqlbatch-set-plus-getmultiple,True,True,96,2,97.91666666666667,14840,14840,0,1298,1195,7.935285053929122,96,49,336,289,48,48,48,48,48,48,True,True,192410075,modeled-pass
48,48,small-record,128,candidate-chunked-100-npgsqlbatch-set-plus-getmultiple,True,True,96,2,97.91666666666667,14840,14840,0,1298,1576,-21.417565485362097,96,49,336,289,48,48,48,48,48,48,True,True,192410075,modeled-pass
48,48,small-record,128,candidate-single-roundtrip-npgsqlbatch-set-and-read,True,True,96,1,98.95833333333333,14840,14840,0,1298,1272,2.0030816640986133,96,49,336,289,48,48,48,48,48,48,True,True,192410075,modeled-pass
48,48,medium-record,1024,candidate-current-npgsqlbatch-set-plus-getmultiple,True,True,96,2,97.91666666666667,14840,14840,0,1487,1634,-9.88567585743107,96,49,336,289,48,48,48,48,48,48,True,True,-625614468,modeled-pass
48,48,medium-record,1024,candidate-chunked-100-npgsqlbatch-set-plus-getmultiple,True,True,96,2,97.91666666666667,14840,14840,0,1487,1704,-14.593140551445865,96,49,336,289,48,48,48,48,48,48,True,True,-625614468,modeled-pass
48,48,medium-record,1024,candidate-single-roundtrip-npgsqlbatch-set-and-read,True,True,96,1,98.95833333333333,14840,14840,0,1487,1731,-16.408876933423,96,49,336,289,48,48,48,48,48,48,True,True,-625614468,modeled-pass
48,48,large-record,4096,candidate-current-npgsqlbatch-set-plus-getmultiple,True,True,96,2,97.91666666666667,14840,14840,0,2247,2613,-16.288384512683578,96,49,336,289,48,48,48,48,48,48,True,True,2137891882,modeled-pass
48,48,large-record,4096,candidate-chunked-100-npgsqlbatch-set-plus-getmultiple,True,True,96,2,97.91666666666667,14840,14840,0,2247,2751,-22.429906542056074,96,49,336,289,48,48,48,48,48,48,True,True,2137891882,modeled-pass
48,48,large-record,4096,candidate-single-roundtrip-npgsqlbatch-set-and-read,True,True,96,1,98.95833333333333,14840,14840,0,2247,2830,-25.945705384957723,96,49,336,289,48,48,48,48,48,48,True,True,2137891882,modeled-pass
49,49,small-record,128,candidate-current-npgsqlbatch-set-plus-getmultiple,True,True,98,2,97.95918367346938,14840,14840,0,1221,1446,-18.42751842751843,98,50,343,295,49,49,49,49,49,49,True,True,-1514626107,modeled-pass
49,49,small-record,128,candidate-chunked-100-npgsqlbatch-set-plus-getmultiple,True,True,98,2,97.95918367346938,14840,14840,0,1221,1460,-19.574119574119575,98,50,343,295,49,49,49,49,49,49,True,True,-1514626107,modeled-pass
49,49,small-record,128,candidate-single-roundtrip-npgsqlbatch-set-and-read,True,True,98,1,98.9795918367347,14840,14840,0,1221,3369,-175.92137592137593,98,50,343,295,49,49,49,49,49,49,True,True,-1514626107,modeled-pass
49,49,medium-record,1024,candidate-current-npgsqlbatch-set-plus-getmultiple,True,True,98,2,97.95918367346938,14840,14840,0,1723,1754,-1.7991874637260592,98,50,343,295,49,49,49,49,49,49,True,True,-252728332,modeled-pass
49,49,medium-record,1024,candidate-chunked-100-npgsqlbatch-set-plus-getmultiple,True,True,98,2,97.95918367346938,14840,14840,0,1723,1800,-4.468949506674405,98,50,343,295,49,49,49,49,49,49,True,True,-252728332,modeled-pass
49,49,medium-record,1024,candidate-single-roundtrip-npgsqlbatch-set-and-read,True,True,98,1,98.9795918367347,14840,14840,0,1723,1725,-0.11607661056297155,98,50,343,295,49,49,49,49,49,49,True,True,-252728332,modeled-pass
49,49,large-record,4096,candidate-current-npgsqlbatch-set-plus-getmultiple,True,True,98,2,97.95918367346938,14840,14840,0,2728,2838,-4.032258064516129,98,50,343,295,49,49,49,49,49,49,True,True,1498134061,modeled-pass
49,49,large-record,4096,candidate-chunked-100-npgsqlbatch-set-plus-getmultiple,True,True,98,2,97.95918367346938,14840,14840,0,2728,2787,-2.162756598240469,98,50,343,295,49,49,49,49,49,49,True,True,1498134061,modeled-pass
49,49,large-record,4096,candidate-single-roundtrip-npgsqlbatch-set-and-read,True,True,98,1,98.9795918367347,14840,14504,2.2641509433962264,2728,2642,3.1524926686217007,98,50,343,295,49,49,49,49,49,49,True,True,1498134061,modeled-pass
50,50,small-record,128,candidate-current-npgsqlbatch-set-plus-getmultiple,True,True,100,2,98,14840,14840,0,1405,3478,-147.5444839857651,100,51,350,301,50,50,50,50,50,50,True,True,-2021038981,modeled-pass
50,50,small-record,128,candidate-chunked-100-npgsqlbatch-set-plus-getmultiple,True,True,100,2,98,14840,14840,0,1405,1711,-21.77935943060498,100,51,350,301,50,50,50,50,50,50,True,True,-2021038981,modeled-pass
50,50,small-record,128,candidate-single-roundtrip-npgsqlbatch-set-and-read,True,True,100,1,99,14840,14840,0,1405,1426,-1.4946619217081851,100,51,350,301,50,50,50,50,50,50,True,True,-2021038981,modeled-pass
50,50,medium-record,1024,candidate-current-npgsqlbatch-set-plus-getmultiple,True,True,100,2,98,14840,14840,0,1712,1795,-4.848130841121495,100,51,350,301,50,50,50,50,50,50,True,True,594952927,modeled-pass
50,50,medium-record,1024,candidate-chunked-100-npgsqlbatch-set-plus-getmultiple,True,True,100,2,98,14840,14840,0,1712,1958,-14.369158878504672,100,51,350,301,50,50,50,50,50,50,True,True,594952927,modeled-pass
50,50,medium-record,1024,candidate-single-roundtrip-npgsqlbatch-set-and-read,True,True,100,1,99,14840,14840,0,1712,1706,0.35046728971962615,100,51,350,301,50,50,50,50,50,50,True,True,594952927,modeled-pass
50,50,large-record,4096,candidate-current-npgsqlbatch-set-plus-getmultiple,True,True,100,2,98,14840,14840,0,2990,2955,1.1705685618729098,100,51,350,301,50,50,50,50,50,50,True,True,-1291911048,modeled-pass
50,50,large-record,4096,candidate-chunked-100-npgsqlbatch-set-plus-getmultiple,True,True,100,2,98,14840,14840,0,2990,2885,3.511705685618729,100,51,350,301,50,50,50,50,50,50,True,True,-1291911048,modeled-pass
50,50,large-record,4096,candidate-single-roundtrip-npgsqlbatch-set-and-read,True,True,100,1,99,14840,14840,0,2990,2719,9.063545150501673,100,51,350,301,50,50,50,50,50,50,True,True,-1291911048,modeled-pass
51,51,small-record,128,candidate-current-npgsqlbatch-set-plus-getmultiple,True,True,102,2,98.03921568627452,14840,14840,0,1503,1367,9.048569527611443,102,52,357,307,51,51,51,51,51,51,True,True,-484522926,modeled-pass
51,51,small-record,128,candidate-chunked-100-npgsqlbatch-set-plus-getmultiple,True,True,102,2,98.03921568627452,14840,14840,0,1503,1395,7.18562874251497,102,52,357,307,51,51,51,51,51,51,True,True,-484522926,modeled-pass
51,51,small-record,128,candidate-single-roundtrip-npgsqlbatch-set-and-read,True,True,102,1,99.01960784313725,14840,14840,0,1503,1305,13.173652694610778,102,52,357,307,51,51,51,51,51,51,True,True,-484522926,modeled-pass
51,51,medium-record,1024,candidate-current-npgsqlbatch-set-plus-getmultiple,True,True,102,2,98.03921568627452,14840,14840,0,1594,1965,-23.274780426599747,102,52,357,307,51,51,51,51,51,51,True,True,581691617,modeled-pass
51,51,medium-record,1024,candidate-chunked-100-npgsqlbatch-set-plus-getmultiple,True,True,102,2,98.03921568627452,14840,14840,0,1594,1654,-3.764115432873275,102,52,357,307,51,51,51,51,51,51,True,True,581691617,modeled-pass
51,51,medium-record,1024,candidate-single-roundtrip-npgsqlbatch-set-and-read,True,True,102,1,99.01960784313725,14840,14840,0,1594,1654,-3.764115432873275,102,52,357,307,51,51,51,51,51,51,True,True,581691617,modeled-pass
51,51,large-record,4096,candidate-current-npgsqlbatch-set-plus-getmultiple,True,True,102,2,98.03921568627452,14840,14840,0,3815,2768,27.44429882044561,102,52,357,307,51,51,51,51,51,51,True,True,1909652238,modeled-pass
51,51,large-record,4096,candidate-chunked-100-npgsqlbatch-set-plus-getmultiple,True,True,102,2,98.03921568627452,14840,14840,0,3815,2991,21.598951507208387,102,52,357,307,51,51,51,51,51,51,True,True,1909652238,modeled-pass
51,51,large-record,4096,candidate-single-roundtrip-npgsqlbatch-set-and-read,True,True,102,1,99.01960784313725,14840,14840,0,3815,2869,24.796854521625164,102,52,357,307,51,51,51,51,51,51,True,True,1909652238,modeled-pass
52,52,small-record,128,candidate-current-npgsqlbatch-set-plus-getmultiple,True,True,104,2,98.07692307692308,14840,14840,0,1370,1365,0.36496350364963503,104,53,364,313,52,52,52,52,52,52,True,True,1438094161,modeled-pass
52,52,small-record,128,candidate-chunked-100-npgsqlbatch-set-plus-getmultiple,True,True,104,2,98.07692307692308,14840,14840,0,1370,1443,-5.328467153284672,104,53,364,313,52,52,52,52,52,52,True,True,1438094161,modeled-pass
52,52,small-record,128,candidate-single-roundtrip-npgsqlbatch-set-and-read,True,True,104,1,99.03846153846153,14840,14840,0,1370,1493,-8.978102189781023,104,53,364,313,52,52,52,52,52,52,True,True,1438094161,modeled-pass
52,52,medium-record,1024,candidate-current-npgsqlbatch-set-plus-getmultiple,True,True,104,2,98.07692307692308,14840,14840,0,1561,1755,-12.427930813581037,104,53,364,313,52,52,52,52,52,52,True,True,408107128,modeled-pass
52,52,medium-record,1024,candidate-chunked-100-npgsqlbatch-set-plus-getmultiple,True,True,104,2,98.07692307692308,14840,14840,0,1561,1730,-10.8263933376041,104,53,364,313,52,52,52,52,52,52,True,True,408107128,modeled-pass
52,52,medium-record,1024,candidate-single-roundtrip-npgsqlbatch-set-and-read,True,True,104,1,99.03846153846153,14840,14840,0,1561,1788,-14.541960281870596,104,53,364,313,52,52,52,52,52,52,True,True,408107128,modeled-pass
52,52,large-record,4096,candidate-current-npgsqlbatch-set-plus-getmultiple,True,True,104,2,98.07692307692308,14840,14840,0,2796,2940,-5.150214592274678,104,53,364,313,52,52,52,52,52,52,True,True,1934136493,modeled-pass
52,52,large-record,4096,candidate-chunked-100-npgsqlbatch-set-plus-getmultiple,True,True,104,2,98.07692307692308,14840,14840,0,2796,2932,-4.86409155937053,104,53,364,313,52,52,52,52,52,52,True,True,1934136493,modeled-pass
52,52,large-record,4096,candidate-single-roundtrip-npgsqlbatch-set-and-read,True,True,104,1,99.03846153846153,14840,14840,0,2796,2943,-5.257510729613734,104,53,364,313,52,52,52,52,52,52,True,True,1934136493,modeled-pass
53,53,small-record,128,candidate-current-npgsqlbatch-set-plus-getmultiple,True,True,106,2,98.11320754716981,14840,14840,0,1435,1439,-0.2787456445993031,106,54,371,319,53,53,53,53,53,53,True,True,116389720,modeled-pass
53,53,small-record,128,candidate-chunked-100-npgsqlbatch-set-plus-getmultiple,True,True,106,2,98.11320754716981,14840,14840,0,1435,1448,-0.9059233449477352,106,54,371,319,53,53,53,53,53,53,True,True,116389720,modeled-pass
53,53,small-record,128,candidate-single-roundtrip-npgsqlbatch-set-and-read,True,True,106,1,99.05660377358491,14840,14840,0,1435,1564,-8.989547038327526,106,54,371,319,53,53,53,53,53,53,True,True,116389720,modeled-pass
53,53,medium-record,1024,candidate-current-npgsqlbatch-set-plus-getmultiple,True,True,106,2,98.11320754716981,14840,14840,0,1777,1728,2.7574563871693867,106,54,371,319,53,53,53,53,53,53,True,True,-247970290,modeled-pass
53,53,medium-record,1024,candidate-chunked-100-npgsqlbatch-set-plus-getmultiple,True,True,106,2,98.11320754716981,14840,14840,0,1777,1735,2.3635340461451886,106,54,371,319,53,53,53,53,53,53,True,True,-247970290,modeled-pass
53,53,medium-record,1024,candidate-single-roundtrip-npgsqlbatch-set-and-read,True,True,106,1,99.05660377358491,14840,14840,0,1777,1585,10.80472706809229,106,54,371,319,53,53,53,53,53,53,True,True,-247970290,modeled-pass
53,53,large-record,4096,candidate-current-npgsqlbatch-set-plus-getmultiple,True,True,106,2,98.11320754716981,14840,14840,0,2809,2967,-5.624777500889996,106,54,371,319,53,53,53,53,53,53,True,True,-1213110167,modeled-pass
53,53,large-record,4096,candidate-chunked-100-npgsqlbatch-set-plus-getmultiple,True,True,106,2,98.11320754716981,14840,14840,0,2809,2995,-6.621573513705945,106,54,371,319,53,53,53,53,53,53,True,True,-1213110167,modeled-pass
53,53,large-record,4096,candidate-single-roundtrip-npgsqlbatch-set-and-read,True,True,106,1,99.05660377358491,14840,14840,0,2809,2946,-4.877180491278035,106,54,371,319,53,53,53,53,53,53,True,True,-1213110167,modeled-pass
54,54,small-record,128,candidate-current-npgsqlbatch-set-plus-getmultiple,True,True,108,2,98.14814814814815,14840,14840,0,1461,1473,-0.8213552361396304,108,55,378,325,54,54,54,54,54,54,True,True,-132162552,modeled-pass
54,54,small-record,128,candidate-chunked-100-npgsqlbatch-set-plus-getmultiple,True,True,108,2,98.14814814814815,14840,14840,0,1461,1591,-8.898015058179329,108,55,378,325,54,54,54,54,54,54,True,True,-132162552,modeled-pass
54,54,small-record,128,candidate-single-roundtrip-npgsqlbatch-set-and-read,True,True,108,1,99.07407407407408,14840,14840,0,1461,1458,0.2053388090349076,108,55,378,325,54,54,54,54,54,54,True,True,-132162552,modeled-pass
54,54,medium-record,1024,candidate-current-npgsqlbatch-set-plus-getmultiple,True,True,108,2,98.14814814814815,14840,14840,0,1721,1769,-2.789076118535735,108,55,378,325,54,54,54,54,54,54,True,True,628013581,modeled-pass
54,54,medium-record,1024,candidate-chunked-100-npgsqlbatch-set-plus-getmultiple,True,True,108,2,98.14814814814815,14840,14840,0,1721,1793,-4.1836141778036025,108,55,378,325,54,54,54,54,54,54,True,True,628013581,modeled-pass
54,54,medium-record,1024,candidate-single-roundtrip-npgsqlbatch-set-and-read,True,True,108,1,99.07407407407408,14840,14840,0,1721,1994,-15.862870424171993,108,55,378,325,54,54,54,54,54,54,True,True,628013581,modeled-pass
54,54,large-record,4096,candidate-current-npgsqlbatch-set-plus-getmultiple,True,True,108,2,98.14814814814815,14840,14840,0,2984,2934,1.675603217158177,108,55,378,325,54,54,54,54,54,54,True,True,1490918615,modeled-pass
54,54,large-record,4096,candidate-chunked-100-npgsqlbatch-set-plus-getmultiple,True,True,108,2,98.14814814814815,14840,14840,0,2984,3009,-0.8378016085790885,108,55,378,325,54,54,54,54,54,54,True,True,1490918615,modeled-pass
54,54,large-record,4096,candidate-single-roundtrip-npgsqlbatch-set-and-read,True,True,108,1,99.07407407407408,14840,14840,0,2984,2990,-0.20107238605898123,108,55,378,325,54,54,54,54,54,54,True,True,1490918615,modeled-pass
55,55,small-record,128,candidate-current-npgsqlbatch-set-plus-getmultiple,True,True,110,2,98.18181818181819,14840,14840,0,1546,1489,3.686934023285899,110,56,385,331,55,55,55,55,55,55,True,True,-1473242896,modeled-pass
55,55,small-record,128,candidate-chunked-100-npgsqlbatch-set-plus-getmultiple,True,True,110,2,98.18181818181819,14840,14840,0,1546,1599,-3.428201811125485,110,56,385,331,55,55,55,55,55,55,True,True,-1473242896,modeled-pass
55,55,small-record,128,candidate-single-roundtrip-npgsqlbatch-set-and-read,True,True,110,1,99.0909090909091,14840,14840,0,1546,1504,2.7166882276843465,110,56,385,331,55,55,55,55,55,55,True,True,-1473242896,modeled-pass
55,55,medium-record,1024,candidate-current-npgsqlbatch-set-plus-getmultiple,True,True,110,2,98.18181818181819,14840,14840,0,1889,1876,0.6881948120698782,110,56,385,331,55,55,55,55,55,55,True,True,-150848667,modeled-pass
55,55,medium-record,1024,candidate-chunked-100-npgsqlbatch-set-plus-getmultiple,True,True,110,2,98.18181818181819,14840,14840,0,1889,1835,2.8586553732133404,110,56,385,331,55,55,55,55,55,55,True,True,-150848667,modeled-pass
55,55,medium-record,1024,candidate-single-roundtrip-npgsqlbatch-set-and-read,True,True,110,1,99.0909090909091,14840,14840,0,1889,2088,-10.534674430915828,110,56,385,331,55,55,55,55,55,55,True,True,-150848667,modeled-pass
55,55,large-record,4096,candidate-current-npgsqlbatch-set-plus-getmultiple,True,True,110,2,98.18181818181819,14840,14840,0,3228,3364,-4.2131350681536555,110,56,385,331,55,55,55,55,55,55,True,True,1441476463,modeled-pass
55,55,large-record,4096,candidate-chunked-100-npgsqlbatch-set-plus-getmultiple,True,True,110,2,98.18181818181819,14840,14840,0,3228,3203,0.7744733581164808,110,56,385,331,55,55,55,55,55,55,True,True,1441476463,modeled-pass
55,55,large-record,4096,candidate-single-roundtrip-npgsqlbatch-set-and-read,True,True,110,1,99.0909090909091,14840,14840,0,3228,3196,0.9913258983890955,110,56,385,331,55,55,55,55,55,55,True,True,1441476463,modeled-pass
56,56,small-record,128,candidate-current-npgsqlbatch-set-plus-getmultiple,True,True,112,2,98.21428571428571,14840,14840,0,1516,1472,2.9023746701846966,112,57,392,337,56,56,56,56,56,56,True,True,-392853494,modeled-pass
56,56,small-record,128,candidate-chunked-100-npgsqlbatch-set-plus-getmultiple,True,True,112,2,98.21428571428571,14840,14840,0,1516,1650,-8.839050131926122,112,57,392,337,56,56,56,56,56,56,True,True,-392853494,modeled-pass
56,56,small-record,128,candidate-single-roundtrip-npgsqlbatch-set-and-read,True,True,112,1,99.10714285714286,14840,14840,0,1516,1483,2.1767810026385224,112,57,392,337,56,56,56,56,56,56,True,True,-392853494,modeled-pass
56,56,medium-record,1024,candidate-current-npgsqlbatch-set-plus-getmultiple,True,True,112,2,98.21428571428571,14840,14840,0,1817,1874,-3.1370390753990094,112,57,392,337,56,56,56,56,56,56,True,True,1567552219,modeled-pass
56,56,medium-record,1024,candidate-chunked-100-npgsqlbatch-set-plus-getmultiple,True,True,112,2,98.21428571428571,14840,14840,0,1817,1812,0.275178866263071,112,57,392,337,56,56,56,56,56,56,True,True,1567552219,modeled-pass
56,56,medium-record,1024,candidate-single-roundtrip-npgsqlbatch-set-and-read,True,True,112,1,99.10714285714286,14840,14840,0,1817,1799,0.9906439185470556,112,57,392,337,56,56,56,56,56,56,True,True,1567552219,modeled-pass
56,56,large-record,4096,candidate-current-npgsqlbatch-set-plus-getmultiple,True,True,112,2,98.21428571428571,14840,14840,0,3057,3064,-0.2289826627412496,112,57,392,337,56,56,56,56,56,56,True,True,-149847460,modeled-pass
56,56,large-record,4096,candidate-chunked-100-npgsqlbatch-set-plus-getmultiple,True,True,112,2,98.21428571428571,14840,14840,0,3057,3002,1.7991494929669611,112,57,392,337,56,56,56,56,56,56,True,True,-149847460,modeled-pass
56,56,large-record,4096,candidate-single-roundtrip-npgsqlbatch-set-and-read,True,True,112,1,99.10714285714286,14840,14840,0,3057,2970,2.845927379784102,112,57,392,337,56,56,56,56,56,56,True,True,-149847460,modeled-pass
57,57,small-record,128,candidate-current-npgsqlbatch-set-plus-getmultiple,True,True,114,2,98.24561403508773,14840,14840,0,1460,1459,0.0684931506849315,114,58,399,343,57,57,57,57,57,57,True,True,21262932,modeled-pass
57,57,small-record,128,candidate-chunked-100-npgsqlbatch-set-plus-getmultiple,True,True,114,2,98.24561403508773,14840,14840,0,1460,1485,-1.7123287671232876,114,58,399,343,57,57,57,57,57,57,True,True,21262932,modeled-pass
57,57,small-record,128,candidate-single-roundtrip-npgsqlbatch-set-and-read,True,True,114,1,99.12280701754386,14840,14840,0,1460,1502,-2.8767123287671232,114,58,399,343,57,57,57,57,57,57,True,True,21262932,modeled-pass
57,57,medium-record,1024,candidate-current-npgsqlbatch-set-plus-getmultiple,True,True,114,2,98.24561403508773,14840,14840,0,1993,1996,-0.15052684395383845,114,58,399,343,57,57,57,57,57,57,True,True,-1338554808,modeled-pass
57,57,medium-record,1024,candidate-chunked-100-npgsqlbatch-set-plus-getmultiple,True,True,114,2,98.24561403508773,14840,14840,0,1993,1907,4.315102860010035,114,58,399,343,57,57,57,57,57,57,True,True,-1338554808,modeled-pass
57,57,medium-record,1024,candidate-single-roundtrip-npgsqlbatch-set-and-read,True,True,114,1,99.12280701754386,14840,14840,0,1993,1843,7.526342197691922,114,58,399,343,57,57,57,57,57,57,True,True,-1338554808,modeled-pass
57,57,large-record,4096,candidate-current-npgsqlbatch-set-plus-getmultiple,True,True,114,2,98.24561403508773,14840,14840,0,3047,3075,-0.9189366590088611,114,58,399,343,57,57,57,57,57,57,True,True,802591087,modeled-pass
57,57,large-record,4096,candidate-chunked-100-npgsqlbatch-set-plus-getmultiple,True,True,114,2,98.24561403508773,14840,14840,0,3047,2973,2.4286183130948475,114,58,399,343,57,57,57,57,57,57,True,True,802591087,modeled-pass
57,57,large-record,4096,candidate-single-roundtrip-npgsqlbatch-set-and-read,True,True,114,1,99.12280701754386,14840,14840,0,3047,3576,-17.36133902198884,114,58,399,343,57,57,57,57,57,57,True,True,802591087,modeled-pass
58,58,small-record,128,candidate-current-npgsqlbatch-set-plus-getmultiple,True,True,116,2,98.27586206896552,14840,14840,0,1429,1437,-0.5598320503848845,116,59,406,349,58,58,58,58,58,58,True,True,-1785366259,modeled-pass
58,58,small-record,128,candidate-chunked-100-npgsqlbatch-set-plus-getmultiple,True,True,116,2,98.27586206896552,14840,14840,0,1429,1446,-1.1896431070678797,116,59,406,349,58,58,58,58,58,58,True,True,-1785366259,modeled-pass
58,58,small-record,128,candidate-single-roundtrip-npgsqlbatch-set-and-read,True,True,116,1,99.13793103448276,14840,14840,0,1429,1450,-1.4695591322603219,116,59,406,349,58,58,58,58,58,58,True,True,-1785366259,modeled-pass
58,58,medium-record,1024,candidate-current-npgsqlbatch-set-plus-getmultiple,True,True,116,2,98.27586206896552,14840,14840,0,1815,1827,-0.6611570247933884,116,59,406,349,58,58,58,58,58,58,True,True,1983666553,modeled-pass
58,58,medium-record,1024,candidate-chunked-100-npgsqlbatch-set-plus-getmultiple,True,True,116,2,98.27586206896552,14840,14840,0,1815,1830,-0.8264462809917356,116,59,406,349,58,58,58,58,58,58,True,True,1983666553,modeled-pass
58,58,medium-record,1024,candidate-single-roundtrip-npgsqlbatch-set-and-read,True,True,116,1,99.13793103448276,14840,14840,0,1815,1816,-0.05509641873278237,116,59,406,349,58,58,58,58,58,58,True,True,1983666553,modeled-pass
58,58,large-record,4096,candidate-current-npgsqlbatch-set-plus-getmultiple,True,True,116,2,98.27586206896552,14840,14840,0,3208,3200,0.24937655860349128,116,59,406,349,58,58,58,58,58,58,True,True,2039580345,modeled-pass
58,58,large-record,4096,candidate-chunked-100-npgsqlbatch-set-plus-getmultiple,True,True,116,2,98.27586206896552,14840,14840,0,3208,7944,-147.63092269326683,116,59,406,349,58,58,58,58,58,58,True,True,2039580345,modeled-pass
58,58,large-record,4096,candidate-single-roundtrip-npgsqlbatch-set-and-read,True,True,116,1,99.13793103448276,14840,14840,0,3208,7682,-139.4638403990025,116,59,406,349,58,58,58,58,58,58,True,True,2039580345,modeled-pass
59,59,small-record,128,candidate-current-npgsqlbatch-set-plus-getmultiple,True,True,118,2,98.30508474576271,14840,14840,0,1603,1647,-2.744853399875234,118,60,413,355,59,59,59,59,59,59,True,True,1173111455,modeled-pass
59,59,small-record,128,candidate-chunked-100-npgsqlbatch-set-plus-getmultiple,True,True,118,2,98.30508474576271,14840,14840,0,1603,1643,-2.495321272613849,118,60,413,355,59,59,59,59,59,59,True,True,1173111455,modeled-pass
59,59,small-record,128,candidate-single-roundtrip-npgsqlbatch-set-and-read,True,True,118,1,99.15254237288136,14840,14840,0,1603,1619,-0.9981285090455396,118,60,413,355,59,59,59,59,59,59,True,True,1173111455,modeled-pass
59,59,medium-record,1024,candidate-current-npgsqlbatch-set-plus-getmultiple,True,True,118,2,98.30508474576271,14840,14552,1.940700808625337,3165,2936,7.235387045813586,118,60,413,355,59,59,59,59,59,59,True,True,-130034857,modeled-pass
59,59,medium-record,1024,candidate-chunked-100-npgsqlbatch-set-plus-getmultiple,True,True,118,2,98.30508474576271,14840,14840,0,3165,3049,3.665086887835703,118,60,413,355,59,59,59,59,59,59,True,True,-130034857,modeled-pass
59,59,medium-record,1024,candidate-single-roundtrip-npgsqlbatch-set-and-read,True,True,118,1,99.15254237288136,14840,14840,0,3165,3078,2.748815165876777,118,60,413,355,59,59,59,59,59,59,True,True,-130034857,modeled-pass
59,59,large-record,4096,candidate-current-npgsqlbatch-set-plus-getmultiple,True,True,118,2,98.30508474576271,14840,14840,0,7565,7396,2.233972240581626,118,60,413,355,59,59,59,59,59,59,True,True,1744865743,modeled-pass
59,59,large-record,4096,candidate-chunked-100-npgsqlbatch-set-plus-getmultiple,True,True,118,2,98.30508474576271,14840,14840,0,7565,7237,4.33575677461996,118,60,413,355,59,59,59,59,59,59,True,True,1744865743,modeled-pass
59,59,large-record,4096,candidate-single-roundtrip-npgsqlbatch-set-and-read,True,True,118,1,99.15254237288136,14840,14840,0,7565,7427,1.8241903502974224,118,60,413,355,59,59,59,59,59,59,True,True,1744865743,modeled-pass
60,60,small-record,128,candidate-current-npgsqlbatch-set-plus-getmultiple,True,True,120,2,98.33333333333333,17528,17528,0,1661,1656,0.30102347983142685,120,61,420,361,60,60,60,60,60,60,True,True,-26335968,modeled-pass
60,60,small-record,128,candidate-chunked-100-npgsqlbatch-set-plus-getmultiple,True,True,120,2,98.33333333333333,17528,17528,0,1661,1677,-0.963275135460566,120,61,420,361,60,60,60,60,60,60,True,True,-26335968,modeled-pass
60,60,small-record,128,candidate-single-roundtrip-npgsqlbatch-set-and-read,True,True,120,1,99.16666666666667,17528,17528,0,1661,1770,-6.562311860325106,120,61,420,361,60,60,60,60,60,60,True,True,-26335968,modeled-pass
60,60,medium-record,1024,candidate-current-npgsqlbatch-set-plus-getmultiple,True,True,120,2,98.33333333333333,17528,17528,0,2992,3195,-6.78475935828877,120,61,420,361,60,60,60,60,60,60,True,True,2093568394,modeled-pass
60,60,medium-record,1024,candidate-chunked-100-npgsqlbatch-set-plus-getmultiple,True,True,120,2,98.33333333333333,17528,17528,0,2992,3097,-3.5093582887700534,120,61,420,361,60,60,60,60,60,60,True,True,2093568394,modeled-pass
60,60,medium-record,1024,candidate-single-roundtrip-npgsqlbatch-set-and-read,True,True,120,1,99.16666666666667,17528,17528,0,2992,3012,-0.6684491978609626,120,61,420,361,60,60,60,60,60,60,True,True,2093568394,modeled-pass
60,60,large-record,4096,candidate-current-npgsqlbatch-set-plus-getmultiple,True,True,120,2,98.33333333333333,17528,17528,0,7473,7520,-0.6289308176100629,120,61,420,361,60,60,60,60,60,60,True,True,-1038499535,modeled-pass
60,60,large-record,4096,candidate-chunked-100-npgsqlbatch-set-plus-getmultiple,True,True,120,2,98.33333333333333,17528,17528,0,7473,7350,1.6459253311922923,120,61,420,361,60,60,60,60,60,60,True,True,-1038499535,modeled-pass
60,60,large-record,4096,candidate-single-roundtrip-npgsqlbatch-set-and-read,True,True,120,1,99.16666666666667,17528,17528,0,7473,6290,15.83032249431286,120,61,420,361,60,60,60,60,60,60,True,True,-1038499535,modeled-pass
61,61,small-record,128,candidate-current-npgsqlbatch-set-plus-getmultiple,True,True,122,2,98.36065573770492,17528,17528,0,1730,1768,-2.1965317919075145,122,62,427,367,61,61,61,61,61,61,True,True,1663837252,modeled-pass
61,61,small-record,128,candidate-chunked-100-npgsqlbatch-set-plus-getmultiple,True,True,122,2,98.36065573770492,17528,17528,0,1730,1773,-2.485549132947977,122,62,427,367,61,61,61,61,61,61,True,True,1663837252,modeled-pass
61,61,small-record,128,candidate-single-roundtrip-npgsqlbatch-set-and-read,True,True,122,1,99.18032786885246,17528,17528,0,1730,1784,-3.121387283236994,122,62,427,367,61,61,61,61,61,61,True,True,1663837252,modeled-pass
61,61,medium-record,1024,candidate-current-npgsqlbatch-set-plus-getmultiple,True,True,122,2,98.36065573770492,17528,17528,0,3085,3102,-0.5510534846029174,122,62,427,367,61,61,61,61,61,61,True,True,-1966983398,modeled-pass
61,61,medium-record,1024,candidate-chunked-100-npgsqlbatch-set-plus-getmultiple,True,True,122,2,98.36065573770492,17528,17528,0,3085,3105,-0.6482982171799028,122,62,427,367,61,61,61,61,61,61,True,True,-1966983398,modeled-pass
61,61,medium-record,1024,candidate-single-roundtrip-npgsqlbatch-set-and-read,True,True,122,1,99.18032786885246,17528,17528,0,3085,3095,-0.3241491085899514,122,62,427,367,61,61,61,61,61,61,True,True,-1966983398,modeled-pass
61,61,large-record,4096,candidate-current-npgsqlbatch-set-plus-getmultiple,True,True,122,2,98.36065573770492,17528,17528,0,7901,7523,4.7842045310720165,122,62,427,367,61,61,61,61,61,61,True,True,-504745881,modeled-pass
61,61,large-record,4096,candidate-chunked-100-npgsqlbatch-set-plus-getmultiple,True,True,122,2,98.36065573770492,17528,17528,0,7901,7542,4.543728641944058,122,62,427,367,61,61,61,61,61,61,True,True,-504745881,modeled-pass
61,61,large-record,4096,candidate-single-roundtrip-npgsqlbatch-set-and-read,True,True,122,1,99.18032786885246,17528,17528,0,7901,7542,4.543728641944058,122,62,427,367,61,61,61,61,61,61,True,True,-504745881,modeled-pass
62,62,small-record,128,candidate-current-npgsqlbatch-set-plus-getmultiple,True,True,124,2,98.38709677419355,17528,17528,0,1778,1801,-1.2935883014623173,124,63,434,373,62,62,62,62,62,62,True,True,-1610482597,modeled-pass
62,62,small-record,128,candidate-chunked-100-npgsqlbatch-set-plus-getmultiple,True,True,124,2,98.38709677419355,17528,17528,0,1778,1803,-1.40607424071991,124,63,434,373,62,62,62,62,62,62,True,True,-1610482597,modeled-pass
62,62,small-record,128,candidate-single-roundtrip-npgsqlbatch-set-and-read,True,True,124,1,99.19354838709677,17528,17528,0,1778,1566,11.923509561304837,124,63,434,373,62,62,62,62,62,62,True,True,-1610482597,modeled-pass
62,62,medium-record,1024,candidate-current-npgsqlbatch-set-plus-getmultiple,True,True,124,2,98.38709677419355,17528,17528,0,3320,3197,3.7048192771084336,124,63,434,373,62,62,62,62,62,62,True,True,-2115878753,modeled-pass
62,62,medium-record,1024,candidate-chunked-100-npgsqlbatch-set-plus-getmultiple,True,True,124,2,98.38709677419355,17528,17528,0,3320,3155,4.969879518072289,124,63,434,373,62,62,62,62,62,62,True,True,-2115878753,modeled-pass
62,62,medium-record,1024,candidate-single-roundtrip-npgsqlbatch-set-and-read,True,True,124,1,99.19354838709677,17528,17528,0,3320,3153,5.030120481927711,124,63,434,373,62,62,62,62,62,62,True,True,-2115878753,modeled-pass
62,62,large-record,4096,candidate-current-npgsqlbatch-set-plus-getmultiple,True,True,124,2,98.38709677419355,17528,17528,0,7764,7781,-0.21895929933024214,124,63,434,373,62,62,62,62,62,62,True,True,-418121507,modeled-pass
62,62,large-record,4096,candidate-chunked-100-npgsqlbatch-set-plus-getmultiple,True,True,124,2,98.38709677419355,17528,17528,0,7764,7729,0.45079855744461617,124,63,434,373,62,62,62,62,62,62,True,True,-418121507,modeled-pass
62,62,large-record,4096,candidate-single-roundtrip-npgsqlbatch-set-and-read,True,True,124,1,99.19354838709677,17528,17528,0,7764,7710,0.6955177743431221,124,63,434,373,62,62,62,62,62,62,True,True,-418121507,modeled-pass
63,63,small-record,128,candidate-current-npgsqlbatch-set-plus-getmultiple,True,True,126,2,98.41269841269842,17528,17528,0,1790,1823,-1.8435754189944134,126,64,441,379,63,63,63,63,63,63,True,True,-160430665,modeled-pass
63,63,small-record,128,candidate-chunked-100-npgsqlbatch-set-plus-getmultiple,True,True,126,2,98.41269841269842,17528,17528,0,1790,1815,-1.3966480446927374,126,64,441,379,63,63,63,63,63,63,True,True,-160430665,modeled-pass
63,63,small-record,128,candidate-single-roundtrip-npgsqlbatch-set-and-read,True,True,126,1,99.2063492063492,17528,17528,0,1790,1883,-5.195530726256983,126,64,441,379,63,63,63,63,63,63,True,True,-160430665,modeled-pass
63,63,medium-record,1024,candidate-current-npgsqlbatch-set-plus-getmultiple,True,True,126,2,98.41269841269842,17528,17528,0,3211,3206,0.15571473061351604,126,64,441,379,63,63,63,63,63,63,True,True,1253078200,modeled-pass
63,63,medium-record,1024,candidate-chunked-100-npgsqlbatch-set-plus-getmultiple,True,True,126,2,98.41269841269842,17528,17528,0,3211,3149,1.9308626596075988,126,64,441,379,63,63,63,63,63,63,True,True,1253078200,modeled-pass
63,63,medium-record,1024,candidate-single-roundtrip-npgsqlbatch-set-and-read,True,True,126,1,99.2063492063492,17528,17528,0,3211,3750,-16.78604796013703,126,64,441,379,63,63,63,63,63,63,True,True,1253078200,modeled-pass
63,63,large-record,4096,candidate-current-npgsqlbatch-set-plus-getmultiple,True,True,126,2,98.41269841269842,17528,17528,0,7970,7963,0.08782936010037641,126,64,441,379,63,63,63,63,63,63,True,True,-270408895,modeled-pass
63,63,large-record,4096,candidate-chunked-100-npgsqlbatch-set-plus-getmultiple,True,True,126,2,98.41269841269842,17528,17528,0,7970,7855,1.4429109159347553,126,64,441,379,63,63,63,63,63,63,True,True,-270408895,modeled-pass
63,63,large-record,4096,candidate-single-roundtrip-npgsqlbatch-set-and-read,True,True,126,1,99.2063492063492,17528,17528,0,7970,7929,0.5144291091593476,126,64,441,379,63,63,63,63,63,63,True,True,-270408895,modeled-pass
64,64,small-record,128,candidate-current-npgsqlbatch-set-plus-getmultiple,True,True,128,2,98.4375,17528,17528,0,1838,1934,-5.223068552774755,128,65,448,385,64,64,64,64,64,64,True,True,-472743964,modeled-pass
64,64,small-record,128,candidate-chunked-100-npgsqlbatch-set-plus-getmultiple,True,True,128,2,98.4375,17528,17528,0,1838,1911,-3.9717083786724703,128,65,448,385,64,64,64,64,64,64,True,True,-472743964,modeled-pass
64,64,small-record,128,candidate-single-roundtrip-npgsqlbatch-set-and-read,True,True,128,1,99.21875,17528,17528,0,1838,1889,-2.7747551686615886,128,65,448,385,64,64,64,64,64,64,True,True,-472743964,modeled-pass
64,64,medium-record,1024,candidate-current-npgsqlbatch-set-plus-getmultiple,True,True,128,2,98.4375,17528,17528,0,3459,3325,3.8739520092512287,128,65,448,385,64,64,64,64,64,64,True,True,-126970301,modeled-pass
64,64,medium-record,1024,candidate-chunked-100-npgsqlbatch-set-plus-getmultiple,True,True,128,2,98.4375,17528,17528,0,3459,3320,4.018502457357618,128,65,448,385,64,64,64,64,64,64,True,True,-126970301,modeled-pass
64,64,medium-record,1024,candidate-single-roundtrip-npgsqlbatch-set-and-read,True,True,128,1,99.21875,17528,17528,0,3459,3309,4.336513443191674,128,65,448,385,64,64,64,64,64,64,True,True,-126970301,modeled-pass
64,64,large-record,4096,candidate-current-npgsqlbatch-set-plus-getmultiple,True,True,128,2,98.4375,17528,17528,0,8061,8079,-0.22329735764793449,128,65,448,385,64,64,64,64,64,64,True,True,723200854,modeled-pass
64,64,large-record,4096,candidate-chunked-100-npgsqlbatch-set-plus-getmultiple,True,True,128,2,98.4375,17528,17528,0,8061,8001,0.744324525493115,128,65,448,385,64,64,64,64,64,64,True,True,723200854,modeled-pass
64,64,large-record,4096,candidate-single-roundtrip-npgsqlbatch-set-and-read,True,True,128,1,99.21875,17528,17528,0,8061,8006,0.6822974817020221,128,65,448,385,64,64,64,64,64,64,True,True,723200854,modeled-pass
65,65,small-record,128,candidate-current-npgsqlbatch-set-plus-getmultiple,True,True,130,2,98.46153846153847,17528,17528,0,1801,1445,19.766796224319823,130,66,455,391,65,65,65,65,65,65,True,True,891670969,modeled-pass
65,65,small-record,128,candidate-chunked-100-npgsqlbatch-set-plus-getmultiple,True,True,130,2,98.46153846153847,17528,17528,0,1801,1831,-1.665741254858412,130,66,455,391,65,65,65,65,65,65,True,True,891670969,modeled-pass
65,65,small-record,128,candidate-single-roundtrip-npgsqlbatch-set-and-read,True,True,130,1,99.23076923076923,17528,17528,0,1801,1854,-2.9428095502498612,130,66,455,391,65,65,65,65,65,65,True,True,891670969,modeled-pass
65,65,medium-record,1024,candidate-current-npgsqlbatch-set-plus-getmultiple,True,True,130,2,98.46153846153847,17528,17528,0,3349,3244,3.135264257987459,130,66,455,391,65,65,65,65,65,65,True,True,-221798279,modeled-pass
65,65,medium-record,1024,candidate-chunked-100-npgsqlbatch-set-plus-getmultiple,True,True,130,2,98.46153846153847,17528,17528,0,3349,3302,1.4034040011943865,130,66,455,391,65,65,65,65,65,65,True,True,-221798279,modeled-pass
65,65,medium-record,1024,candidate-single-roundtrip-npgsqlbatch-set-and-read,True,True,130,1,99.23076923076923,17528,17528,0,3349,3277,2.1498954911914003,130,66,455,391,65,65,65,65,65,65,True,True,-221798279,modeled-pass
65,65,large-record,4096,candidate-current-npgsqlbatch-set-plus-getmultiple,True,True,130,2,98.46153846153847,17528,17528,0,8069,8146,-0.9542694261990333,130,66,455,391,65,65,65,65,65,65,True,True,-57695340,modeled-pass
65,65,large-record,4096,candidate-chunked-100-npgsqlbatch-set-plus-getmultiple,True,True,130,2,98.46153846153847,17528,17528,0,8069,8082,-0.1611104226050316,130,66,455,391,65,65,65,65,65,65,True,True,-57695340,modeled-pass
65,65,large-record,4096,candidate-single-roundtrip-npgsqlbatch-set-and-read,True,True,130,1,99.23076923076923,17528,17528,0,8069,7981,1.0905936299417525,130,66,455,391,65,65,65,65,65,65,True,True,-57695340,modeled-pass
66,66,small-record,128,candidate-current-npgsqlbatch-set-plus-getmultiple,True,True,132,2,98.48484848484848,17528,17528,0,1916,1869,2.453027139874739,132,67,462,397,66,66,66,66,66,66,True,True,1518995826,modeled-pass
66,66,small-record,128,candidate-chunked-100-npgsqlbatch-set-plus-getmultiple,True,True,132,2,98.48484848484848,17528,17528,0,1916,2085,-8.820459290187891,132,67,462,397,66,66,66,66,66,66,True,True,1518995826,modeled-pass
66,66,small-record,128,candidate-single-roundtrip-npgsqlbatch-set-and-read,True,True,132,1,99.24242424242425,17528,17528,0,1916,1938,-1.1482254697286012,132,67,462,397,66,66,66,66,66,66,True,True,1518995826,modeled-pass
66,66,medium-record,1024,candidate-current-npgsqlbatch-set-plus-getmultiple,True,True,132,2,98.48484848484848,17528,17528,0,3370,3429,-1.7507418397626113,132,67,462,397,66,66,66,66,66,66,True,True,-806265239,modeled-pass
66,66,medium-record,1024,candidate-chunked-100-npgsqlbatch-set-plus-getmultiple,True,True,132,2,98.48484848484848,17528,17528,0,3370,3462,-2.7299703264094957,132,67,462,397,66,66,66,66,66,66,True,True,-806265239,modeled-pass
66,66,medium-record,1024,candidate-single-roundtrip-npgsqlbatch-set-and-read,True,True,132,1,99.24242424242425,17528,17528,0,3370,3231,4.1246290801186944,132,67,462,397,66,66,66,66,66,66,True,True,-806265239,modeled-pass
66,66,large-record,4096,candidate-current-npgsqlbatch-set-plus-getmultiple,True,True,132,2,98.48484848484848,17528,17528,0,8264,8100,1.9845111326234268,132,67,462,397,66,66,66,66,66,66,True,True,-1711230693,modeled-pass
66,66,large-record,4096,candidate-chunked-100-npgsqlbatch-set-plus-getmultiple,True,True,132,2,98.48484848484848,17528,17528,0,8264,8150,1.3794772507260407,132,67,462,397,66,66,66,66,66,66,True,True,-1711230693,modeled-pass
66,66,large-record,4096,candidate-single-roundtrip-npgsqlbatch-set-and-read,True,True,132,1,99.24242424242425,17528,17528,0,8264,8124,1.6940948693126816,132,67,462,397,66,66,66,66,66,66,True,True,-1711230693,modeled-pass
67,67,small-record,128,candidate-current-npgsqlbatch-set-plus-getmultiple,True,True,134,2,98.50746268656717,17528,17528,0,2083,2029,2.5924147863658185,134,68,469,403,67,67,67,67,67,67,True,True,538087776,modeled-pass
67,67,small-record,128,candidate-chunked-100-npgsqlbatch-set-plus-getmultiple,True,True,134,2,98.50746268656717,17528,17528,0,2083,2057,1.2481997119539125,134,68,469,403,67,67,67,67,67,67,True,True,538087776,modeled-pass
67,67,small-record,128,candidate-single-roundtrip-npgsqlbatch-set-and-read,True,True,134,1,99.25373134328358,17528,17528,0,2083,2050,1.584253480556889,134,68,469,403,67,67,67,67,67,67,True,True,538087776,modeled-pass
67,67,medium-record,1024,candidate-current-npgsqlbatch-set-plus-getmultiple,True,True,134,2,98.50746268656717,17528,17528,0,3479,3512,-0.9485484334578902,134,68,469,403,67,67,67,67,67,67,True,True,-630436082,modeled-pass
67,67,medium-record,1024,candidate-chunked-100-npgsqlbatch-set-plus-getmultiple,True,True,134,2,98.50746268656717,17528,17528,0,3479,3414,1.868352974992814,134,68,469,403,67,67,67,67,67,67,True,True,-630436082,modeled-pass
67,67,medium-record,1024,candidate-single-roundtrip-npgsqlbatch-set-and-read,True,True,134,1,99.25373134328358,17528,17528,0,3479,3501,-0.6323656223052602,134,68,469,403,67,67,67,67,67,67,True,True,-630436082,modeled-pass
67,67,large-record,4096,candidate-current-npgsqlbatch-set-plus-getmultiple,True,True,134,2,98.50746268656717,17528,17528,0,8323,8421,-1.1774600504625736,134,68,469,403,67,67,67,67,67,67,True,True,746663568,modeled-pass
67,67,large-record,4096,candidate-chunked-100-npgsqlbatch-set-plus-getmultiple,True,True,134,2,98.50746268656717,17528,17528,0,8323,8748,-5.106331851495855,134,68,469,403,67,67,67,67,67,67,True,True,746663568,modeled-pass
67,67,large-record,4096,candidate-single-roundtrip-npgsqlbatch-set-and-read,True,True,134,1,99.25373134328358,17528,17528,0,8323,8465,-1.706115583323321,134,68,469,403,67,67,67,67,67,67,True,True,746663568,modeled-pass
68,68,small-record,128,candidate-current-npgsqlbatch-set-plus-getmultiple,True,True,136,2,98.52941176470588,17528,17528,0,1838,1965,-6.90968443960827,136,69,476,409,68,68,68,68,68,68,True,True,376942288,modeled-pass
68,68,small-record,128,candidate-chunked-100-npgsqlbatch-set-plus-getmultiple,True,True,136,2,98.52941176470588,17528,17528,0,1838,2010,-9.357997823721437,136,69,476,409,68,68,68,68,68,68,True,True,376942288,modeled-pass
68,68,small-record,128,candidate-single-roundtrip-npgsqlbatch-set-and-read,True,True,136,1,99.26470588235294,17528,17528,0,1838,1963,-6.800870511425463,136,69,476,409,68,68,68,68,68,68,True,True,376942288,modeled-pass
68,68,medium-record,1024,candidate-current-npgsqlbatch-set-plus-getmultiple,True,True,136,2,98.52941176470588,17528,17528,0,3501,3226,7.854898600399886,136,69,476,409,68,68,68,68,68,68,True,True,-1996271498,modeled-pass
68,68,medium-record,1024,candidate-chunked-100-npgsqlbatch-set-plus-getmultiple,True,True,136,2,98.52941176470588,17528,17528,0,3501,3469,0.9140245644101685,136,69,476,409,68,68,68,68,68,68,True,True,-1996271498,modeled-pass
68,68,medium-record,1024,candidate-single-roundtrip-npgsqlbatch-set-and-read,True,True,136,1,99.26470588235294,17528,17528,0,3501,3578,-2.199371608111968,136,69,476,409,68,68,68,68,68,68,True,True,-1996271498,modeled-pass
68,68,large-record,4096,candidate-current-npgsqlbatch-set-plus-getmultiple,True,True,136,2,98.52941176470588,17528,17528,0,8620,8510,1.2761020881670533,136,69,476,409,68,68,68,68,68,68,True,True,1648864468,modeled-pass
68,68,large-record,4096,candidate-chunked-100-npgsqlbatch-set-plus-getmultiple,True,True,136,2,98.52941176470588,17528,17528,0,8620,8507,1.3109048723897911,136,69,476,409,68,68,68,68,68,68,True,True,1648864468,modeled-pass
68,68,large-record,4096,candidate-single-roundtrip-npgsqlbatch-set-and-read,True,True,136,1,99.26470588235294,17528,17528,0,8620,8628,-0.09280742459396751,136,69,476,409,68,68,68,68,68,68,True,True,1648864468,modeled-pass
69,69,small-record,128,candidate-current-npgsqlbatch-set-plus-getmultiple,True,True,138,2,98.55072463768116,17528,17528,0,1968,2003,-1.7784552845528456,138,70,483,415,69,69,69,69,69,69,True,True,751126203,modeled-pass
69,69,small-record,128,candidate-chunked-100-npgsqlbatch-set-plus-getmultiple,True,True,138,2,98.55072463768116,17528,17528,0,1968,2000,-1.6260162601626016,138,70,483,415,69,69,69,69,69,69,True,True,751126203,modeled-pass
69,69,small-record,128,candidate-single-roundtrip-npgsqlbatch-set-and-read,True,True,138,1,99.27536231884058,17528,17528,0,1968,1973,-0.2540650406504065,138,70,483,415,69,69,69,69,69,69,True,True,751126203,modeled-pass
69,69,medium-record,1024,candidate-current-npgsqlbatch-set-plus-getmultiple,True,True,138,2,98.55072463768116,17528,17528,0,3505,3499,0.17118402282453637,138,70,483,415,69,69,69,69,69,69,True,True,302875076,modeled-pass
69,69,medium-record,1024,candidate-chunked-100-npgsqlbatch-set-plus-getmultiple,True,True,138,2,98.55072463768116,17528,17528,0,3505,3538,-0.9415121255349501,138,70,483,415,69,69,69,69,69,69,True,True,302875076,modeled-pass
69,69,medium-record,1024,candidate-single-roundtrip-npgsqlbatch-set-and-read,True,True,138,1,99.27536231884058,17528,17528,0,3505,3087,11.925820256776035,138,70,483,415,69,69,69,69,69,69,True,True,302875076,modeled-pass
69,69,large-record,4096,candidate-current-npgsqlbatch-set-plus-getmultiple,True,True,138,2,98.55072463768116,17528,17528,0,9193,8687,5.504187969106929,138,70,483,415,69,69,69,69,69,69,True,True,1788050832,modeled-pass
69,69,large-record,4096,candidate-chunked-100-npgsqlbatch-set-plus-getmultiple,True,True,138,2,98.55072463768116,17528,17528,0,9193,8661,5.787011856847601,138,70,483,415,69,69,69,69,69,69,True,True,1788050832,modeled-pass
69,69,large-record,4096,candidate-single-roundtrip-npgsqlbatch-set-and-read,True,True,138,1,99.27536231884058,17528,17528,0,9193,8549,7.005330142499728,138,70,483,415,69,69,69,69,69,69,True,True,1788050832,modeled-pass
70,70,small-record,128,candidate-current-npgsqlbatch-set-plus-getmultiple,True,True,140,2,98.57142857142857,17528,17528,0,1960,4048,-106.53061224489795,140,71,490,421,70,70,70,70,70,70,True,True,-1705909814,modeled-pass
70,70,small-record,128,candidate-chunked-100-npgsqlbatch-set-plus-getmultiple,True,True,140,2,98.57142857142857,17528,17528,0,1960,2049,-4.540816326530612,140,71,490,421,70,70,70,70,70,70,True,True,-1705909814,modeled-pass
70,70,small-record,128,candidate-single-roundtrip-npgsqlbatch-set-and-read,True,True,140,1,99.28571428571429,17528,17528,0,1960,2064,-5.3061224489795915,140,71,490,421,70,70,70,70,70,70,True,True,-1705909814,modeled-pass
70,70,medium-record,1024,candidate-current-npgsqlbatch-set-plus-getmultiple,True,True,140,2,98.57142857142857,17528,17528,0,3732,3808,-2.0364415862808145,140,71,490,421,70,70,70,70,70,70,True,True,1863549407,modeled-pass
70,70,medium-record,1024,candidate-chunked-100-npgsqlbatch-set-plus-getmultiple,True,True,140,2,98.57142857142857,17528,17528,0,3732,3640,2.465166130760986,140,71,490,421,70,70,70,70,70,70,True,True,1863549407,modeled-pass
70,70,medium-record,1024,candidate-single-roundtrip-npgsqlbatch-set-and-read,True,True,140,1,99.28571428571429,17528,17528,0,3732,3558,4.662379421221865,140,71,490,421,70,70,70,70,70,70,True,True,1863549407,modeled-pass
70,70,large-record,4096,candidate-current-npgsqlbatch-set-plus-getmultiple,True,True,140,2,98.57142857142857,17528,17528,0,8749,8465,3.2460852668876443,140,71,490,421,70,70,70,70,70,70,True,True,1057503082,modeled-pass
70,70,large-record,4096,candidate-chunked-100-npgsqlbatch-set-plus-getmultiple,True,True,140,2,98.57142857142857,17528,17528,0,8749,8660,1.017259115327466,140,71,490,421,70,70,70,70,70,70,True,True,1057503082,modeled-pass
70,70,large-record,4096,candidate-single-roundtrip-npgsqlbatch-set-and-read,True,True,140,1,99.28571428571429,17528,17528,0,8749,8819,-0.8000914390216025,140,71,490,421,70,70,70,70,70,70,True,True,1057503082,modeled-pass
71,71,small-record,128,candidate-current-npgsqlbatch-set-plus-getmultiple,True,True,142,2,98.59154929577464,17528,17528,0,1672,1660,0.7177033492822966,142,72,497,427,71,71,71,71,71,71,True,True,448619319,modeled-pass
71,71,small-record,128,candidate-chunked-100-npgsqlbatch-set-plus-getmultiple,True,True,142,2,98.59154929577464,17528,17528,0,1672,1641,1.854066985645933,142,72,497,427,71,71,71,71,71,71,True,True,448619319,modeled-pass
71,71,small-record,128,candidate-single-roundtrip-npgsqlbatch-set-and-read,True,True,142,1,99.29577464788733,17528,17528,0,1672,1272,23.923444976076556,142,72,497,427,71,71,71,71,71,71,True,True,448619319,modeled-pass
71,71,medium-record,1024,candidate-current-npgsqlbatch-set-plus-getmultiple,True,True,142,2,98.59154929577464,17528,17528,0,2818,2820,-0.07097232079488999,142,72,497,427,71,71,71,71,71,71,True,True,1859869037,modeled-pass
71,71,medium-record,1024,candidate-chunked-100-npgsqlbatch-set-plus-getmultiple,True,True,142,2,98.59154929577464,17528,17528,0,2818,1705,39.49609652235628,142,72,497,427,71,71,71,71,71,71,True,True,1859869037,modeled-pass
71,71,medium-record,1024,candidate-single-roundtrip-npgsqlbatch-set-and-read,True,True,142,1,99.29577464788733,17528,17528,0,2818,1495,46.94819020581973,142,72,497,427,71,71,71,71,71,71,True,True,1859869037,modeled-pass
71,71,large-record,4096,candidate-current-npgsqlbatch-set-plus-getmultiple,True,True,142,2,98.59154929577464,17528,17528,0,3093,3160,-2.1661817006142905,142,72,497,427,71,71,71,71,71,71,True,True,-61840314,modeled-pass
71,71,large-record,4096,candidate-chunked-100-npgsqlbatch-set-plus-getmultiple,True,True,142,2,98.59154929577464,17528,17528,0,3093,3076,0.5496281926931782,142,72,497,427,71,71,71,71,71,71,True,True,-61840314,modeled-pass
71,71,large-record,4096,candidate-single-roundtrip-npgsqlbatch-set-and-read,True,True,142,1,99.29577464788733,17528,17528,0,3093,3052,1.325573876495312,142,72,497,427,71,71,71,71,71,71,True,True,-61840314,modeled-pass
72,72,small-record,128,candidate-current-npgsqlbatch-set-plus-getmultiple,True,True,144,2,98.61111111111111,21560,21560,0,963,1004,-4.257528556593977,144,73,504,433,72,72,72,72,72,72,True,True,-543587347,modeled-pass
72,72,small-record,128,candidate-chunked-100-npgsqlbatch-set-plus-getmultiple,True,True,144,2,98.61111111111111,21560,21560,0,963,1151,-19.52232606438214,144,73,504,433,72,72,72,72,72,72,True,True,-543587347,modeled-pass
72,72,small-record,128,candidate-single-roundtrip-npgsqlbatch-set-and-read,True,True,144,1,99.30555555555556,21560,21560,0,963,1069,-11.007268951194185,144,73,504,433,72,72,72,72,72,72,True,True,-543587347,modeled-pass
72,72,medium-record,1024,candidate-current-npgsqlbatch-set-plus-getmultiple,True,True,144,2,98.61111111111111,21560,21560,0,1449,1487,-2.622498274672188,144,73,504,433,72,72,72,72,72,72,True,True,-45800638,modeled-pass
72,72,medium-record,1024,candidate-chunked-100-npgsqlbatch-set-plus-getmultiple,True,True,144,2,98.61111111111111,21560,21560,0,1449,1502,-3.6576949620427883,144,73,504,433,72,72,72,72,72,72,True,True,-45800638,modeled-pass
72,72,medium-record,1024,candidate-single-roundtrip-npgsqlbatch-set-and-read,True,True,144,1,99.30555555555556,21560,21560,0,1449,1539,-6.211180124223603,144,73,504,433,72,72,72,72,72,72,True,True,-45800638,modeled-pass
72,72,large-record,4096,candidate-current-npgsqlbatch-set-plus-getmultiple,True,True,144,2,98.61111111111111,21560,21560,0,3055,3098,-1.4075286415711947,144,73,504,433,72,72,72,72,72,72,True,True,391895941,modeled-pass
72,72,large-record,4096,candidate-chunked-100-npgsqlbatch-set-plus-getmultiple,True,True,144,2,98.61111111111111,21560,21560,0,3055,3174,-3.895253682487725,144,73,504,433,72,72,72,72,72,72,True,True,391895941,modeled-pass
72,72,large-record,4096,candidate-single-roundtrip-npgsqlbatch-set-and-read,True,True,144,1,99.30555555555556,21560,21560,0,3055,3210,-5.073649754500818,144,73,504,433,72,72,72,72,72,72,True,True,391895941,modeled-pass
73,73,small-record,128,candidate-current-npgsqlbatch-set-plus-getmultiple,True,True,146,2,98.63013698630137,21560,21560,0,1047,1084,-3.5339063992359123,146,74,511,439,73,73,73,73,73,73,True,True,-788543757,modeled-pass
73,73,small-record,128,candidate-chunked-100-npgsqlbatch-set-plus-getmultiple,True,True,146,2,98.63013698630137,21560,21560,0,1047,1018,2.76981852913085,146,74,511,439,73,73,73,73,73,73,True,True,-788543757,modeled-pass
73,73,small-record,128,candidate-single-roundtrip-npgsqlbatch-set-and-read,True,True,146,1,99.31506849315069,21560,21560,0,1047,1001,4.393505253104107,146,74,511,439,73,73,73,73,73,73,True,True,-788543757,modeled-pass
73,73,medium-record,1024,candidate-current-npgsqlbatch-set-plus-getmultiple,True,True,146,2,98.63013698630137,21560,21560,0,1638,1585,3.2356532356532357,146,74,511,439,73,73,73,73,73,73,True,True,1819264672,modeled-pass
73,73,medium-record,1024,candidate-chunked-100-npgsqlbatch-set-plus-getmultiple,True,True,146,2,98.63013698630137,21560,21560,0,1638,1497,8.608058608058608,146,74,511,439,73,73,73,73,73,73,True,True,1819264672,modeled-pass
73,73,medium-record,1024,candidate-single-roundtrip-npgsqlbatch-set-and-read,True,True,146,1,99.31506849315069,21560,21560,0,1638,1509,7.875457875457876,146,74,511,439,73,73,73,73,73,73,True,True,1819264672,modeled-pass
73,73,large-record,4096,candidate-current-npgsqlbatch-set-plus-getmultiple,True,True,146,2,98.63013698630137,21560,21560,0,3350,3099,7.492537313432836,146,74,511,439,73,73,73,73,73,73,True,True,2136213619,modeled-pass
73,73,large-record,4096,candidate-chunked-100-npgsqlbatch-set-plus-getmultiple,True,True,146,2,98.63013698630137,21560,21560,0,3350,3165,5.522388059701493,146,74,511,439,73,73,73,73,73,73,True,True,2136213619,modeled-pass
73,73,large-record,4096,candidate-single-roundtrip-npgsqlbatch-set-and-read,True,True,146,1,99.31506849315069,21560,21560,0,3350,3162,5.611940298507463,146,74,511,439,73,73,73,73,73,73,True,True,2136213619,modeled-pass
74,74,small-record,128,candidate-current-npgsqlbatch-set-plus-getmultiple,True,True,148,2,98.64864864864865,21560,21560,0,747,843,-12.85140562248996,148,75,518,445,74,74,74,74,74,74,True,True,-1858185844,modeled-pass
74,74,small-record,128,candidate-chunked-100-npgsqlbatch-set-plus-getmultiple,True,True,148,2,98.64864864864865,21560,21560,0,747,755,-1.07095046854083,148,75,518,445,74,74,74,74,74,74,True,True,-1858185844,modeled-pass
74,74,small-record,128,candidate-single-roundtrip-npgsqlbatch-set-and-read,True,True,148,1,99.32432432432432,21560,21560,0,747,749,-0.2677376171352075,148,75,518,445,74,74,74,74,74,74,True,True,-1858185844,modeled-pass
74,74,medium-record,1024,candidate-current-npgsqlbatch-set-plus-getmultiple,True,True,148,2,98.64864864864865,21560,21560,0,1271,1340,-5.428796223446105,148,75,518,445,74,74,74,74,74,74,True,True,2136282040,modeled-pass
74,74,medium-record,1024,candidate-chunked-100-npgsqlbatch-set-plus-getmultiple,True,True,148,2,98.64864864864865,21560,21560,0,1271,1364,-7.317073170731708,148,75,518,445,74,74,74,74,74,74,True,True,2136282040,modeled-pass
74,74,medium-record,1024,candidate-single-roundtrip-npgsqlbatch-set-and-read,True,True,148,1,99.32432432432432,21560,21560,0,1271,1997,-57.120377655389454,148,75,518,445,74,74,74,74,74,74,True,True,2136282040,modeled-pass
74,74,large-record,4096,candidate-current-npgsqlbatch-set-plus-getmultiple,True,True,148,2,98.64864864864865,21560,21560,0,3109,3153,-1.4152460598263108,148,75,518,445,74,74,74,74,74,74,True,True,1984312656,modeled-pass
74,74,large-record,4096,candidate-chunked-100-npgsqlbatch-set-plus-getmultiple,True,True,148,2,98.64864864864865,21560,21560,0,3109,4865,-56.481183660340946,148,75,518,445,74,74,74,74,74,74,True,True,1984312656,modeled-pass
74,74,large-record,4096,candidate-single-roundtrip-npgsqlbatch-set-and-read,True,True,148,1,99.32432432432432,21560,21560,0,3109,3204,-3.055644901897716,148,75,518,445,74,74,74,74,74,74,True,True,1984312656,modeled-pass
75,75,small-record,128,candidate-current-npgsqlbatch-set-plus-getmultiple,True,True,150,2,98.66666666666667,21560,21560,0,726,790,-8.81542699724518,150,76,525,451,75,75,75,75,75,75,True,True,-658772703,modeled-pass
75,75,small-record,128,candidate-chunked-100-npgsqlbatch-set-plus-getmultiple,True,True,150,2,98.66666666666667,21560,21560,0,726,664,8.539944903581267,150,76,525,451,75,75,75,75,75,75,True,True,-658772703,modeled-pass
75,75,small-record,128,candidate-single-roundtrip-npgsqlbatch-set-and-read,True,True,150,1,99.33333333333333,21560,21560,0,726,643,11.432506887052341,150,76,525,451,75,75,75,75,75,75,True,True,-658772703,modeled-pass
75,75,medium-record,1024,candidate-current-npgsqlbatch-set-plus-getmultiple,True,True,150,2,98.66666666666667,21560,21560,0,1430,1252,12.447552447552448,150,76,525,451,75,75,75,75,75,75,True,True,-246191355,modeled-pass
75,75,medium-record,1024,candidate-chunked-100-npgsqlbatch-set-plus-getmultiple,True,True,150,2,98.66666666666667,21560,21560,0,1430,1213,15.174825174825175,150,76,525,451,75,75,75,75,75,75,True,True,-246191355,modeled-pass
75,75,medium-record,1024,candidate-single-roundtrip-npgsqlbatch-set-and-read,True,True,150,1,99.33333333333333,21560,21560,0,1430,1185,17.132867132867133,150,76,525,451,75,75,75,75,75,75,True,True,-246191355,modeled-pass
75,75,large-record,4096,candidate-current-npgsqlbatch-set-plus-getmultiple,True,True,150,2,98.66666666666667,21560,21560,0,3198,3121,2.407754846779237,150,76,525,451,75,75,75,75,75,75,True,True,1646684642,modeled-pass
75,75,large-record,4096,candidate-chunked-100-npgsqlbatch-set-plus-getmultiple,True,True,150,2,98.66666666666667,21560,21560,0,3198,3074,3.8774233896185115,150,76,525,451,75,75,75,75,75,75,True,True,1646684642,modeled-pass
75,75,large-record,4096,candidate-single-roundtrip-npgsqlbatch-set-and-read,True,True,150,1,99.33333333333333,21560,21560,0,3198,3279,-2.5328330206378986,150,76,525,451,75,75,75,75,75,75,True,True,1646684642,modeled-pass
76,76,small-record,128,candidate-current-npgsqlbatch-set-plus-getmultiple,True,True,152,2,98.6842105263158,21560,21560,0,751,896,-19.30758988015979,152,77,532,457,76,76,76,76,76,76,True,True,804589091,modeled-pass
76,76,small-record,128,candidate-chunked-100-npgsqlbatch-set-plus-getmultiple,True,True,152,2,98.6842105263158,21560,21560,0,751,763,-1.5978695073235685,152,77,532,457,76,76,76,76,76,76,True,True,804589091,modeled-pass
76,76,small-record,128,candidate-single-roundtrip-npgsqlbatch-set-and-read,True,True,152,1,99.34210526315789,21560,21560,0,751,650,13.448735019973368,152,77,532,457,76,76,76,76,76,76,True,True,804589091,modeled-pass
76,76,medium-record,1024,candidate-current-npgsqlbatch-set-plus-getmultiple,True,True,152,2,98.6842105263158,21560,21560,0,1310,1214,7.32824427480916,152,77,532,457,76,76,76,76,76,76,True,True,-1842172946,modeled-pass
76,76,medium-record,1024,candidate-chunked-100-npgsqlbatch-set-plus-getmultiple,True,True,152,2,98.6842105263158,21560,21560,0,1310,1215,7.251908396946565,152,77,532,457,76,76,76,76,76,76,True,True,-1842172946,modeled-pass
76,76,medium-record,1024,candidate-single-roundtrip-npgsqlbatch-set-and-read,True,True,152,1,99.34210526315789,21560,21560,0,1310,1214,7.32824427480916,152,77,532,457,76,76,76,76,76,76,True,True,-1842172946,modeled-pass
76,76,large-record,4096,candidate-current-npgsqlbatch-set-plus-getmultiple,True,True,152,2,98.6842105263158,21560,21560,0,3679,3097,15.819516172873064,152,77,532,457,76,76,76,76,76,76,True,True,-789175436,modeled-pass
76,76,large-record,4096,candidate-chunked-100-npgsqlbatch-set-plus-getmultiple,True,True,152,2,98.6842105263158,21560,21560,0,3679,3124,15.08562109268823,152,77,532,457,76,76,76,76,76,76,True,True,-789175436,modeled-pass
76,76,large-record,4096,candidate-single-roundtrip-npgsqlbatch-set-and-read,True,True,152,1,99.34210526315789,21560,21560,0,3679,3097,15.819516172873064,152,77,532,457,76,76,76,76,76,76,True,True,-789175436,modeled-pass
77,77,small-record,128,candidate-current-npgsqlbatch-set-plus-getmultiple,True,True,154,2,98.7012987012987,21560,21560,0,811,629,22.44143033292232,154,78,539,463,77,77,77,77,77,77,True,True,802372133,modeled-pass
77,77,small-record,128,candidate-chunked-100-npgsqlbatch-set-plus-getmultiple,True,True,154,2,98.7012987012987,21560,21560,0,811,750,7.52157829839704,154,78,539,463,77,77,77,77,77,77,True,True,802372133,modeled-pass
77,77,small-record,128,candidate-single-roundtrip-npgsqlbatch-set-and-read,True,True,154,1,99.35064935064935,21560,21560,0,811,717,11.590628853267571,154,78,539,463,77,77,77,77,77,77,True,True,802372133,modeled-pass
77,77,medium-record,1024,candidate-current-npgsqlbatch-set-plus-getmultiple,True,True,154,2,98.7012987012987,21560,21560,0,1361,1221,10.286554004408524,154,78,539,463,77,77,77,77,77,77,True,True,338633662,modeled-pass
77,77,medium-record,1024,candidate-chunked-100-npgsqlbatch-set-plus-getmultiple,True,True,154,2,98.7012987012987,21560,21560,0,1361,1202,11.682586333578252,154,78,539,463,77,77,77,77,77,77,True,True,338633662,modeled-pass
77,77,medium-record,1024,candidate-single-roundtrip-npgsqlbatch-set-and-read,True,True,154,1,99.35064935064935,21560,21560,0,1361,1184,13.005143277002205,154,78,539,463,77,77,77,77,77,77,True,True,338633662,modeled-pass
77,77,large-record,4096,candidate-current-npgsqlbatch-set-plus-getmultiple,True,True,154,2,98.7012987012987,21560,21560,0,3229,3127,3.158872716011149,154,78,539,463,77,77,77,77,77,77,True,True,-543127089,modeled-pass
77,77,large-record,4096,candidate-chunked-100-npgsqlbatch-set-plus-getmultiple,True,True,154,2,98.7012987012987,21560,21560,0,3229,3205,0.7432641684732115,154,78,539,463,77,77,77,77,77,77,True,True,-543127089,modeled-pass
77,77,large-record,4096,candidate-single-roundtrip-npgsqlbatch-set-and-read,True,True,154,1,99.35064935064935,21560,21560,0,3229,3865,-19.696500464540105,154,78,539,463,77,77,77,77,77,77,True,True,-543127089,modeled-pass
78,78,small-record,128,candidate-current-npgsqlbatch-set-plus-getmultiple,True,True,156,2,98.71794871794872,21560,21560,0,758,631,16.75461741424802,156,79,546,469,78,78,78,78,78,78,True,True,46075954,modeled-pass
78,78,small-record,128,candidate-chunked-100-npgsqlbatch-set-plus-getmultiple,True,True,156,2,98.71794871794872,21560,21560,0,758,658,13.192612137203167,156,79,546,469,78,78,78,78,78,78,True,True,46075954,modeled-pass
78,78,small-record,128,candidate-single-roundtrip-npgsqlbatch-set-and-read,True,True,156,1,99.35897435897436,21560,21560,0,758,633,16.49076517150396,156,79,546,469,78,78,78,78,78,78,True,True,46075954,modeled-pass
78,78,medium-record,1024,candidate-current-npgsqlbatch-set-plus-getmultiple,True,True,156,2,98.71794871794872,21560,21560,0,1381,1252,9.341057204923969,156,79,546,469,78,78,78,78,78,78,True,True,1482273024,modeled-pass
78,78,medium-record,1024,candidate-chunked-100-npgsqlbatch-set-plus-getmultiple,True,True,156,2,98.71794871794872,21560,21560,0,1381,1238,10.354815351194786,156,79,546,469,78,78,78,78,78,78,True,True,1482273024,modeled-pass
78,78,medium-record,1024,candidate-single-roundtrip-npgsqlbatch-set-and-read,True,True,156,1,99.35897435897436,21560,21560,0,1381,1217,11.875452570601015,156,79,546,469,78,78,78,78,78,78,True,True,1482273024,modeled-pass
78,78,large-record,4096,candidate-current-npgsqlbatch-set-plus-getmultiple,True,True,156,2,98.71794871794872,21560,21560,0,3360,3144,6.428571428571429,156,79,546,469,78,78,78,78,78,78,True,True,-253918969,modeled-pass
78,78,large-record,4096,candidate-chunked-100-npgsqlbatch-set-plus-getmultiple,True,True,156,2,98.71794871794872,21560,21560,0,3360,3334,0.7738095238095238,156,79,546,469,78,78,78,78,78,78,True,True,-253918969,modeled-pass
78,78,large-record,4096,candidate-single-roundtrip-npgsqlbatch-set-and-read,True,True,156,1,99.35897435897436,21560,21560,0,3360,3161,5.9226190476190474,156,79,546,469,78,78,78,78,78,78,True,True,-253918969,modeled-pass
79,79,small-record,128,candidate-current-npgsqlbatch-set-plus-getmultiple,True,True,158,2,98.73417721518987,21560,21560,0,844,650,22.98578199052133,158,80,553,475,79,79,79,79,79,79,True,True,-1739300047,modeled-pass
79,79,small-record,128,candidate-chunked-100-npgsqlbatch-set-plus-getmultiple,True,True,158,2,98.73417721518987,21560,21560,0,844,668,20.85308056872038,158,80,553,475,79,79,79,79,79,79,True,True,-1739300047,modeled-pass
79,79,small-record,128,candidate-single-roundtrip-npgsqlbatch-set-and-read,True,True,158,1,99.36708860759494,21560,21560,0,844,664,21.327014218009477,158,80,553,475,79,79,79,79,79,79,True,True,-1739300047,modeled-pass
79,79,medium-record,1024,candidate-current-npgsqlbatch-set-plus-getmultiple,True,True,158,2,98.73417721518987,21560,21560,0,1319,1252,5.079605761940864,158,80,553,475,79,79,79,79,79,79,True,True,-2035572027,modeled-pass
79,79,medium-record,1024,candidate-chunked-100-npgsqlbatch-set-plus-getmultiple,True,True,158,2,98.73417721518987,21560,21560,0,1319,1219,7.58150113722517,158,80,553,475,79,79,79,79,79,79,True,True,-2035572027,modeled-pass
79,79,medium-record,1024,candidate-single-roundtrip-npgsqlbatch-set-and-read,True,True,158,1,99.36708860759494,21560,21560,0,1319,1221,7.429871114480667,158,80,553,475,79,79,79,79,79,79,True,True,-2035572027,modeled-pass
79,79,large-record,4096,candidate-current-npgsqlbatch-set-plus-getmultiple,True,True,158,2,98.73417721518987,21560,21560,0,3417,3188,6.701785191688615,158,80,553,475,79,79,79,79,79,79,True,True,887639961,modeled-pass
79,79,large-record,4096,candidate-chunked-100-npgsqlbatch-set-plus-getmultiple,True,True,158,2,98.73417721518987,21560,21560,0,3417,3254,4.770266315481416,158,80,553,475,79,79,79,79,79,79,True,True,887639961,modeled-pass
79,79,large-record,4096,candidate-single-roundtrip-npgsqlbatch-set-and-read,True,True,158,1,99.36708860759494,21560,21560,0,3417,3199,6.379865378987416,158,80,553,475,79,79,79,79,79,79,True,True,887639961,modeled-pass
80,80,small-record,128,candidate-current-npgsqlbatch-set-plus-getmultiple,True,True,160,2,98.75,21560,21560,0,758,656,13.45646437994723,160,81,560,481,80,80,80,80,80,80,True,True,-906837415,modeled-pass
80,80,small-record,128,candidate-chunked-100-npgsqlbatch-set-plus-getmultiple,True,True,160,2,98.75,21560,21560,0,758,650,14.248021108179419,160,81,560,481,80,80,80,80,80,80,True,True,-906837415,modeled-pass
80,80,small-record,128,candidate-single-roundtrip-npgsqlbatch-set-and-read,True,True,160,1,99.375,21560,21560,0,758,627,17.282321899736147,160,81,560,481,80,80,80,80,80,80,True,True,-906837415,modeled-pass
80,80,medium-record,1024,candidate-current-npgsqlbatch-set-plus-getmultiple,True,True,160,2,98.75,21560,21560,0,1357,1191,12.232866617538688,160,81,560,481,80,80,80,80,80,80,True,True,511706140,modeled-pass
80,80,medium-record,1024,candidate-chunked-100-npgsqlbatch-set-plus-getmultiple,True,True,160,2,98.75,21560,21560,0,1357,1273,6.190125276344879,160,81,560,481,80,80,80,80,80,80,True,True,511706140,modeled-pass
80,80,medium-record,1024,candidate-single-roundtrip-npgsqlbatch-set-and-read,True,True,160,1,99.375,21560,21560,0,1357,1340,1.2527634487840826,160,81,560,481,80,80,80,80,80,80,True,True,511706140,modeled-pass
80,80,large-record,4096,candidate-current-npgsqlbatch-set-plus-getmultiple,True,True,160,2,98.75,21560,21560,0,3311,3285,0.7852612503775295,160,81,560,481,80,80,80,80,80,80,True,True,1789020887,modeled-pass
80,80,large-record,4096,candidate-chunked-100-npgsqlbatch-set-plus-getmultiple,True,True,160,2,98.75,21560,21560,0,3311,3335,-0.7248565388100272,160,81,560,481,80,80,80,80,80,80,True,True,1789020887,modeled-pass
80,80,large-record,4096,candidate-single-roundtrip-npgsqlbatch-set-and-read,True,True,160,1,99.375,21560,21560,0,3311,3197,3.443068559347629,160,81,560,481,80,80,80,80,80,80,True,True,1789020887,modeled-pass
81,81,small-record,128,candidate-current-npgsqlbatch-set-plus-getmultiple,True,True,162,2,98.76543209876543,21560,21560,0,751,642,14.513981358189081,162,82,567,487,81,81,81,81,81,81,True,True,1621981797,modeled-pass
81,81,small-record,128,candidate-chunked-100-npgsqlbatch-set-plus-getmultiple,True,True,162,2,98.76543209876543,21560,21560,0,751,676,9.986684420772304,162,82,567,487,81,81,81,81,81,81,True,True,1621981797,modeled-pass
81,81,small-record,128,candidate-single-roundtrip-npgsqlbatch-set-and-read,True,True,162,1,99.38271604938272,21560,21560,0,751,726,3.3288948069241013,162,82,567,487,81,81,81,81,81,81,True,True,1621981797,modeled-pass
81,81,medium-record,1024,candidate-current-npgsqlbatch-set-plus-getmultiple,True,True,162,2,98.76543209876543,21560,21560,0,1445,1646,-13.910034602076125,162,82,567,487,81,81,81,81,81,81,True,True,300568807,modeled-pass
81,81,medium-record,1024,candidate-chunked-100-npgsqlbatch-set-plus-getmultiple,True,True,162,2,98.76543209876543,21560,21560,0,1445,1271,12.04152249134948,162,82,567,487,81,81,81,81,81,81,True,True,300568807,modeled-pass
81,81,medium-record,1024,candidate-single-roundtrip-npgsqlbatch-set-and-read,True,True,162,1,99.38271604938272,21560,21560,0,1445,1250,13.494809688581315,162,82,567,487,81,81,81,81,81,81,True,True,300568807,modeled-pass
81,81,large-record,4096,candidate-current-npgsqlbatch-set-plus-getmultiple,True,True,162,2,98.76543209876543,21560,21560,0,3512,3380,3.7585421412300684,162,82,567,487,81,81,81,81,81,81,True,True,2131425957,modeled-pass
81,81,large-record,4096,candidate-chunked-100-npgsqlbatch-set-plus-getmultiple,True,True,162,2,98.76543209876543,21560,21560,0,3512,3260,7.175398633257403,162,82,567,487,81,81,81,81,81,81,True,True,2131425957,modeled-pass
81,81,large-record,4096,candidate-single-roundtrip-npgsqlbatch-set-and-read,True,True,162,1,99.38271604938272,21560,21560,0,3512,3242,7.687927107061504,162,82,567,487,81,81,81,81,81,81,True,True,2131425957,modeled-pass
82,82,small-record,128,candidate-current-npgsqlbatch-set-plus-getmultiple,True,True,164,2,98.78048780487805,21560,21560,0,768,634,17.447916666666668,164,83,574,493,82,82,82,82,82,82,True,True,-214295344,modeled-pass
82,82,small-record,128,candidate-chunked-100-npgsqlbatch-set-plus-getmultiple,True,True,164,2,98.78048780487805,21560,21560,0,768,662,13.802083333333334,164,83,574,493,82,82,82,82,82,82,True,True,-214295344,modeled-pass
82,82,small-record,128,candidate-single-roundtrip-npgsqlbatch-set-and-read,True,True,164,1,99.39024390243902,21560,21560,0,768,681,11.328125,164,83,574,493,82,82,82,82,82,82,True,True,-214295344,modeled-pass
82,82,medium-record,1024,candidate-current-npgsqlbatch-set-plus-getmultiple,True,True,164,2,98.78048780487805,21560,21560,0,1358,1335,1.6936671575846833,164,83,574,493,82,82,82,82,82,82,True,True,541109477,modeled-pass
82,82,medium-record,1024,candidate-chunked-100-npgsqlbatch-set-plus-getmultiple,True,True,164,2,98.78048780487805,21560,21560,0,1358,1268,6.62739322533137,164,83,574,493,82,82,82,82,82,82,True,True,541109477,modeled-pass
82,82,medium-record,1024,candidate-single-roundtrip-npgsqlbatch-set-and-read,True,True,164,1,99.39024390243902,21560,21560,0,1358,1256,7.511045655375552,164,83,574,493,82,82,82,82,82,82,True,True,541109477,modeled-pass
82,82,large-record,4096,candidate-current-npgsqlbatch-set-plus-getmultiple,True,True,164,2,98.78048780487805,21560,21560,0,3360,3284,2.261904761904762,164,83,574,493,82,82,82,82,82,82,True,True,-1995575204,modeled-pass
82,82,large-record,4096,candidate-chunked-100-npgsqlbatch-set-plus-getmultiple,True,True,164,2,98.78048780487805,21560,21560,0,3360,3529,-5.029761904761905,164,83,574,493,82,82,82,82,82,82,True,True,-1995575204,modeled-pass
82,82,large-record,4096,candidate-single-roundtrip-npgsqlbatch-set-and-read,True,True,164,1,99.39024390243902,21560,21560,0,3360,3411,-1.5178571428571428,164,83,574,493,82,82,82,82,82,82,True,True,-1995575204,modeled-pass
83,83,small-record,128,candidate-current-npgsqlbatch-set-plus-getmultiple,True,True,166,2,98.79518072289157,21560,21560,0,780,665,14.743589743589743,166,84,581,499,83,83,83,83,83,83,True,True,-33937793,modeled-pass
83,83,small-record,128,candidate-chunked-100-npgsqlbatch-set-plus-getmultiple,True,True,166,2,98.79518072289157,21560,21560,0,780,719,7.82051282051282,166,84,581,499,83,83,83,83,83,83,True,True,-33937793,modeled-pass
83,83,small-record,128,candidate-single-roundtrip-npgsqlbatch-set-and-read,True,True,166,1,99.39759036144578,21560,21560,0,780,660,15.384615384615385,166,84,581,499,83,83,83,83,83,83,True,True,-33937793,modeled-pass
83,83,medium-record,1024,candidate-current-npgsqlbatch-set-plus-getmultiple,True,True,166,2,98.79518072289157,21560,21560,0,1383,1365,1.3015184381778742,166,84,581,499,83,83,83,83,83,83,True,True,-1270924726,modeled-pass
83,83,medium-record,1024,candidate-chunked-100-npgsqlbatch-set-plus-getmultiple,True,True,166,2,98.79518072289157,21560,21560,0,1383,1329,3.9045553145336225,166,84,581,499,83,83,83,83,83,83,True,True,-1270924726,modeled-pass
83,83,medium-record,1024,candidate-single-roundtrip-npgsqlbatch-set-and-read,True,True,166,1,99.39759036144578,21560,21560,0,1383,1318,4.6999276934201015,166,84,581,499,83,83,83,83,83,83,True,True,-1270924726,modeled-pass
83,83,large-record,4096,candidate-current-npgsqlbatch-set-plus-getmultiple,True,True,166,2,98.79518072289157,21560,21560,0,3584,3344,6.696428571428571,166,84,581,499,83,83,83,83,83,83,True,True,-1957842712,modeled-pass
83,83,large-record,4096,candidate-chunked-100-npgsqlbatch-set-plus-getmultiple,True,True,166,2,98.79518072289157,21560,21560,0,3584,3539,1.2555803571428572,166,84,581,499,83,83,83,83,83,83,True,True,-1957842712,modeled-pass
83,83,large-record,4096,candidate-single-roundtrip-npgsqlbatch-set-and-read,True,True,166,1,99.39759036144578,21560,21560,0,3584,3659,-2.0926339285714284,166,84,581,499,83,83,83,83,83,83,True,True,-1957842712,modeled-pass
84,84,small-record,128,candidate-current-npgsqlbatch-set-plus-getmultiple,True,True,168,2,98.80952380952381,21560,21560,0,836,709,15.191387559808613,168,85,588,505,84,84,84,84,84,84,True,True,2094526682,modeled-pass
84,84,small-record,128,candidate-chunked-100-npgsqlbatch-set-plus-getmultiple,True,True,168,2,98.80952380952381,21560,21560,0,836,746,10.76555023923445,168,85,588,505,84,84,84,84,84,84,True,True,2094526682,modeled-pass
84,84,small-record,128,candidate-single-roundtrip-npgsqlbatch-set-and-read,True,True,168,1,99.4047619047619,21560,21560,0,836,736,11.961722488038278,168,85,588,505,84,84,84,84,84,84,True,True,2094526682,modeled-pass
84,84,medium-record,1024,candidate-current-npgsqlbatch-set-plus-getmultiple,True,True,168,2,98.80952380952381,21560,21560,0,1423,1301,8.573436401967674,168,85,588,505,84,84,84,84,84,84,True,True,-848094679,modeled-pass
84,84,medium-record,1024,candidate-chunked-100-npgsqlbatch-set-plus-getmultiple,True,True,168,2,98.80952380952381,21560,21560,0,1423,1194,16.092761770906534,168,85,588,505,84,84,84,84,84,84,True,True,-848094679,modeled-pass
84,84,medium-record,1024,candidate-single-roundtrip-npgsqlbatch-set-and-read,True,True,168,1,99.4047619047619,21560,21560,0,1423,1149,19.255094869992973,168,85,588,505,84,84,84,84,84,84,True,True,-848094679,modeled-pass
84,84,large-record,4096,candidate-current-npgsqlbatch-set-plus-getmultiple,True,True,168,2,98.80952380952381,21560,21560,0,3414,3260,4.510837727006444,168,85,588,505,84,84,84,84,84,84,True,True,-344942851,modeled-pass
84,84,large-record,4096,candidate-chunked-100-npgsqlbatch-set-plus-getmultiple,True,True,168,2,98.80952380952381,21560,21560,0,3414,3381,0.9666080843585237,168,85,588,505,84,84,84,84,84,84,True,True,-344942851,modeled-pass
84,84,large-record,4096,candidate-single-roundtrip-npgsqlbatch-set-and-read,True,True,168,1,99.4047619047619,21560,21560,0,3414,3272,4.159343878148799,168,85,588,505,84,84,84,84,84,84,True,True,-344942851,modeled-pass
85,85,small-record,128,candidate-current-npgsqlbatch-set-plus-getmultiple,True,True,170,2,98.82352941176471,21560,21560,0,751,558,25.69906790945406,170,86,595,511,85,85,85,85,85,85,True,True,1563329958,modeled-pass
85,85,small-record,128,candidate-chunked-100-npgsqlbatch-set-plus-getmultiple,True,True,170,2,98.82352941176471,21560,21560,0,751,589,21.571238348868174,170,86,595,511,85,85,85,85,85,85,True,True,1563329958,modeled-pass
85,85,small-record,128,candidate-single-roundtrip-npgsqlbatch-set-and-read,True,True,170,1,99.41176470588235,21560,21560,0,751,488,35.01997336884155,170,86,595,511,85,85,85,85,85,85,True,True,1563329958,modeled-pass
85,85,medium-record,1024,candidate-current-npgsqlbatch-set-plus-getmultiple,True,True,170,2,98.82352941176471,21560,21560,0,1287,1181,8.236208236208236,170,86,595,511,85,85,85,85,85,85,True,True,-1091669047,modeled-pass
85,85,medium-record,1024,candidate-chunked-100-npgsqlbatch-set-plus-getmultiple,True,True,170,2,98.82352941176471,21560,21560,0,1287,1262,1.9425019425019425,170,86,595,511,85,85,85,85,85,85,True,True,-1091669047,modeled-pass
85,85,medium-record,1024,candidate-single-roundtrip-npgsqlbatch-set-and-read,True,True,170,1,99.41176470588235,21560,21560,0,1287,1145,11.033411033411033,170,86,595,511,85,85,85,85,85,85,True,True,-1091669047,modeled-pass
85,85,large-record,4096,candidate-current-npgsqlbatch-set-plus-getmultiple,True,True,170,2,98.82352941176471,21560,21560,0,3401,3367,0.9997059688326962,170,86,595,511,85,85,85,85,85,85,True,True,-38975515,modeled-pass
85,85,large-record,4096,candidate-chunked-100-npgsqlbatch-set-plus-getmultiple,True,True,170,2,98.82352941176471,21560,21560,0,3401,3321,2.3522493384298735,170,86,595,511,85,85,85,85,85,85,True,True,-38975515,modeled-pass
85,85,large-record,4096,candidate-single-roundtrip-npgsqlbatch-set-and-read,True,True,170,1,99.41176470588235,21560,21560,0,3401,3270,3.851808291678918,170,86,595,511,85,85,85,85,85,85,True,True,-38975515,modeled-pass
86,86,small-record,128,candidate-current-npgsqlbatch-set-plus-getmultiple,True,True,172,2,98.83720930232558,21560,21560,0,702,563,19.8005698005698,172,87,602,517,86,86,86,86,86,86,True,True,981969265,modeled-pass
86,86,small-record,128,candidate-chunked-100-npgsqlbatch-set-plus-getmultiple,True,True,172,2,98.83720930232558,21560,21560,0,702,601,14.387464387464387,172,87,602,517,86,86,86,86,86,86,True,True,981969265,modeled-pass
86,86,small-record,128,candidate-single-roundtrip-npgsqlbatch-set-and-read,True,True,172,1,99.4186046511628,21560,21560,0,702,488,30.484330484330485,172,87,602,517,86,86,86,86,86,86,True,True,981969265,modeled-pass
86,86,medium-record,1024,candidate-current-npgsqlbatch-set-plus-getmultiple,True,True,172,2,98.83720930232558,21560,21560,0,1114,1166,-4.667863554757631,172,87,602,517,86,86,86,86,86,86,True,True,-373163817,modeled-pass
86,86,medium-record,1024,candidate-chunked-100-npgsqlbatch-set-plus-getmultiple,True,True,172,2,98.83720930232558,21560,21560,0,1114,1199,-7.63016157989228,172,87,602,517,86,86,86,86,86,86,True,True,-373163817,modeled-pass
86,86,medium-record,1024,candidate-single-roundtrip-npgsqlbatch-set-and-read,True,True,172,1,99.4186046511628,21560,21560,0,1114,1097,1.5260323159784561,172,87,602,517,86,86,86,86,86,86,True,True,-373163817,modeled-pass
86,86,large-record,4096,candidate-current-npgsqlbatch-set-plus-getmultiple,True,True,172,2,98.83720930232558,21560,21272,1.3358070500927643,3545,3314,6.516220028208744,172,87,602,517,86,86,86,86,86,86,True,True,-350378106,modeled-pass
86,86,large-record,4096,candidate-chunked-100-npgsqlbatch-set-plus-getmultiple,True,True,172,2,98.83720930232558,21560,21560,0,3545,3337,5.867418899858956,172,87,602,517,86,86,86,86,86,86,True,True,-350378106,modeled-pass
86,86,large-record,4096,candidate-single-roundtrip-npgsqlbatch-set-and-read,True,True,172,1,99.4186046511628,21560,21560,0,3545,3264,7.926657263751763,172,87,602,517,86,86,86,86,86,86,True,True,-350378106,modeled-pass
87,87,small-record,128,candidate-current-npgsqlbatch-set-plus-getmultiple,True,True,174,2,98.85057471264368,21560,21560,0,481,563,-17.04781704781705,174,88,609,523,87,87,87,87,87,87,True,True,1392759406,modeled-pass
87,87,small-record,128,candidate-chunked-100-npgsqlbatch-set-plus-getmultiple,True,True,174,2,98.85057471264368,21560,21560,0,481,675,-40.33264033264033,174,88,609,523,87,87,87,87,87,87,True,True,1392759406,modeled-pass
87,87,small-record,128,candidate-single-roundtrip-npgsqlbatch-set-and-read,True,True,174,1,99.42528735632185,21560,21560,0,481,497,-3.3264033264033266,174,88,609,523,87,87,87,87,87,87,True,True,1392759406,modeled-pass
87,87,medium-record,1024,candidate-current-npgsqlbatch-set-plus-getmultiple,True,True,174,2,98.85057471264368,21560,21560,0,1226,1118,8.809135399673735,174,88,609,523,87,87,87,87,87,87,True,True,339887563,modeled-pass
87,87,medium-record,1024,candidate-chunked-100-npgsqlbatch-set-plus-getmultiple,True,True,174,2,98.85057471264368,21560,21560,0,1226,1242,-1.3050570962479608,174,88,609,523,87,87,87,87,87,87,True,True,339887563,modeled-pass
87,87,medium-record,1024,candidate-single-roundtrip-npgsqlbatch-set-and-read,True,True,174,1,99.42528735632185,21560,21560,0,1226,1125,8.238172920065253,174,88,609,523,87,87,87,87,87,87,True,True,339887563,modeled-pass
87,87,large-record,4096,candidate-current-npgsqlbatch-set-plus-getmultiple,True,True,174,2,98.85057471264368,21560,21520,0.18552875695732837,3520,3413,3.039772727272727,174,88,609,523,87,87,87,87,87,87,True,True,-9398170,modeled-pass
87,87,large-record,4096,candidate-chunked-100-npgsqlbatch-set-plus-getmultiple,True,True,174,2,98.85057471264368,21560,21520,0.18552875695732837,3520,3418,2.897727272727273,174,88,609,523,87,87,87,87,87,87,True,True,-9398170,modeled-pass
87,87,large-record,4096,candidate-single-roundtrip-npgsqlbatch-set-and-read,True,True,174,1,99.42528735632185,21560,21520,0.18552875695732837,3520,3301,6.221590909090909,174,88,609,523,87,87,87,87,87,87,True,True,-9398170,modeled-pass
88,88,small-record,128,candidate-current-npgsqlbatch-set-plus-getmultiple,True,True,176,2,98.86363636363636,21520,21520,0,508,520,-2.3622047244094486,176,89,616,529,88,88,88,88,88,88,True,True,2073294732,modeled-pass
88,88,small-record,128,candidate-chunked-100-npgsqlbatch-set-plus-getmultiple,True,True,176,2,98.86363636363636,21520,21520,0,508,645,-26.968503937007874,176,89,616,529,88,88,88,88,88,88,True,True,2073294732,modeled-pass
88,88,small-record,128,candidate-single-roundtrip-npgsqlbatch-set-and-read,True,True,176,1,99.43181818181819,21520,21520,0,508,515,-1.3779527559055118,176,89,616,529,88,88,88,88,88,88,True,True,2073294732,modeled-pass
88,88,medium-record,1024,candidate-current-npgsqlbatch-set-plus-getmultiple,True,True,176,2,98.86363636363636,21520,21520,0,1167,1130,3.170522707797772,176,89,616,529,88,88,88,88,88,88,True,True,-1378012743,modeled-pass
88,88,medium-record,1024,candidate-chunked-100-npgsqlbatch-set-plus-getmultiple,True,True,176,2,98.86363636363636,21520,21520,0,1167,1242,-6.426735218508997,176,89,616,529,88,88,88,88,88,88,True,True,-1378012743,modeled-pass
88,88,medium-record,1024,candidate-single-roundtrip-npgsqlbatch-set-and-read,True,True,176,1,99.43181818181819,21520,21520,0,1167,1130,3.170522707797772,176,89,616,529,88,88,88,88,88,88,True,True,-1378012743,modeled-pass
88,88,large-record,4096,candidate-current-npgsqlbatch-set-plus-getmultiple,True,True,176,2,98.86363636363636,21520,21520,0,3577,3381,5.47945205479452,176,89,616,529,88,88,88,88,88,88,True,True,494116355,modeled-pass
88,88,large-record,4096,candidate-chunked-100-npgsqlbatch-set-plus-getmultiple,True,True,176,2,98.86363636363636,21520,21520,0,3577,3525,1.453732177802628,176,89,616,529,88,88,88,88,88,88,True,True,494116355,modeled-pass
88,88,large-record,4096,candidate-single-roundtrip-npgsqlbatch-set-and-read,True,True,176,1,99.43181818181819,21520,21520,0,3577,3337,6.709533128319821,176,89,616,529,88,88,88,88,88,88,True,True,494116355,modeled-pass
89,89,small-record,128,candidate-current-npgsqlbatch-set-plus-getmultiple,True,True,178,2,98.87640449438203,21520,21520,0,507,479,5.522682445759369,178,90,623,535,89,89,89,89,89,89,True,True,-1322297748,modeled-pass
89,89,small-record,128,candidate-chunked-100-npgsqlbatch-set-plus-getmultiple,True,True,178,2,98.87640449438203,21520,21520,0,507,719,-41.814595660749504,178,90,623,535,89,89,89,89,89,89,True,True,-1322297748,modeled-pass
89,89,small-record,128,candidate-single-roundtrip-npgsqlbatch-set-and-read,True,True,178,1,99.43820224719101,21520,21520,0,507,517,-1.9723865877712032,178,90,623,535,89,89,89,89,89,89,True,True,-1322297748,modeled-pass
89,89,medium-record,1024,candidate-current-npgsqlbatch-set-plus-getmultiple,True,True,178,2,98.87640449438203,21520,21520,0,1177,1139,3.2285471537807986,178,90,623,535,89,89,89,89,89,89,True,True,622317883,modeled-pass
89,89,medium-record,1024,candidate-chunked-100-npgsqlbatch-set-plus-getmultiple,True,True,178,2,98.87640449438203,21520,21520,0,1177,1334,-13.338997451146984,178,90,623,535,89,89,89,89,89,89,True,True,622317883,modeled-pass
89,89,medium-record,1024,candidate-single-roundtrip-npgsqlbatch-set-and-read,True,True,178,1,99.43820224719101,21520,21520,0,1177,1154,1.9541206457094307,178,90,623,535,89,89,89,89,89,89,True,True,622317883,modeled-pass
89,89,large-record,4096,candidate-current-npgsqlbatch-set-plus-getmultiple,True,True,178,2,98.87640449438203,21520,21520,0,3523,3405,3.349418109565711,178,90,623,535,89,89,89,89,89,89,True,True,1446467403,modeled-pass
89,89,large-record,4096,candidate-chunked-100-npgsqlbatch-set-plus-getmultiple,True,True,178,2,98.87640449438203,21520,21520,0,3523,4103,-16.463241555492477,178,90,623,535,89,89,89,89,89,89,True,True,1446467403,modeled-pass
89,89,large-record,4096,candidate-single-roundtrip-npgsqlbatch-set-and-read,True,True,178,1,99.43820224719101,21520,21520,0,3523,3487,1.021856372409878,178,90,623,535,89,89,89,89,89,89,True,True,1446467403,modeled-pass
90,90,small-record,128,candidate-current-npgsqlbatch-set-plus-getmultiple,True,True,180,2,98.88888888888889,25552,25552,0,545,565,-3.669724770642202,180,91,630,541,90,90,90,90,90,90,True,True,318088294,modeled-pass
90,90,small-record,128,candidate-chunked-100-npgsqlbatch-set-plus-getmultiple,True,True,180,2,98.88888888888889,25552,25552,0,545,677,-24.220183486238533,180,91,630,541,90,90,90,90,90,90,True,True,318088294,modeled-pass
90,90,small-record,128,candidate-single-roundtrip-npgsqlbatch-set-and-read,True,True,180,1,99.44444444444444,25552,25552,0,545,717,-31.559633027522935,180,91,630,541,90,90,90,90,90,90,True,True,318088294,modeled-pass
90,90,medium-record,1024,candidate-current-npgsqlbatch-set-plus-getmultiple,True,True,180,2,98.88888888888889,25552,25552,0,1397,1424,-1.9327129563350036,180,91,630,541,90,90,90,90,90,90,True,True,2010059723,modeled-pass
90,90,medium-record,1024,candidate-chunked-100-npgsqlbatch-set-plus-getmultiple,True,True,180,2,98.88888888888889,25552,25552,0,1397,1418,-1.5032211882605584,180,91,630,541,90,90,90,90,90,90,True,True,2010059723,modeled-pass
90,90,medium-record,1024,candidate-single-roundtrip-npgsqlbatch-set-and-read,True,True,180,1,99.44444444444444,25552,25552,0,1397,1421,-1.717967072297781,180,91,630,541,90,90,90,90,90,90,True,True,2010059723,modeled-pass
90,90,large-record,4096,candidate-current-npgsqlbatch-set-plus-getmultiple,True,True,180,2,98.88888888888889,25552,25552,0,3769,3655,3.0246749801008224,180,91,630,541,90,90,90,90,90,90,True,True,-43716831,modeled-pass
90,90,large-record,4096,candidate-chunked-100-npgsqlbatch-set-plus-getmultiple,True,True,180,2,98.88888888888889,25552,25552,0,3769,3724,1.1939506500397983,180,91,630,541,90,90,90,90,90,90,True,True,-43716831,modeled-pass
90,90,large-record,4096,candidate-single-roundtrip-npgsqlbatch-set-and-read,True,True,180,1,99.44444444444444,25552,25552,0,3769,3632,3.6349164234544973,180,91,630,541,90,90,90,90,90,90,True,True,-43716831,modeled-pass
91,91,small-record,128,candidate-current-npgsqlbatch-set-plus-getmultiple,True,True,182,2,98.9010989010989,25552,25552,0,695,682,1.870503597122302,182,92,637,547,91,91,91,91,91,91,True,True,1573305089,modeled-pass
91,91,small-record,128,candidate-chunked-100-npgsqlbatch-set-plus-getmultiple,True,True,182,2,98.9010989010989,25552,25552,0,695,758,-9.06474820143885,182,92,637,547,91,91,91,91,91,91,True,True,1573305089,modeled-pass
91,91,small-record,128,candidate-single-roundtrip-npgsqlbatch-set-and-read,True,True,182,1,99.45054945054945,25552,25552,0,695,663,4.60431654676259,182,92,637,547,91,91,91,91,91,91,True,True,1573305089,modeled-pass
91,91,medium-record,1024,candidate-current-npgsqlbatch-set-plus-getmultiple,True,True,182,2,98.9010989010989,25552,25552,0,1777,1432,19.414743950478336,182,92,637,547,91,91,91,91,91,91,True,True,1192165358,modeled-pass
91,91,medium-record,1024,candidate-chunked-100-npgsqlbatch-set-plus-getmultiple,True,True,182,2,98.9010989010989,25552,25552,0,1777,1377,22.509848058525606,182,92,637,547,91,91,91,91,91,91,True,True,1192165358,modeled-pass
91,91,medium-record,1024,candidate-single-roundtrip-npgsqlbatch-set-and-read,True,True,182,1,99.45054945054945,25552,25552,0,1777,1436,19.18964546989308,182,92,637,547,91,91,91,91,91,91,True,True,1192165358,modeled-pass
91,91,large-record,4096,candidate-current-npgsqlbatch-set-plus-getmultiple,True,True,182,2,98.9010989010989,25552,25552,0,3708,3674,0.9169363538295577,182,92,637,547,91,91,91,91,91,91,True,True,-1674389530,modeled-pass
91,91,large-record,4096,candidate-chunked-100-npgsqlbatch-set-plus-getmultiple,True,True,182,2,98.9010989010989,25552,25552,0,3708,3688,0.5393743257820928,182,92,637,547,91,91,91,91,91,91,True,True,-1674389530,modeled-pass
91,91,large-record,4096,candidate-single-roundtrip-npgsqlbatch-set-and-read,True,True,182,1,99.45054945054945,25552,25552,0,3708,3703,0.1348435814455232,182,92,637,547,91,91,91,91,91,91,True,True,-1674389530,modeled-pass
92,92,small-record,128,candidate-current-npgsqlbatch-set-plus-getmultiple,True,True,184,2,98.91304347826087,25552,25552,0,629,757,-20.349761526232115,184,93,644,553,92,92,92,92,92,92,True,True,1622589186,modeled-pass
92,92,small-record,128,candidate-chunked-100-npgsqlbatch-set-plus-getmultiple,True,True,184,2,98.91304347826087,25552,25552,0,629,688,-9.379968203497615,184,93,644,553,92,92,92,92,92,92,True,True,1622589186,modeled-pass
92,92,small-record,128,candidate-single-roundtrip-npgsqlbatch-set-and-read,True,True,184,1,99.45652173913044,25552,25552,0,629,681,-8.267090620031796,184,93,644,553,92,92,92,92,92,92,True,True,1622589186,modeled-pass
92,92,medium-record,1024,candidate-current-npgsqlbatch-set-plus-getmultiple,True,True,184,2,98.91304347826087,25552,25552,0,1461,1400,4.175222450376454,184,93,644,553,92,92,92,92,92,92,True,True,1046028948,modeled-pass
92,92,medium-record,1024,candidate-chunked-100-npgsqlbatch-set-plus-getmultiple,True,True,184,2,98.91304347826087,25552,25552,0,1461,1409,3.5592060232717317,184,93,644,553,92,92,92,92,92,92,True,True,1046028948,modeled-pass
92,92,medium-record,1024,candidate-single-roundtrip-npgsqlbatch-set-and-read,True,True,184,1,99.45652173913044,25552,25552,0,1461,1411,3.4223134839151266,184,93,644,553,92,92,92,92,92,92,True,True,1046028948,modeled-pass
92,92,large-record,4096,candidate-current-npgsqlbatch-set-plus-getmultiple,True,True,184,2,98.91304347826087,25552,25552,0,3801,3932,-3.446461457511181,184,93,644,553,92,92,92,92,92,92,True,True,1421153552,modeled-pass
92,92,large-record,4096,candidate-chunked-100-npgsqlbatch-set-plus-getmultiple,True,True,184,2,98.91304347826087,25552,25552,0,3801,3778,0.6051039200210471,184,93,644,553,92,92,92,92,92,92,True,True,1421153552,modeled-pass
92,92,large-record,4096,candidate-single-roundtrip-npgsqlbatch-set-and-read,True,True,184,1,99.45652173913044,25552,25552,0,3801,3716,2.236253617469087,184,93,644,553,92,92,92,92,92,92,True,True,1421153552,modeled-pass
93,93,small-record,128,candidate-current-npgsqlbatch-set-plus-getmultiple,True,True,186,2,98.9247311827957,25552,25552,0,641,689,-7.488299531981279,186,94,651,559,93,93,93,93,93,93,True,True,-1456820574,modeled-pass
93,93,small-record,128,candidate-chunked-100-npgsqlbatch-set-plus-getmultiple,True,True,186,2,98.9247311827957,25552,25552,0,641,732,-14.196567862714508,186,94,651,559,93,93,93,93,93,93,True,True,-1456820574,modeled-pass
93,93,small-record,128,candidate-single-roundtrip-npgsqlbatch-set-and-read,True,True,186,1,99.46236559139786,25552,25552,0,641,681,-6.240249609984399,186,94,651,559,93,93,93,93,93,93,True,True,-1456820574,modeled-pass
93,93,medium-record,1024,candidate-current-npgsqlbatch-set-plus-getmultiple,True,True,186,2,98.9247311827957,25552,25552,0,1466,1446,1.364256480218281,186,94,651,559,93,93,93,93,93,93,True,True,14801290,modeled-pass
93,93,medium-record,1024,candidate-chunked-100-npgsqlbatch-set-plus-getmultiple,True,True,186,2,98.9247311827957,25552,25552,0,1466,1438,1.9099590723055935,186,94,651,559,93,93,93,93,93,93,True,True,14801290,modeled-pass
93,93,medium-record,1024,candidate-single-roundtrip-npgsqlbatch-set-and-read,True,True,186,1,99.46236559139786,25552,25552,0,1466,1401,4.433833560709413,186,94,651,559,93,93,93,93,93,93,True,True,14801290,modeled-pass
93,93,large-record,4096,candidate-current-npgsqlbatch-set-plus-getmultiple,True,True,186,2,98.9247311827957,25552,25552,0,3847,3747,2.599428125812321,186,94,651,559,93,93,93,93,93,93,True,True,1120276263,modeled-pass
93,93,large-record,4096,candidate-chunked-100-npgsqlbatch-set-plus-getmultiple,True,True,186,2,98.9247311827957,25552,25552,0,3847,3668,4.652976345204055,186,94,651,559,93,93,93,93,93,93,True,True,1120276263,modeled-pass
93,93,large-record,4096,candidate-single-roundtrip-npgsqlbatch-set-and-read,True,True,186,1,99.46236559139786,25552,25552,0,3847,3761,2.235508188198596,186,94,651,559,93,93,93,93,93,93,True,True,1120276263,modeled-pass
94,94,small-record,128,candidate-current-npgsqlbatch-set-plus-getmultiple,True,True,188,2,98.93617021276596,25552,25552,0,627,685,-9.250398724082935,188,95,658,565,94,94,94,94,94,94,True,True,-769832063,modeled-pass
94,94,small-record,128,candidate-chunked-100-npgsqlbatch-set-plus-getmultiple,True,True,188,2,98.93617021276596,25552,25552,0,627,748,-19.29824561403509,188,95,658,565,94,94,94,94,94,94,True,True,-769832063,modeled-pass
94,94,small-record,128,candidate-single-roundtrip-npgsqlbatch-set-and-read,True,True,188,1,99.46808510638297,25552,25552,0,627,685,-9.250398724082935,188,95,658,565,94,94,94,94,94,94,True,True,-769832063,modeled-pass
94,94,medium-record,1024,candidate-current-npgsqlbatch-set-plus-getmultiple,True,True,188,2,98.93617021276596,25552,25552,0,1383,1449,-4.772234273318872,188,95,658,565,94,94,94,94,94,94,True,True,361475317,modeled-pass
94,94,medium-record,1024,candidate-chunked-100-npgsqlbatch-set-plus-getmultiple,True,True,188,2,98.93617021276596,25552,25552,0,1383,1405,-1.5907447577729574,188,95,658,565,94,94,94,94,94,94,True,True,361475317,modeled-pass
94,94,medium-record,1024,candidate-single-roundtrip-npgsqlbatch-set-and-read,True,True,188,1,99.46808510638297,25552,25552,0,1383,1374,0.6507592190889371,188,95,658,565,94,94,94,94,94,94,True,True,361475317,modeled-pass
94,94,large-record,4096,candidate-current-npgsqlbatch-set-plus-getmultiple,True,True,188,2,98.93617021276596,25552,25552,0,3922,3702,5.609382967873534,188,95,658,565,94,94,94,94,94,94,True,True,1478433255,modeled-pass
94,94,large-record,4096,candidate-chunked-100-npgsqlbatch-set-plus-getmultiple,True,True,188,2,98.93617021276596,25552,25552,0,3922,3769,3.9010708822029576,188,95,658,565,94,94,94,94,94,94,True,True,1478433255,modeled-pass
94,94,large-record,4096,candidate-single-roundtrip-npgsqlbatch-set-and-read,True,True,188,1,99.46808510638297,25552,25552,0,3922,3698,5.711371749107598,188,95,658,565,94,94,94,94,94,94,True,True,1478433255,modeled-pass
95,95,small-record,128,candidate-current-npgsqlbatch-set-plus-getmultiple,True,True,190,2,98.94736842105263,25552,25552,0,669,671,-0.29895366218236175,190,96,665,571,95,95,95,95,95,95,True,True,515173554,modeled-pass
95,95,small-record,128,candidate-chunked-100-npgsqlbatch-set-plus-getmultiple,True,True,190,2,98.94736842105263,25552,25552,0,669,800,-19.581464872944693,190,96,665,571,95,95,95,95,95,95,True,True,515173554,modeled-pass
95,95,small-record,128,candidate-single-roundtrip-npgsqlbatch-set-and-read,True,True,190,1,99.47368421052632,25552,25552,0,669,660,1.345291479820628,190,96,665,571,95,95,95,95,95,95,True,True,515173554,modeled-pass
95,95,medium-record,1024,candidate-current-npgsqlbatch-set-plus-getmultiple,True,True,190,2,98.94736842105263,25552,25552,0,1546,1364,11.772315653298836,190,96,665,571,95,95,95,95,95,95,True,True,-876890530,modeled-pass
95,95,medium-record,1024,candidate-chunked-100-npgsqlbatch-set-plus-getmultiple,True,True,190,2,98.94736842105263,25552,25552,0,1546,1571,-1.6170763260025873,190,96,665,571,95,95,95,95,95,95,True,True,-876890530,modeled-pass
95,95,medium-record,1024,candidate-single-roundtrip-npgsqlbatch-set-and-read,True,True,190,1,99.47368421052632,25552,25552,0,1546,1411,8.732212160413972,190,96,665,571,95,95,95,95,95,95,True,True,-876890530,modeled-pass
95,95,large-record,4096,candidate-current-npgsqlbatch-set-plus-getmultiple,True,True,190,2,98.94736842105263,25552,25552,0,3973,3860,2.844198338786811,190,96,665,571,95,95,95,95,95,95,True,True,-672429177,modeled-pass
95,95,large-record,4096,candidate-chunked-100-npgsqlbatch-set-plus-getmultiple,True,True,190,2,98.94736842105263,25552,25552,0,3973,3825,3.7251447269066196,190,96,665,571,95,95,95,95,95,95,True,True,-672429177,modeled-pass
95,95,large-record,4096,candidate-single-roundtrip-npgsqlbatch-set-and-read,True,True,190,1,99.47368421052632,25552,25552,0,3973,3789,4.631261011829851,190,96,665,571,95,95,95,95,95,95,True,True,-672429177,modeled-pass
96,96,small-record,128,candidate-current-npgsqlbatch-set-plus-getmultiple,True,True,192,2,98.95833333333333,25552,25552,0,723,775,-7.19225449515906,192,97,672,577,96,96,96,96,96,96,True,True,-1595551498,modeled-pass
96,96,small-record,128,candidate-chunked-100-npgsqlbatch-set-plus-getmultiple,True,True,192,2,98.95833333333333,25552,25552,0,723,687,4.979253112033195,192,97,672,577,96,96,96,96,96,96,True,True,-1595551498,modeled-pass
96,96,small-record,128,candidate-single-roundtrip-npgsqlbatch-set-and-read,True,True,192,1,99.47916666666667,25552,25552,0,723,714,1.2448132780082988,192,97,672,577,96,96,96,96,96,96,True,True,-1595551498,modeled-pass
96,96,medium-record,1024,candidate-current-npgsqlbatch-set-plus-getmultiple,True,True,192,2,98.95833333333333,25552,25552,0,1434,1428,0.41841004184100417,192,97,672,577,96,96,96,96,96,96,True,True,-463474043,modeled-pass
96,96,medium-record,1024,candidate-chunked-100-npgsqlbatch-set-plus-getmultiple,True,True,192,2,98.95833333333333,25552,25552,0,1434,1469,-2.4407252440725244,192,97,672,577,96,96,96,96,96,96,True,True,-463474043,modeled-pass
96,96,medium-record,1024,candidate-single-roundtrip-npgsqlbatch-set-and-read,True,True,192,1,99.47916666666667,25552,25552,0,1434,1408,1.8131101813110182,192,97,672,577,96,96,96,96,96,96,True,True,-463474043,modeled-pass
96,96,large-record,4096,candidate-current-npgsqlbatch-set-plus-getmultiple,True,True,192,2,98.95833333333333,25552,25552,0,3968,3955,0.3276209677419355,192,97,672,577,96,96,96,96,96,96,True,True,1402903432,modeled-pass
96,96,large-record,4096,candidate-chunked-100-npgsqlbatch-set-plus-getmultiple,True,True,192,2,98.95833333333333,25552,25552,0,3968,3769,5.015120967741935,192,97,672,577,96,96,96,96,96,96,True,True,1402903432,modeled-pass
96,96,large-record,4096,candidate-single-roundtrip-npgsqlbatch-set-and-read,True,True,192,1,99.47916666666667,25552,25552,0,3968,3897,1.7893145161290323,192,97,672,577,96,96,96,96,96,96,True,True,1402903432,modeled-pass
97,97,small-record,128,candidate-current-npgsqlbatch-set-plus-getmultiple,True,True,194,2,98.96907216494846,25552,25552,0,647,710,-9.737248840803709,194,98,679,583,97,97,97,97,97,97,True,True,871004847,modeled-pass
97,97,small-record,128,candidate-chunked-100-npgsqlbatch-set-plus-getmultiple,True,True,194,2,98.96907216494846,25552,25552,0,647,732,-13.13755795981453,194,98,679,583,97,97,97,97,97,97,True,True,871004847,modeled-pass
97,97,small-record,128,candidate-single-roundtrip-npgsqlbatch-set-and-read,True,True,194,1,99.48453608247422,25552,25552,0,647,685,-5.873261205564142,194,98,679,583,97,97,97,97,97,97,True,True,871004847,modeled-pass
97,97,medium-record,1024,candidate-current-npgsqlbatch-set-plus-getmultiple,True,True,194,2,98.96907216494846,25552,25552,0,1475,1479,-0.2711864406779661,194,98,679,583,97,97,97,97,97,97,True,True,-560777424,modeled-pass
97,97,medium-record,1024,candidate-chunked-100-npgsqlbatch-set-plus-getmultiple,True,True,194,2,98.96907216494846,25552,25552,0,1475,1491,-1.0847457627118644,194,98,679,583,97,97,97,97,97,97,True,True,-560777424,modeled-pass
97,97,medium-record,1024,candidate-single-roundtrip-npgsqlbatch-set-and-read,True,True,194,1,99.48453608247422,25552,25552,0,1475,1579,-7.0508474576271185,194,98,679,583,97,97,97,97,97,97,True,True,-560777424,modeled-pass
97,97,large-record,4096,candidate-current-npgsqlbatch-set-plus-getmultiple,True,True,194,2,98.96907216494846,25552,25552,0,3963,4116,-3.8607115821347464,194,98,679,583,97,97,97,97,97,97,True,True,-995214712,modeled-pass
97,97,large-record,4096,candidate-chunked-100-npgsqlbatch-set-plus-getmultiple,True,True,194,2,98.96907216494846,25552,25552,0,3963,3824,3.5074438556649,194,98,679,583,97,97,97,97,97,97,True,True,-995214712,modeled-pass
97,97,large-record,4096,candidate-single-roundtrip-npgsqlbatch-set-and-read,True,True,194,1,99.48453608247422,25552,25552,0,3963,3983,-0.5046681806712087,194,98,679,583,97,97,97,97,97,97,True,True,-995214712,modeled-pass
98,98,small-record,128,candidate-current-npgsqlbatch-set-plus-getmultiple,True,True,196,2,98.9795918367347,25552,25552,0,674,695,-3.115727002967359,196,99,686,589,98,98,98,98,98,98,True,True,-1738753600,modeled-pass
98,98,small-record,128,candidate-chunked-100-npgsqlbatch-set-plus-getmultiple,True,True,196,2,98.9795918367347,25552,25552,0,674,733,-8.753709198813056,196,99,686,589,98,98,98,98,98,98,True,True,-1738753600,modeled-pass
98,98,small-record,128,candidate-single-roundtrip-npgsqlbatch-set-and-read,True,True,196,1,99.48979591836735,25552,25552,0,674,692,-2.6706231454005933,196,99,686,589,98,98,98,98,98,98,True,True,-1738753600,modeled-pass
98,98,medium-record,1024,candidate-current-npgsqlbatch-set-plus-getmultiple,True,True,196,2,98.9795918367347,25552,25552,0,1501,1423,5.19653564290473,196,99,686,589,98,98,98,98,98,98,True,True,-893122527,modeled-pass
98,98,medium-record,1024,candidate-chunked-100-npgsqlbatch-set-plus-getmultiple,True,True,196,2,98.9795918367347,25552,25552,0,1501,1508,-0.46635576282478347,196,99,686,589,98,98,98,98,98,98,True,True,-893122527,modeled-pass
98,98,medium-record,1024,candidate-single-roundtrip-npgsqlbatch-set-and-read,True,True,196,1,99.48979591836735,25552,25552,0,1501,1482,1.2658227848101267,196,99,686,589,98,98,98,98,98,98,True,True,-893122527,modeled-pass
98,98,large-record,4096,candidate-current-npgsqlbatch-set-plus-getmultiple,True,True,196,2,98.9795918367347,25552,25552,0,4778,3918,17.999162829635832,196,99,686,589,98,98,98,98,98,98,True,True,-1120267658,modeled-pass
98,98,large-record,4096,candidate-chunked-100-npgsqlbatch-set-plus-getmultiple,True,True,196,2,98.9795918367347,25552,25552,0,4778,3967,16.97362913352867,196,99,686,589,98,98,98,98,98,98,True,True,-1120267658,modeled-pass
98,98,large-record,4096,candidate-single-roundtrip-npgsqlbatch-set-and-read,True,True,196,1,99.48979591836735,25552,25552,0,4778,3938,17.580577647551276,196,99,686,589,98,98,98,98,98,98,True,True,-1120267658,modeled-pass
99,99,small-record,128,candidate-current-npgsqlbatch-set-plus-getmultiple,True,True,198,2,98.98989898989899,25552,25552,0,692,707,-2.167630057803468,198,100,693,595,99,99,99,99,99,99,True,True,-1486349291,modeled-pass
99,99,small-record,128,candidate-chunked-100-npgsqlbatch-set-plus-getmultiple,True,True,198,2,98.98989898989899,25552,25552,0,692,756,-9.248554913294798,198,100,693,595,99,99,99,99,99,99,True,True,-1486349291,modeled-pass
99,99,small-record,128,candidate-single-roundtrip-npgsqlbatch-set-and-read,True,True,198,1,99.4949494949495,25552,25552,0,692,706,-2.023121387283237,198,100,693,595,99,99,99,99,99,99,True,True,-1486349291,modeled-pass
99,99,medium-record,1024,candidate-current-npgsqlbatch-set-plus-getmultiple,True,True,198,2,98.98989898989899,25552,25552,0,1519,1476,2.8308097432521397,198,100,693,595,99,99,99,99,99,99,True,True,-335773557,modeled-pass
99,99,medium-record,1024,candidate-chunked-100-npgsqlbatch-set-plus-getmultiple,True,True,198,2,98.98989898989899,25552,25552,0,1519,1590,-4.67412771560237,198,100,693,595,99,99,99,99,99,99,True,True,-335773557,modeled-pass
99,99,medium-record,1024,candidate-single-roundtrip-npgsqlbatch-set-and-read,True,True,198,1,99.4949494949495,25552,25552,0,1519,1463,3.686635944700461,198,100,693,595,99,99,99,99,99,99,True,True,-335773557,modeled-pass
99,99,large-record,4096,candidate-current-npgsqlbatch-set-plus-getmultiple,True,True,198,2,98.98989898989899,25552,25552,0,4108,3974,3.2619279454722494,198,100,693,595,99,99,99,99,99,99,True,True,504817304,modeled-pass
99,99,large-record,4096,candidate-chunked-100-npgsqlbatch-set-plus-getmultiple,True,True,198,2,98.98989898989899,25552,25552,0,4108,3941,4.065238558909445,198,100,693,595,99,99,99,99,99,99,True,True,504817304,modeled-pass
99,99,large-record,4096,candidate-single-roundtrip-npgsqlbatch-set-and-read,True,True,198,1,99.4949494949495,25552,25552,0,4108,3924,4.47906523855891,198,100,693,595,99,99,99,99,99,99,True,True,504817304,modeled-pass
100,100,small-record,128,candidate-current-npgsqlbatch-set-plus-getmultiple,True,True,200,2,99,25552,25552,0,690,760,-10.144927536231885,200,101,700,601,100,100,100,100,100,100,True,True,644569642,modeled-pass
100,100,small-record,128,candidate-chunked-100-npgsqlbatch-set-plus-getmultiple,True,True,200,2,99,25552,25552,0,690,708,-2.608695652173913,200,101,700,601,100,100,100,100,100,100,True,True,644569642,modeled-pass
100,100,small-record,128,candidate-single-roundtrip-npgsqlbatch-set-and-read,True,True,200,1,99.5,25552,25552,0,690,718,-4.057971014492754,200,101,700,601,100,100,100,100,100,100,True,True,644569642,modeled-pass
100,100,medium-record,1024,candidate-current-npgsqlbatch-set-plus-getmultiple,True,True,200,2,99,25552,25552,0,1472,1455,1.1548913043478262,200,101,700,601,100,100,100,100,100,100,True,True,-180059217,modeled-pass
100,100,medium-record,1024,candidate-chunked-100-npgsqlbatch-set-plus-getmultiple,True,True,200,2,99,25552,25552,0,1472,1498,-1.766304347826087,200,101,700,601,100,100,100,100,100,100,True,True,-180059217,modeled-pass
100,100,medium-record,1024,candidate-single-roundtrip-npgsqlbatch-set-and-read,True,True,200,1,99.5,25552,25552,0,1472,1472,0,200,101,700,601,100,100,100,100,100,100,True,True,-180059217,modeled-pass
100,100,large-record,4096,candidate-current-npgsqlbatch-set-plus-getmultiple,True,True,200,2,99,25552,25552,0,4185,6377,-52.37753882915173,200,101,700,601,100,100,100,100,100,100,True,True,-1463472450,modeled-pass
100,100,large-record,4096,candidate-chunked-100-npgsqlbatch-set-plus-getmultiple,True,True,200,2,99,25552,25552,0,4185,4045,3.3452807646356035,200,101,700,601,100,100,100,100,100,100,True,True,-1463472450,modeled-pass
100,100,large-record,4096,candidate-single-roundtrip-npgsqlbatch-set-and-read,True,True,200,1,99.5,25552,25552,0,4185,4000,4.4205495818399045,200,101,700,601,100,100,100,100,100,100,True,True,-1463472450,modeled-pass
101,101,small-record,128,candidate-current-npgsqlbatch-set-plus-getmultiple,True,True,202,2,99.00990099009901,25552,25552,0,804,714,11.194029850746269,202,102,707,607,101,101,101,101,101,101,True,True,-1052196634,modeled-pass
101,101,small-record,128,candidate-chunked-100-npgsqlbatch-set-plus-getmultiple,True,True,202,3,98.51485148514851,25552,25552,0,804,769,4.353233830845771,202,102,707,607,101,101,101,101,101,101,True,True,-1052196634,modeled-pass
101,101,small-record,128,candidate-single-roundtrip-npgsqlbatch-set-and-read,True,True,202,1,99.5049504950495,25552,25552,0,804,731,9.07960199004975,202,102,707,607,101,101,101,101,101,101,True,True,-1052196634,modeled-pass
101,101,medium-record,1024,candidate-current-npgsqlbatch-set-plus-getmultiple,True,True,202,2,99.00990099009901,25552,25552,0,1527,1539,-0.7858546168958742,202,102,707,607,101,101,101,101,101,101,True,True,1412644613,modeled-pass
101,101,medium-record,1024,candidate-chunked-100-npgsqlbatch-set-plus-getmultiple,True,True,202,3,98.51485148514851,25552,25552,0,1527,1580,-3.470857891290111,202,102,707,607,101,101,101,101,101,101,True,True,1412644613,modeled-pass
101,101,medium-record,1024,candidate-single-roundtrip-npgsqlbatch-set-and-read,True,True,202,1,99.5049504950495,25552,25552,0,1527,1547,-1.309757694826457,202,102,707,607,101,101,101,101,101,101,True,True,1412644613,modeled-pass
101,101,large-record,4096,candidate-current-npgsqlbatch-set-plus-getmultiple,True,True,202,2,99.00990099009901,25552,25552,0,4170,4075,2.278177458033573,202,102,707,607,101,101,101,101,101,101,True,True,160916976,modeled-pass
101,101,large-record,4096,candidate-chunked-100-npgsqlbatch-set-plus-getmultiple,True,True,202,3,98.51485148514851,25552,25552,0,4170,4094,1.8225419664268585,202,102,707,607,101,101,101,101,101,101,True,True,160916976,modeled-pass
101,101,large-record,4096,candidate-single-roundtrip-npgsqlbatch-set-and-read,True,True,202,1,99.5049504950495,25552,25552,0,4170,4084,2.062350119904077,202,102,707,607,101,101,101,101,101,101,True,True,160916976,modeled-pass
102,102,small-record,128,candidate-current-npgsqlbatch-set-plus-getmultiple,True,True,204,2,99.01960784313725,25552,25552,0,715,696,2.6573426573426575,204,103,714,613,102,102,102,102,102,102,True,True,-1271384800,modeled-pass
102,102,small-record,128,candidate-chunked-100-npgsqlbatch-set-plus-getmultiple,True,True,204,3,98.52941176470588,25552,25552,0,715,760,-6.293706293706293,204,103,714,613,102,102,102,102,102,102,True,True,-1271384800,modeled-pass
102,102,small-record,128,candidate-single-roundtrip-npgsqlbatch-set-and-read,True,True,204,1,99.50980392156863,25552,25552,0,715,761,-6.433566433566433,204,103,714,613,102,102,102,102,102,102,True,True,-1271384800,modeled-pass
102,102,medium-record,1024,candidate-current-npgsqlbatch-set-plus-getmultiple,True,True,204,2,99.01960784313725,25552,25552,0,1528,1485,2.8141361256544504,204,103,714,613,102,102,102,102,102,102,True,True,493395166,modeled-pass
102,102,medium-record,1024,candidate-chunked-100-npgsqlbatch-set-plus-getmultiple,True,True,204,3,98.52941176470588,25552,25552,0,1528,4056,-165.44502617801047,204,103,714,613,102,102,102,102,102,102,True,True,493395166,modeled-pass
102,102,medium-record,1024,candidate-single-roundtrip-npgsqlbatch-set-and-read,True,True,204,1,99.50980392156863,25552,25552,0,1528,1503,1.6361256544502618,204,103,714,613,102,102,102,102,102,102,True,True,493395166,modeled-pass
102,102,large-record,4096,candidate-current-npgsqlbatch-set-plus-getmultiple,True,True,204,2,99.01960784313725,25552,25552,0,4272,4076,4.588014981273409,204,103,714,613,102,102,102,102,102,102,True,True,-1515710781,modeled-pass
102,102,large-record,4096,candidate-chunked-100-npgsqlbatch-set-plus-getmultiple,True,True,204,3,98.52941176470588,25552,25552,0,4272,4799,-12.336142322097379,204,103,714,613,102,102,102,102,102,102,True,True,-1515710781,modeled-pass
102,102,large-record,4096,candidate-single-roundtrip-npgsqlbatch-set-and-read,True,True,204,1,99.50980392156863,25552,25552,0,4272,4022,5.852059925093633,204,103,714,613,102,102,102,102,102,102,True,True,-1515710781,modeled-pass
103,103,small-record,128,candidate-current-npgsqlbatch-set-plus-getmultiple,True,True,206,2,99.02912621359224,25552,25552,0,695,735,-5.755395683453237,206,104,721,619,103,103,103,103,103,103,True,True,-1698613616,modeled-pass
103,103,small-record,128,candidate-chunked-100-npgsqlbatch-set-plus-getmultiple,True,True,206,3,98.54368932038835,25552,25552,0,695,749,-7.76978417266187,206,104,721,619,103,103,103,103,103,103,True,True,-1698613616,modeled-pass
103,103,small-record,128,candidate-single-roundtrip-npgsqlbatch-set-and-read,True,True,206,1,99.51456310679612,25552,25552,0,695,752,-8.201438848920864,206,104,721,619,103,103,103,103,103,103,True,True,-1698613616,modeled-pass
103,103,medium-record,1024,candidate-current-npgsqlbatch-set-plus-getmultiple,True,True,206,2,99.02912621359224,25552,25552,0,1526,1564,-2.490170380078637,206,104,721,619,103,103,103,103,103,103,True,True,-1238459493,modeled-pass
103,103,medium-record,1024,candidate-chunked-100-npgsqlbatch-set-plus-getmultiple,True,True,206,3,98.54368932038835,25552,25552,0,1526,1559,-2.162516382699869,206,104,721,619,103,103,103,103,103,103,True,True,-1238459493,modeled-pass
103,103,medium-record,1024,candidate-single-roundtrip-npgsqlbatch-set-and-read,True,True,206,1,99.51456310679612,25552,25552,0,1526,1628,-6.684141546526868,206,104,721,619,103,103,103,103,103,103,True,True,-1238459493,modeled-pass
103,103,large-record,4096,candidate-current-npgsqlbatch-set-plus-getmultiple,True,True,206,2,99.02912621359224,25552,25552,0,4224,4076,3.503787878787879,206,104,721,619,103,103,103,103,103,103,True,True,-1416492753,modeled-pass
103,103,large-record,4096,candidate-chunked-100-npgsqlbatch-set-plus-getmultiple,True,True,206,3,98.54368932038835,25552,25552,0,4224,4092,3.125,206,104,721,619,103,103,103,103,103,103,True,True,-1416492753,modeled-pass
103,103,large-record,4096,candidate-single-roundtrip-npgsqlbatch-set-and-read,True,True,206,1,99.51456310679612,25552,25552,0,4224,4109,2.722537878787879,206,104,721,619,103,103,103,103,103,103,True,True,-1416492753,modeled-pass
104,104,small-record,128,candidate-current-npgsqlbatch-set-plus-getmultiple,True,True,208,2,99.03846153846153,25552,25552,0,724,748,-3.314917127071823,208,105,728,625,104,104,104,104,104,104,True,True,151291595,modeled-pass
104,104,small-record,128,candidate-chunked-100-npgsqlbatch-set-plus-getmultiple,True,True,208,3,98.5576923076923,25552,25552,0,724,776,-7.18232044198895,208,105,728,625,104,104,104,104,104,104,True,True,151291595,modeled-pass
104,104,small-record,128,candidate-single-roundtrip-npgsqlbatch-set-and-read,True,True,208,1,99.51923076923077,25552,25552,0,724,750,-3.591160220994475,208,105,728,625,104,104,104,104,104,104,True,True,151291595,modeled-pass
104,104,medium-record,1024,candidate-current-npgsqlbatch-set-plus-getmultiple,True,True,208,2,99.03846153846153,25552,25552,0,1549,1518,2.001291155584248,208,105,728,625,104,104,104,104,104,104,True,True,-612095043,modeled-pass
104,104,medium-record,1024,candidate-chunked-100-npgsqlbatch-set-plus-getmultiple,True,True,208,3,98.5576923076923,25552,25552,0,1549,1494,3.5506778566817303,208,105,728,625,104,104,104,104,104,104,True,True,-612095043,modeled-pass
104,104,medium-record,1024,candidate-single-roundtrip-npgsqlbatch-set-and-read,True,True,208,1,99.51923076923077,25552,25552,0,1549,1534,0.9683666881859264,208,105,728,625,104,104,104,104,104,104,True,True,-612095043,modeled-pass
104,104,large-record,4096,candidate-current-npgsqlbatch-set-plus-getmultiple,True,True,208,2,99.03846153846153,25552,25552,0,4225,4115,2.603550295857988,208,105,728,625,104,104,104,104,104,104,True,True,1378684174,modeled-pass
104,104,large-record,4096,candidate-chunked-100-npgsqlbatch-set-plus-getmultiple,True,True,208,3,98.5576923076923,25552,25552,0,4225,4066,3.7633136094674557,208,105,728,625,104,104,104,104,104,104,True,True,1378684174,modeled-pass
104,104,large-record,4096,candidate-single-roundtrip-npgsqlbatch-set-and-read,True,True,208,1,99.51923076923077,25552,25552,0,4225,4160,1.5384615384615385,208,105,728,625,104,104,104,104,104,104,True,True,1378684174,modeled-pass
105,105,small-record,128,candidate-current-npgsqlbatch-set-plus-getmultiple,True,True,210,2,99.04761904761905,25552,25552,0,767,729,4.954367666232073,210,106,735,631,105,105,105,105,105,105,True,True,1282148616,modeled-pass
105,105,small-record,128,candidate-chunked-100-npgsqlbatch-set-plus-getmultiple,True,True,210,3,98.57142857142857,25552,25552,0,767,777,-1.303780964797914,210,106,735,631,105,105,105,105,105,105,True,True,1282148616,modeled-pass
105,105,small-record,128,candidate-single-roundtrip-npgsqlbatch-set-and-read,True,True,210,1,99.52380952380952,25552,25552,0,767,767,0,210,106,735,631,105,105,105,105,105,105,True,True,1282148616,modeled-pass
105,105,medium-record,1024,candidate-current-npgsqlbatch-set-plus-getmultiple,True,True,210,2,99.04761904761905,25552,25552,0,1566,1550,1.0217113665389528,210,106,735,631,105,105,105,105,105,105,True,True,-1956832355,modeled-pass
105,105,medium-record,1024,candidate-chunked-100-npgsqlbatch-set-plus-getmultiple,True,True,210,3,98.57142857142857,25552,25552,0,1566,1589,-1.4687100893997447,210,106,735,631,105,105,105,105,105,105,True,True,-1956832355,modeled-pass
105,105,medium-record,1024,candidate-single-roundtrip-npgsqlbatch-set-and-read,True,True,210,1,99.52380952380952,25552,25552,0,1566,1621,-3.5121328224776502,210,106,735,631,105,105,105,105,105,105,True,True,-1956832355,modeled-pass
105,105,large-record,4096,candidate-current-npgsqlbatch-set-plus-getmultiple,True,True,210,2,99.04761904761905,25552,25552,0,4442,4165,6.2359297613687525,210,106,735,631,105,105,105,105,105,105,True,True,-1256192730,modeled-pass
105,105,large-record,4096,candidate-chunked-100-npgsqlbatch-set-plus-getmultiple,True,True,210,3,98.57142857142857,25552,25552,0,4442,4234,4.682575416479064,210,106,735,631,105,105,105,105,105,105,True,True,-1256192730,modeled-pass
105,105,large-record,4096,candidate-single-roundtrip-npgsqlbatch-set-and-read,True,True,210,1,99.52380952380952,25552,25552,0,4442,4251,4.29986492570914,210,106,735,631,105,105,105,105,105,105,True,True,-1256192730,modeled-pass
106,106,small-record,128,candidate-current-npgsqlbatch-set-plus-getmultiple,True,True,212,2,99.05660377358491,25552,25552,0,843,749,11.150652431791222,212,107,742,637,106,106,106,106,106,106,True,True,-1122782718,modeled-pass
106,106,small-record,128,candidate-chunked-100-npgsqlbatch-set-plus-getmultiple,True,True,212,3,98.58490566037736,25552,25552,0,843,822,2.491103202846975,212,107,742,637,106,106,106,106,106,106,True,True,-1122782718,modeled-pass
106,106,small-record,128,candidate-single-roundtrip-npgsqlbatch-set-and-read,True,True,212,1,99.52830188679245,25552,25552,0,843,921,-9.252669039145907,212,107,742,637,106,106,106,106,106,106,True,True,-1122782718,modeled-pass
106,106,medium-record,1024,candidate-current-npgsqlbatch-set-plus-getmultiple,True,True,212,2,99.05660377358491,25552,25552,0,1611,1625,-0.8690254500310366,212,107,742,637,106,106,106,106,106,106,True,True,918364350,modeled-pass
106,106,medium-record,1024,candidate-chunked-100-npgsqlbatch-set-plus-getmultiple,True,True,212,3,98.58490566037736,25552,25552,0,1611,1631,-1.2414649286157666,212,107,742,637,106,106,106,106,106,106,True,True,918364350,modeled-pass
106,106,medium-record,1024,candidate-single-roundtrip-npgsqlbatch-set-and-read,True,True,212,1,99.52830188679245,25552,25552,0,1611,1595,0.9931719428926132,212,107,742,637,106,106,106,106,106,106,True,True,918364350,modeled-pass
106,106,large-record,4096,candidate-current-npgsqlbatch-set-plus-getmultiple,True,True,212,2,99.05660377358491,25552,25552,0,4465,4232,5.218365061590146,212,107,742,637,106,106,106,106,106,106,True,True,-2068274765,modeled-pass
106,106,large-record,4096,candidate-chunked-100-npgsqlbatch-set-plus-getmultiple,True,True,212,3,98.58490566037736,25552,25552,0,4465,4737,-6.091825307950728,212,107,742,637,106,106,106,106,106,106,True,True,-2068274765,modeled-pass
106,106,large-record,4096,candidate-single-roundtrip-npgsqlbatch-set-and-read,True,True,212,1,99.52830188679245,25552,25552,0,4465,4604,-3.1131019036954086,212,107,742,637,106,106,106,106,106,106,True,True,-2068274765,modeled-pass
107,107,small-record,128,candidate-current-npgsqlbatch-set-plus-getmultiple,True,True,214,2,99.06542056074767,25552,25552,0,729,759,-4.11522633744856,214,108,749,643,107,107,107,107,107,107,True,True,2117240830,modeled-pass
107,107,small-record,128,candidate-chunked-100-npgsqlbatch-set-plus-getmultiple,True,True,214,3,98.59813084112149,25552,25552,0,729,852,-16.872427983539094,214,108,749,643,107,107,107,107,107,107,True,True,2117240830,modeled-pass
107,107,small-record,128,candidate-single-roundtrip-npgsqlbatch-set-and-read,True,True,214,1,99.53271028037383,25552,25552,0,729,771,-5.761316872427984,214,108,749,643,107,107,107,107,107,107,True,True,2117240830,modeled-pass
107,107,medium-record,1024,candidate-current-npgsqlbatch-set-plus-getmultiple,True,True,214,2,99.06542056074767,25552,25552,0,1745,1650,5.444126074498567,214,108,749,643,107,107,107,107,107,107,True,True,-1601955510,modeled-pass
107,107,medium-record,1024,candidate-chunked-100-npgsqlbatch-set-plus-getmultiple,True,True,214,3,98.59813084112149,25552,25552,0,1745,1675,4.011461318051576,214,108,749,643,107,107,107,107,107,107,True,True,-1601955510,modeled-pass
107,107,medium-record,1024,candidate-single-roundtrip-npgsqlbatch-set-and-read,True,True,214,1,99.53271028037383,25552,25552,0,1745,1640,6.017191977077364,214,108,749,643,107,107,107,107,107,107,True,True,-1601955510,modeled-pass
107,107,large-record,4096,candidate-current-npgsqlbatch-set-plus-getmultiple,True,True,214,2,99.06542056074767,25552,25552,0,4383,4365,0.4106776180698152,214,108,749,643,107,107,107,107,107,107,True,True,-2093820870,modeled-pass
107,107,large-record,4096,candidate-chunked-100-npgsqlbatch-set-plus-getmultiple,True,True,214,3,98.59813084112149,25552,25552,0,4383,4223,3.650467716176135,214,108,749,643,107,107,107,107,107,107,True,True,-2093820870,modeled-pass
107,107,large-record,4096,candidate-single-roundtrip-npgsqlbatch-set-and-read,True,True,214,1,99.53271028037383,25552,25552,0,4383,4236,3.353867214236824,214,108,749,643,107,107,107,107,107,107,True,True,-2093820870,modeled-pass
108,108,small-record,128,candidate-current-npgsqlbatch-set-plus-getmultiple,True,True,216,2,99.07407407407408,30928,30928,0,775,796,-2.7096774193548385,216,109,756,649,108,108,108,108,108,108,True,True,992833384,modeled-pass
108,108,small-record,128,candidate-chunked-100-npgsqlbatch-set-plus-getmultiple,True,True,216,3,98.61111111111111,30928,30928,0,775,844,-8.903225806451612,216,109,756,649,108,108,108,108,108,108,True,True,992833384,modeled-pass
108,108,small-record,128,candidate-single-roundtrip-npgsqlbatch-set-and-read,True,True,216,1,99.53703703703704,30928,30928,0,775,798,-2.967741935483871,216,109,756,649,108,108,108,108,108,108,True,True,992833384,modeled-pass
108,108,medium-record,1024,candidate-current-npgsqlbatch-set-plus-getmultiple,True,True,216,2,99.07407407407408,30928,30928,0,1623,1579,2.7110289587184226,216,109,756,649,108,108,108,108,108,108,True,True,-2109161865,modeled-pass
108,108,medium-record,1024,candidate-chunked-100-npgsqlbatch-set-plus-getmultiple,True,True,216,3,98.61111111111111,30928,30928,0,1623,1582,2.526186075169439,216,109,756,649,108,108,108,108,108,108,True,True,-2109161865,modeled-pass
108,108,medium-record,1024,candidate-single-roundtrip-npgsqlbatch-set-and-read,True,True,216,1,99.53703703703704,30928,30928,0,1623,1573,3.0807147258163896,216,109,756,649,108,108,108,108,108,108,True,True,-2109161865,modeled-pass
108,108,large-record,4096,candidate-current-npgsqlbatch-set-plus-getmultiple,True,True,216,2,99.07407407407408,30928,30928,0,4416,4317,2.2418478260869565,216,109,756,649,108,108,108,108,108,108,True,True,2139465197,modeled-pass
108,108,large-record,4096,candidate-chunked-100-npgsqlbatch-set-plus-getmultiple,True,True,216,3,98.61111111111111,30928,30928,0,4416,4567,-3.4193840579710146,216,109,756,649,108,108,108,108,108,108,True,True,2139465197,modeled-pass
108,108,large-record,4096,candidate-single-roundtrip-npgsqlbatch-set-and-read,True,True,216,1,99.53703703703704,30928,30928,0,4416,4257,3.6005434782608696,216,109,756,649,108,108,108,108,108,108,True,True,2139465197,modeled-pass
109,109,small-record,128,candidate-current-npgsqlbatch-set-plus-getmultiple,True,True,218,2,99.08256880733946,30928,30928,0,760,862,-13.421052631578947,218,110,763,655,109,109,109,109,109,109,True,True,679834125,modeled-pass
109,109,small-record,128,candidate-chunked-100-npgsqlbatch-set-plus-getmultiple,True,True,218,3,98.62385321100918,30928,30928,0,760,845,-11.18421052631579,218,110,763,655,109,109,109,109,109,109,True,True,679834125,modeled-pass
109,109,small-record,128,candidate-single-roundtrip-npgsqlbatch-set-and-read,True,True,218,1,99.54128440366972,30928,30928,0,760,866,-13.947368421052632,218,110,763,655,109,109,109,109,109,109,True,True,679834125,modeled-pass
109,109,medium-record,1024,candidate-current-npgsqlbatch-set-plus-getmultiple,True,True,218,2,99.08256880733946,30928,30928,0,1690,1628,3.668639053254438,218,110,763,655,109,109,109,109,109,109,True,True,-866369420,modeled-pass
109,109,medium-record,1024,candidate-chunked-100-npgsqlbatch-set-plus-getmultiple,True,True,218,3,98.62385321100918,30928,30928,0,1690,1606,4.970414201183432,218,110,763,655,109,109,109,109,109,109,True,True,-866369420,modeled-pass
109,109,medium-record,1024,candidate-single-roundtrip-npgsqlbatch-set-and-read,True,True,218,1,99.54128440366972,30928,30928,0,1690,1602,5.207100591715976,218,110,763,655,109,109,109,109,109,109,True,True,-866369420,modeled-pass
109,109,large-record,4096,candidate-current-npgsqlbatch-set-plus-getmultiple,True,True,218,2,99.08256880733946,30928,30928,0,4529,4380,3.289909472289689,218,110,763,655,109,109,109,109,109,109,True,True,-2024204798,modeled-pass
109,109,large-record,4096,candidate-chunked-100-npgsqlbatch-set-plus-getmultiple,True,True,218,3,98.62385321100918,30928,30928,0,4529,4487,0.9273570324574961,218,110,763,655,109,109,109,109,109,109,True,True,-2024204798,modeled-pass
109,109,large-record,4096,candidate-single-roundtrip-npgsqlbatch-set-and-read,True,True,218,1,99.54128440366972,30928,30928,0,4529,4365,3.62110841245308,218,110,763,655,109,109,109,109,109,109,True,True,-2024204798,modeled-pass
110,110,small-record,128,candidate-current-npgsqlbatch-set-plus-getmultiple,True,True,220,2,99.0909090909091,30928,30928,0,842,804,4.513064133016627,220,111,770,661,110,110,110,110,110,110,True,True,479436532,modeled-pass
110,110,small-record,128,candidate-chunked-100-npgsqlbatch-set-plus-getmultiple,True,True,220,3,98.63636363636364,30928,30928,0,842,847,-0.5938242280285035,220,111,770,661,110,110,110,110,110,110,True,True,479436532,modeled-pass
110,110,small-record,128,candidate-single-roundtrip-npgsqlbatch-set-and-read,True,True,220,1,99.54545454545455,30928,30928,0,842,826,1.9002375296912113,220,111,770,661,110,110,110,110,110,110,True,True,479436532,modeled-pass
110,110,medium-record,1024,candidate-current-npgsqlbatch-set-plus-getmultiple,True,True,220,2,99.0909090909091,30928,30928,0,1646,1602,2.67314702308627,220,111,770,661,110,110,110,110,110,110,True,True,-281594130,modeled-pass
110,110,medium-record,1024,candidate-chunked-100-npgsqlbatch-set-plus-getmultiple,True,True,220,3,98.63636363636364,30928,30928,0,1646,1624,1.336573511543135,220,111,770,661,110,110,110,110,110,110,True,True,-281594130,modeled-pass
110,110,medium-record,1024,candidate-single-roundtrip-npgsqlbatch-set-and-read,True,True,220,1,99.54545454545455,30928,30928,0,1646,1645,0.060753341433778855,220,111,770,661,110,110,110,110,110,110,True,True,-281594130,modeled-pass
110,110,large-record,4096,candidate-current-npgsqlbatch-set-plus-getmultiple,True,True,220,2,99.0909090909091,30928,30928,0,4655,4545,2.3630504833512354,220,111,770,661,110,110,110,110,110,110,True,True,768511802,modeled-pass
110,110,large-record,4096,candidate-chunked-100-npgsqlbatch-set-plus-getmultiple,True,True,220,3,98.63636363636364,30928,30928,0,4655,4398,5.52094522019334,220,111,770,661,110,110,110,110,110,110,True,True,768511802,modeled-pass
110,110,large-record,4096,candidate-single-roundtrip-npgsqlbatch-set-and-read,True,True,220,1,99.54545454545455,30928,30928,0,4655,4823,-3.6090225563909772,220,111,770,661,110,110,110,110,110,110,True,True,768511802,modeled-pass
111,111,small-record,128,candidate-current-npgsqlbatch-set-plus-getmultiple,True,True,222,2,99.09909909909909,30928,30928,0,778,771,0.8997429305912596,222,112,777,667,111,111,111,111,111,111,True,True,-877382006,modeled-pass
111,111,small-record,128,candidate-chunked-100-npgsqlbatch-set-plus-getmultiple,True,True,222,3,98.64864864864865,30928,30928,0,778,823,-5.784061696658098,222,112,777,667,111,111,111,111,111,111,True,True,-877382006,modeled-pass
111,111,small-record,128,candidate-single-roundtrip-npgsqlbatch-set-and-read,True,True,222,1,99.54954954954955,30928,30928,0,778,819,-5.269922879177378,222,112,777,667,111,111,111,111,111,111,True,True,-877382006,modeled-pass
111,111,medium-record,1024,candidate-current-npgsqlbatch-set-plus-getmultiple,True,True,222,2,99.09909909909909,30928,30928,0,1644,1601,2.6155717761557176,222,112,777,667,111,111,111,111,111,111,True,True,1276999757,modeled-pass
111,111,medium-record,1024,candidate-chunked-100-npgsqlbatch-set-plus-getmultiple,True,True,222,3,98.64864864864865,30928,30928,0,1644,1636,0.48661800486618007,222,112,777,667,111,111,111,111,111,111,True,True,1276999757,modeled-pass
111,111,medium-record,1024,candidate-single-roundtrip-npgsqlbatch-set-and-read,True,True,222,1,99.54954954954955,30928,30928,0,1644,1651,-0.4257907542579075,222,112,777,667,111,111,111,111,111,111,True,True,1276999757,modeled-pass
111,111,large-record,4096,candidate-current-npgsqlbatch-set-plus-getmultiple,True,True,222,2,99.09909909909909,30928,30928,0,4535,4432,2.2712238147739803,222,112,777,667,111,111,111,111,111,111,True,True,1582518978,modeled-pass
111,111,large-record,4096,candidate-chunked-100-npgsqlbatch-set-plus-getmultiple,True,True,222,3,98.64864864864865,30928,30928,0,4535,4627,-2.028665931642778,222,112,777,667,111,111,111,111,111,111,True,True,1582518978,modeled-pass
111,111,large-record,4096,candidate-single-roundtrip-npgsqlbatch-set-and-read,True,True,222,1,99.54954954954955,30928,30928,0,4535,4664,-2.8445424476295478,222,112,777,667,111,111,111,111,111,111,True,True,1582518978,modeled-pass
112,112,small-record,128,candidate-current-npgsqlbatch-set-plus-getmultiple,True,True,224,2,99.10714285714286,30928,30928,0,791,924,-16.8141592920354,224,113,784,673,112,112,112,112,112,112,True,True,135926693,modeled-pass
112,112,small-record,128,candidate-chunked-100-npgsqlbatch-set-plus-getmultiple,True,True,224,3,98.66071428571429,30928,30928,0,791,952,-20.353982300884955,224,113,784,673,112,112,112,112,112,112,True,True,135926693,modeled-pass
112,112,small-record,128,candidate-single-roundtrip-npgsqlbatch-set-and-read,True,True,224,1,99.55357142857143,30928,30928,0,791,905,-14.412136536030342,224,113,784,673,112,112,112,112,112,112,True,True,135926693,modeled-pass
112,112,medium-record,1024,candidate-current-npgsqlbatch-set-plus-getmultiple,True,True,224,2,99.10714285714286,30928,30928,0,1604,1675,-4.4264339152119705,224,113,784,673,112,112,112,112,112,112,True,True,-445647790,modeled-pass
112,112,medium-record,1024,candidate-chunked-100-npgsqlbatch-set-plus-getmultiple,True,True,224,3,98.66071428571429,30928,30928,0,1604,1654,-3.117206982543641,224,113,784,673,112,112,112,112,112,112,True,True,-445647790,modeled-pass
112,112,medium-record,1024,candidate-single-roundtrip-npgsqlbatch-set-and-read,True,True,224,1,99.55357142857143,30928,30928,0,1604,1616,-0.7481296758104738,224,113,784,673,112,112,112,112,112,112,True,True,-445647790,modeled-pass
112,112,large-record,4096,candidate-current-npgsqlbatch-set-plus-getmultiple,True,True,224,2,99.10714285714286,30928,30928,0,4812,4787,0.5195344970906068,224,113,784,673,112,112,112,112,112,112,True,True,-1564205152,modeled-pass
112,112,large-record,4096,candidate-chunked-100-npgsqlbatch-set-plus-getmultiple,True,True,224,3,98.66071428571429,30928,30928,0,4812,4573,4.966749792186201,224,113,784,673,112,112,112,112,112,112,True,True,-1564205152,modeled-pass
112,112,large-record,4096,candidate-single-roundtrip-npgsqlbatch-set-and-read,True,True,224,1,99.55357142857143,30928,30928,0,4812,4549,5.465502909393184,224,113,784,673,112,112,112,112,112,112,True,True,-1564205152,modeled-pass
113,113,small-record,128,candidate-current-npgsqlbatch-set-plus-getmultiple,True,True,226,2,99.11504424778761,30928,30928,0,843,853,-1.1862396204033214,226,114,791,679,113,113,113,113,113,113,True,True,1088598469,modeled-pass
113,113,small-record,128,candidate-chunked-100-npgsqlbatch-set-plus-getmultiple,True,True,226,3,98.67256637168141,30928,30928,0,843,884,-4.863582443653618,226,114,791,679,113,113,113,113,113,113,True,True,1088598469,modeled-pass
113,113,small-record,128,candidate-single-roundtrip-npgsqlbatch-set-and-read,True,True,226,1,99.5575221238938,30928,30928,0,843,855,-1.4234875444839858,226,114,791,679,113,113,113,113,113,113,True,True,1088598469,modeled-pass
113,113,medium-record,1024,candidate-current-npgsqlbatch-set-plus-getmultiple,True,True,226,2,99.11504424778761,30928,30928,0,1650,1669,-1.1515151515151516,226,114,791,679,113,113,113,113,113,113,True,True,1648801816,modeled-pass
113,113,medium-record,1024,candidate-chunked-100-npgsqlbatch-set-plus-getmultiple,True,True,226,3,98.67256637168141,30928,30928,0,1650,1685,-2.121212121212121,226,114,791,679,113,113,113,113,113,113,True,True,1648801816,modeled-pass
113,113,medium-record,1024,candidate-single-roundtrip-npgsqlbatch-set-and-read,True,True,226,1,99.5575221238938,30928,30928,0,1650,1700,-3.0303030303030303,226,114,791,679,113,113,113,113,113,113,True,True,1648801816,modeled-pass
113,113,large-record,4096,candidate-current-npgsqlbatch-set-plus-getmultiple,True,True,226,2,99.11504424778761,30928,30928,0,4867,4651,4.438052188206287,226,114,791,679,113,113,113,113,113,113,True,True,1232673817,modeled-pass
113,113,large-record,4096,candidate-chunked-100-npgsqlbatch-set-plus-getmultiple,True,True,226,3,98.67256637168141,30928,30928,0,4867,4587,5.753030614341483,226,114,791,679,113,113,113,113,113,113,True,True,1232673817,modeled-pass
113,113,large-record,4096,candidate-single-roundtrip-npgsqlbatch-set-and-read,True,True,226,1,99.5575221238938,30928,30928,0,4867,4615,5.177727552907335,226,114,791,679,113,113,113,113,113,113,True,True,1232673817,modeled-pass
114,114,small-record,128,candidate-current-npgsqlbatch-set-plus-getmultiple,True,True,228,2,99.12280701754386,30928,30928,0,835,847,-1.437125748502994,228,115,798,685,114,114,114,114,114,114,True,True,1067275465,modeled-pass
114,114,small-record,128,candidate-chunked-100-npgsqlbatch-set-plus-getmultiple,True,True,228,3,98.6842105263158,30928,30928,0,835,894,-7.065868263473054,228,115,798,685,114,114,114,114,114,114,True,True,1067275465,modeled-pass
114,114,small-record,128,candidate-single-roundtrip-npgsqlbatch-set-and-read,True,True,228,1,99.56140350877193,30928,30928,0,835,859,-2.874251497005988,228,115,798,685,114,114,114,114,114,114,True,True,1067275465,modeled-pass
114,114,medium-record,1024,candidate-current-npgsqlbatch-set-plus-getmultiple,True,True,228,2,99.12280701754386,30928,30928,0,1687,1718,-1.837581505631298,228,115,798,685,114,114,114,114,114,114,True,True,-865543865,modeled-pass
114,114,medium-record,1024,candidate-chunked-100-npgsqlbatch-set-plus-getmultiple,True,True,228,3,98.6842105263158,30928,30928,0,1687,1713,-1.5411973918197985,228,115,798,685,114,114,114,114,114,114,True,True,-865543865,modeled-pass
114,114,medium-record,1024,candidate-single-roundtrip-npgsqlbatch-set-and-read,True,True,228,1,99.56140350877193,30928,30928,0,1687,1774,-5.157083580320095,228,115,798,685,114,114,114,114,114,114,True,True,-865543865,modeled-pass
114,114,large-record,4096,candidate-current-npgsqlbatch-set-plus-getmultiple,True,True,228,2,99.12280701754386,30928,30928,0,4849,4607,4.990719736028047,228,115,798,685,114,114,114,114,114,114,True,True,1503911148,modeled-pass
114,114,large-record,4096,candidate-chunked-100-npgsqlbatch-set-plus-getmultiple,True,True,228,3,98.6842105263158,30928,30928,0,4849,4689,3.2996494122499485,228,115,798,685,114,114,114,114,114,114,True,True,1503911148,modeled-pass
114,114,large-record,4096,candidate-single-roundtrip-npgsqlbatch-set-and-read,True,True,228,1,99.56140350877193,30928,30928,0,4849,4555,6.06310579500928,228,115,798,685,114,114,114,114,114,114,True,True,1503911148,modeled-pass
115,115,small-record,128,candidate-current-npgsqlbatch-set-plus-getmultiple,True,True,230,2,99.1304347826087,30928,30928,0,850,836,1.6470588235294117,230,116,805,691,115,115,115,115,115,115,True,True,-1015428442,modeled-pass
115,115,small-record,128,candidate-chunked-100-npgsqlbatch-set-plus-getmultiple,True,True,230,3,98.69565217391305,30928,30928,0,850,854,-0.47058823529411764,230,116,805,691,115,115,115,115,115,115,True,True,-1015428442,modeled-pass
115,115,small-record,128,candidate-single-roundtrip-npgsqlbatch-set-and-read,True,True,230,1,99.56521739130434,30928,30928,0,850,921,-8.352941176470589,230,116,805,691,115,115,115,115,115,115,True,True,-1015428442,modeled-pass
115,115,medium-record,1024,candidate-current-npgsqlbatch-set-plus-getmultiple,True,True,230,2,99.1304347826087,30928,30928,0,1689,1538,8.940201302545885,230,116,805,691,115,115,115,115,115,115,True,True,-1117224784,modeled-pass
115,115,medium-record,1024,candidate-chunked-100-npgsqlbatch-set-plus-getmultiple,True,True,230,3,98.69565217391305,30928,30928,0,1689,1520,10.005920663114269,230,116,805,691,115,115,115,115,115,115,True,True,-1117224784,modeled-pass
115,115,medium-record,1024,candidate-single-roundtrip-npgsqlbatch-set-and-read,True,True,230,1,99.56521739130434,30928,30928,0,1689,1495,11.486086441681469,230,116,805,691,115,115,115,115,115,115,True,True,-1117224784,modeled-pass
115,115,large-record,4096,candidate-current-npgsqlbatch-set-plus-getmultiple,True,True,230,2,99.1304347826087,30928,30928,0,4631,4511,2.59123299503347,230,116,805,691,115,115,115,115,115,115,True,True,605530100,modeled-pass
115,115,large-record,4096,candidate-chunked-100-npgsqlbatch-set-plus-getmultiple,True,True,230,3,98.69565217391305,30928,30928,0,4631,4546,1.8354567048153747,230,116,805,691,115,115,115,115,115,115,True,True,605530100,modeled-pass
115,115,large-record,4096,candidate-single-roundtrip-npgsqlbatch-set-and-read,True,True,230,1,99.56521739130434,30928,30928,0,4631,4579,1.1228676311811703,230,116,805,691,115,115,115,115,115,115,True,True,605530100,modeled-pass
116,116,small-record,128,candidate-current-npgsqlbatch-set-plus-getmultiple,True,True,232,2,99.13793103448276,30928,30928,0,680,686,-0.8823529411764706,232,117,812,697,116,116,116,116,116,116,True,True,380639874,modeled-pass
116,116,small-record,128,candidate-chunked-100-npgsqlbatch-set-plus-getmultiple,True,True,232,3,98.70689655172414,30928,30928,0,680,696,-2.3529411764705883,232,117,812,697,116,116,116,116,116,116,True,True,380639874,modeled-pass
116,116,small-record,128,candidate-single-roundtrip-npgsqlbatch-set-and-read,True,True,232,1,99.56896551724138,30928,30928,0,680,702,-3.235294117647059,232,117,812,697,116,116,116,116,116,116,True,True,380639874,modeled-pass
116,116,medium-record,1024,candidate-current-npgsqlbatch-set-plus-getmultiple,True,True,232,2,99.13793103448276,30928,30928,0,1598,1522,4.755944931163955,232,117,812,697,116,116,116,116,116,116,True,True,-1389315376,modeled-pass
116,116,medium-record,1024,candidate-chunked-100-npgsqlbatch-set-plus-getmultiple,True,True,232,3,98.70689655172414,30928,30928,0,1598,1531,4.192740926157697,232,117,812,697,116,116,116,116,116,116,True,True,-1389315376,modeled-pass
116,116,medium-record,1024,candidate-single-roundtrip-npgsqlbatch-set-and-read,True,True,232,1,99.56896551724138,30928,30928,0,1598,1505,5.819774718397998,232,117,812,697,116,116,116,116,116,116,True,True,-1389315376,modeled-pass
116,116,large-record,4096,candidate-current-npgsqlbatch-set-plus-getmultiple,True,True,232,2,99.13793103448276,30928,30928,0,4695,4547,3.152289669861555,232,117,812,697,116,116,116,116,116,116,True,True,1793144099,modeled-pass
116,116,large-record,4096,candidate-chunked-100-npgsqlbatch-set-plus-getmultiple,True,True,232,3,98.70689655172414,30928,30928,0,4695,4479,4.600638977635783,232,117,812,697,116,116,116,116,116,116,True,True,1793144099,modeled-pass
116,116,large-record,4096,candidate-single-roundtrip-npgsqlbatch-set-and-read,True,True,232,1,99.56896551724138,30928,30928,0,4695,4455,5.111821086261981,232,117,812,697,116,116,116,116,116,116,True,True,1793144099,modeled-pass
117,117,small-record,128,candidate-current-npgsqlbatch-set-plus-getmultiple,True,True,234,2,99.14529914529915,30928,30928,0,692,696,-0.5780346820809249,234,118,819,703,117,117,117,117,117,117,True,True,-1537488178,modeled-pass
117,117,small-record,128,candidate-chunked-100-npgsqlbatch-set-plus-getmultiple,True,True,234,3,98.71794871794872,30928,30928,0,692,729,-5.3468208092485545,234,118,819,703,117,117,117,117,117,117,True,True,-1537488178,modeled-pass
117,117,small-record,128,candidate-single-roundtrip-npgsqlbatch-set-and-read,True,True,234,1,99.57264957264957,30928,30928,0,692,711,-2.745664739884393,234,118,819,703,117,117,117,117,117,117,True,True,-1537488178,modeled-pass
117,117,medium-record,1024,candidate-current-npgsqlbatch-set-plus-getmultiple,True,True,234,2,99.14529914529915,30928,30928,0,1545,1510,2.26537216828479,234,118,819,703,117,117,117,117,117,117,True,True,714823380,modeled-pass
117,117,medium-record,1024,candidate-chunked-100-npgsqlbatch-set-plus-getmultiple,True,True,234,3,98.71794871794872,30928,30928,0,1545,1532,0.8414239482200647,234,118,819,703,117,117,117,117,117,117,True,True,714823380,modeled-pass
117,117,medium-record,1024,candidate-single-roundtrip-npgsqlbatch-set-and-read,True,True,234,1,99.57264957264957,30928,30928,0,1545,1511,2.2006472491909386,234,118,819,703,117,117,117,117,117,117,True,True,714823380,modeled-pass
117,117,large-record,4096,candidate-current-npgsqlbatch-set-plus-getmultiple,True,True,234,2,99.14529914529915,30928,30928,0,4776,4414,7.579564489112228,234,118,819,703,117,117,117,117,117,117,True,True,385031934,modeled-pass
117,117,large-record,4096,candidate-chunked-100-npgsqlbatch-set-plus-getmultiple,True,True,234,3,98.71794871794872,30928,30928,0,4776,4615,3.3710217755443885,234,118,819,703,117,117,117,117,117,117,True,True,385031934,modeled-pass
117,117,large-record,4096,candidate-single-roundtrip-npgsqlbatch-set-and-read,True,True,234,1,99.57264957264957,30928,30928,0,4776,4618,3.30820770519263,234,118,819,703,117,117,117,117,117,117,True,True,385031934,modeled-pass
118,118,small-record,128,candidate-current-npgsqlbatch-set-plus-getmultiple,True,True,236,2,99.15254237288136,30928,30928,0,713,700,1.8232819074333801,236,119,826,709,118,118,118,118,118,118,True,True,1238838786,modeled-pass
118,118,small-record,128,candidate-chunked-100-npgsqlbatch-set-plus-getmultiple,True,True,236,3,98.72881355932203,30928,30928,0,713,737,-3.3660589060308554,236,119,826,709,118,118,118,118,118,118,True,True,1238838786,modeled-pass
118,118,small-record,128,candidate-single-roundtrip-npgsqlbatch-set-and-read,True,True,236,1,99.57627118644068,30928,30928,0,713,706,0.9817671809256662,236,119,826,709,118,118,118,118,118,118,True,True,1238838786,modeled-pass
118,118,medium-record,1024,candidate-current-npgsqlbatch-set-plus-getmultiple,True,True,236,2,99.15254237288136,30928,30928,0,1583,1578,0.3158559696778269,236,119,826,709,118,118,118,118,118,118,True,True,-2048103073,modeled-pass
118,118,medium-record,1024,candidate-chunked-100-npgsqlbatch-set-plus-getmultiple,True,True,236,3,98.72881355932203,30928,30928,0,1583,1580,0.18951358180669614,236,119,826,709,118,118,118,118,118,118,True,True,-2048103073,modeled-pass
118,118,medium-record,1024,candidate-single-roundtrip-npgsqlbatch-set-and-read,True,True,236,1,99.57627118644068,30928,30928,0,1583,1596,-0.8212255211623499,236,119,826,709,118,118,118,118,118,118,True,True,-2048103073,modeled-pass
118,118,large-record,4096,candidate-current-npgsqlbatch-set-plus-getmultiple,True,True,236,2,99.15254237288136,30928,30928,0,4827,4636,3.9569090532421796,236,119,826,709,118,118,118,118,118,118,True,True,-2030935840,modeled-pass
118,118,large-record,4096,candidate-chunked-100-npgsqlbatch-set-plus-getmultiple,True,True,236,3,98.72881355932203,30928,30928,0,4827,4678,3.0868033975554177,236,119,826,709,118,118,118,118,118,118,True,True,-2030935840,modeled-pass
118,118,large-record,4096,candidate-single-roundtrip-npgsqlbatch-set-and-read,True,True,236,1,99.57627118644068,30928,30928,0,4827,4745,1.6987777087217732,236,119,826,709,118,118,118,118,118,118,True,True,-2030935840,modeled-pass
119,119,small-record,128,candidate-current-npgsqlbatch-set-plus-getmultiple,True,True,238,2,99.15966386554622,30928,30928,0,694,720,-3.7463976945244957,238,120,833,715,119,119,119,119,119,119,True,True,-1839843635,modeled-pass
119,119,small-record,128,candidate-chunked-100-npgsqlbatch-set-plus-getmultiple,True,True,238,3,98.73949579831933,30928,30928,0,694,730,-5.187319884726225,238,120,833,715,119,119,119,119,119,119,True,True,-1839843635,modeled-pass
119,119,small-record,128,candidate-single-roundtrip-npgsqlbatch-set-and-read,True,True,238,1,99.5798319327731,30928,30928,0,694,856,-23.34293948126801,238,120,833,715,119,119,119,119,119,119,True,True,-1839843635,modeled-pass
119,119,medium-record,1024,candidate-current-npgsqlbatch-set-plus-getmultiple,True,True,238,2,99.15966386554622,30928,30928,0,1593,1747,-9.667294413057125,238,120,833,715,119,119,119,119,119,119,True,True,1014778128,modeled-pass
119,119,medium-record,1024,candidate-chunked-100-npgsqlbatch-set-plus-getmultiple,True,True,238,3,98.73949579831933,30928,30928,0,1593,1606,-0.8160703075957313,238,120,833,715,119,119,119,119,119,119,True,True,1014778128,modeled-pass
119,119,medium-record,1024,candidate-single-roundtrip-npgsqlbatch-set-and-read,True,True,238,1,99.5798319327731,30928,30928,0,1593,1646,-3.327055869428751,238,120,833,715,119,119,119,119,119,119,True,True,1014778128,modeled-pass
119,119,large-record,4096,candidate-current-npgsqlbatch-set-plus-getmultiple,True,True,238,2,99.15966386554622,30928,30928,0,4856,4658,4.077429983525535,238,120,833,715,119,119,119,119,119,119,True,True,456199487,modeled-pass
119,119,large-record,4096,candidate-chunked-100-npgsqlbatch-set-plus-getmultiple,True,True,238,3,98.73949579831933,30928,30928,0,4856,4681,3.603789126853377,238,120,833,715,119,119,119,119,119,119,True,True,456199487,modeled-pass
119,119,large-record,4096,candidate-single-roundtrip-npgsqlbatch-set-and-read,True,True,238,1,99.5798319327731,30928,30928,0,4856,4527,6.775123558484349,238,120,833,715,119,119,119,119,119,119,True,True,456199487,modeled-pass
120,120,small-record,128,candidate-current-npgsqlbatch-set-plus-getmultiple,True,True,240,2,99.16666666666667,30928,30928,0,686,730,-6.41399416909621,240,121,840,721,120,120,120,120,120,120,True,True,-433930534,modeled-pass
120,120,small-record,128,candidate-chunked-100-npgsqlbatch-set-plus-getmultiple,True,True,240,3,98.75,30928,30928,0,686,731,-6.559766763848397,240,121,840,721,120,120,120,120,120,120,True,True,-433930534,modeled-pass
120,120,small-record,128,candidate-single-roundtrip-npgsqlbatch-set-and-read,True,True,240,1,99.58333333333333,30928,30928,0,686,722,-5.247813411078718,240,121,840,721,120,120,120,120,120,120,True,True,-433930534,modeled-pass
120,120,medium-record,1024,candidate-current-npgsqlbatch-set-plus-getmultiple,True,True,240,2,99.16666666666667,30928,30928,0,1559,1595,-2.3091725465041693,240,121,840,721,120,120,120,120,120,120,True,True,582772558,modeled-pass
120,120,medium-record,1024,candidate-chunked-100-npgsqlbatch-set-plus-getmultiple,True,True,240,3,98.75,30928,30928,0,1559,1785,-14.496472097498396,240,121,840,721,120,120,120,120,120,120,True,True,582772558,modeled-pass
120,120,medium-record,1024,candidate-single-roundtrip-npgsqlbatch-set-and-read,True,True,240,1,99.58333333333333,30928,30928,0,1559,1715,-10.006414368184734,240,121,840,721,120,120,120,120,120,120,True,True,582772558,modeled-pass
120,120,large-record,4096,candidate-current-npgsqlbatch-set-plus-getmultiple,True,True,240,2,99.16666666666667,30928,30928,0,5280,4841,8.31439393939394,240,121,840,721,120,120,120,120,120,120,True,True,1250958349,modeled-pass
120,120,large-record,4096,candidate-chunked-100-npgsqlbatch-set-plus-getmultiple,True,True,240,3,98.75,30928,30928,0,5280,4769,9.678030303030303,240,121,840,721,120,120,120,120,120,120,True,True,1250958349,modeled-pass
120,120,large-record,4096,candidate-single-roundtrip-npgsqlbatch-set-and-read,True,True,240,1,99.58333333333333,30928,30928,0,5280,4798,9.128787878787879,240,121,840,721,120,120,120,120,120,120,True,True,1250958349,modeled-pass
121,121,small-record,128,candidate-current-npgsqlbatch-set-plus-getmultiple,True,True,242,2,99.17355371900827,30928,30928,0,918,928,-1.0893246187363834,242,122,847,727,121,121,121,121,121,121,True,True,424259205,modeled-pass
121,121,small-record,128,candidate-chunked-100-npgsqlbatch-set-plus-getmultiple,True,True,242,3,98.7603305785124,30928,30928,0,918,911,0.7625272331154684,242,122,847,727,121,121,121,121,121,121,True,True,424259205,modeled-pass
121,121,small-record,128,candidate-single-roundtrip-npgsqlbatch-set-and-read,True,True,242,1,99.58677685950413,30928,30928,0,918,908,1.0893246187363834,242,122,847,727,121,121,121,121,121,121,True,True,424259205,modeled-pass
121,121,medium-record,1024,candidate-current-npgsqlbatch-set-plus-getmultiple,True,True,242,2,99.17355371900827,30928,30928,0,1766,1747,1.0758776896942241,242,122,847,727,121,121,121,121,121,121,True,True,-486002594,modeled-pass
121,121,medium-record,1024,candidate-chunked-100-npgsqlbatch-set-plus-getmultiple,True,True,242,3,98.7603305785124,30928,30928,0,1766,1804,-2.1517553793884483,242,122,847,727,121,121,121,121,121,121,True,True,-486002594,modeled-pass
121,121,medium-record,1024,candidate-single-roundtrip-npgsqlbatch-set-and-read,True,True,242,1,99.58677685950413,30928,30928,0,1766,1788,-1.245753114382786,242,122,847,727,121,121,121,121,121,121,True,True,-486002594,modeled-pass
121,121,large-record,4096,candidate-current-npgsqlbatch-set-plus-getmultiple,True,True,242,2,99.17355371900827,30928,30928,0,5232,4929,5.791284403669724,242,122,847,727,121,121,121,121,121,121,True,True,-2087420533,modeled-pass
121,121,large-record,4096,candidate-chunked-100-npgsqlbatch-set-plus-getmultiple,True,True,242,3,98.7603305785124,30928,30928,0,5232,4854,7.224770642201835,242,122,847,727,121,121,121,121,121,121,True,True,-2087420533,modeled-pass
121,121,large-record,4096,candidate-single-roundtrip-npgsqlbatch-set-and-read,True,True,242,1,99.58677685950413,30928,30928,0,5232,5101,2.503822629969419,242,122,847,727,121,121,121,121,121,121,True,True,-2087420533,modeled-pass
122,122,small-record,128,candidate-current-npgsqlbatch-set-plus-getmultiple,True,True,244,2,99.18032786885246,30928,30928,0,878,920,-4.783599088838269,244,123,854,733,122,122,122,122,122,122,True,True,630474892,modeled-pass
122,122,small-record,128,candidate-chunked-100-npgsqlbatch-set-plus-getmultiple,True,True,244,3,98.77049180327869,30928,30928,0,878,940,-7.061503416856492,244,123,854,733,122,122,122,122,122,122,True,True,630474892,modeled-pass
122,122,small-record,128,candidate-single-roundtrip-npgsqlbatch-set-and-read,True,True,244,1,99.59016393442623,30928,30928,0,878,960,-9.339407744874716,244,123,854,733,122,122,122,122,122,122,True,True,630474892,modeled-pass
122,122,medium-record,1024,candidate-current-npgsqlbatch-set-plus-getmultiple,True,True,244,2,99.18032786885246,30928,30928,0,1801,1787,0.7773459189339256,244,123,854,733,122,122,122,122,122,122,True,True,1930604216,modeled-pass
122,122,medium-record,1024,candidate-chunked-100-npgsqlbatch-set-plus-getmultiple,True,True,244,3,98.77049180327869,30928,30928,0,1801,1845,-2.4430871737923376,244,123,854,733,122,122,122,122,122,122,True,True,1930604216,modeled-pass
122,122,medium-record,1024,candidate-single-roundtrip-npgsqlbatch-set-and-read,True,True,244,1,99.59016393442623,30928,30928,0,1801,1835,-1.8878400888395337,244,123,854,733,122,122,122,122,122,122,True,True,1930604216,modeled-pass
122,122,large-record,4096,candidate-current-npgsqlbatch-set-plus-getmultiple,True,True,244,2,99.18032786885246,30928,30928,0,5080,5003,1.515748031496063,244,123,854,733,122,122,122,122,122,122,True,True,-923358435,modeled-pass
122,122,large-record,4096,candidate-chunked-100-npgsqlbatch-set-plus-getmultiple,True,True,244,3,98.77049180327869,30928,30928,0,5080,5018,1.220472440944882,244,123,854,733,122,122,122,122,122,122,True,True,-923358435,modeled-pass
122,122,large-record,4096,candidate-single-roundtrip-npgsqlbatch-set-and-read,True,True,244,1,99.59016393442623,30928,30928,0,5080,5417,-6.633858267716535,244,123,854,733,122,122,122,122,122,122,True,True,-923358435,modeled-pass
123,123,small-record,128,candidate-current-npgsqlbatch-set-plus-getmultiple,True,True,246,2,99.1869918699187,30928,30928,0,943,970,-2.863202545068929,246,124,861,739,123,123,123,123,123,123,True,True,-364276426,modeled-pass
123,123,small-record,128,candidate-chunked-100-npgsqlbatch-set-plus-getmultiple,True,True,246,3,98.78048780487805,30928,30928,0,943,1013,-7.423117709437964,246,124,861,739,123,123,123,123,123,123,True,True,-364276426,modeled-pass
123,123,small-record,128,candidate-single-roundtrip-npgsqlbatch-set-and-read,True,True,246,1,99.59349593495935,30928,30928,0,943,978,-3.711558854718982,246,124,861,739,123,123,123,123,123,123,True,True,-364276426,modeled-pass
123,123,medium-record,1024,candidate-current-npgsqlbatch-set-plus-getmultiple,True,True,246,2,99.1869918699187,30928,30928,0,1792,1826,-1.8973214285714286,246,124,861,739,123,123,123,123,123,123,True,True,-696001307,modeled-pass
123,123,medium-record,1024,candidate-chunked-100-npgsqlbatch-set-plus-getmultiple,True,True,246,3,98.78048780487805,30928,30928,0,1792,1858,-3.6830357142857144,246,124,861,739,123,123,123,123,123,123,True,True,-696001307,modeled-pass
123,123,medium-record,1024,candidate-single-roundtrip-npgsqlbatch-set-and-read,True,True,246,1,99.59349593495935,30928,30928,0,1792,1827,-1.953125,246,124,861,739,123,123,123,123,123,123,True,True,-696001307,modeled-pass
123,123,large-record,4096,candidate-current-npgsqlbatch-set-plus-getmultiple,True,True,246,2,99.1869918699187,30928,30928,0,5070,5055,0.2958579881656805,246,124,861,739,123,123,123,123,123,123,True,True,961389567,modeled-pass
123,123,large-record,4096,candidate-chunked-100-npgsqlbatch-set-plus-getmultiple,True,True,246,3,98.78048780487805,30928,30928,0,5070,5093,-0.4536489151873767,246,124,861,739,123,123,123,123,123,123,True,True,961389567,modeled-pass
123,123,large-record,4096,candidate-single-roundtrip-npgsqlbatch-set-and-read,True,True,246,1,99.59349593495935,30928,30928,0,5070,5227,-3.096646942800789,246,124,861,739,123,123,123,123,123,123,True,True,961389567,modeled-pass
124,124,small-record,128,candidate-current-npgsqlbatch-set-plus-getmultiple,True,True,248,2,99.19354838709677,30928,30928,0,890,925,-3.932584269662921,248,125,868,745,124,124,124,124,124,124,True,True,1126781994,modeled-pass
124,124,small-record,128,candidate-chunked-100-npgsqlbatch-set-plus-getmultiple,True,True,248,3,98.79032258064517,30928,30928,0,890,1082,-21.573033707865168,248,125,868,745,124,124,124,124,124,124,True,True,1126781994,modeled-pass
124,124,small-record,128,candidate-single-roundtrip-npgsqlbatch-set-and-read,True,True,248,1,99.59677419354838,30928,30928,0,890,1055,-18.53932584269663,248,125,868,745,124,124,124,124,124,124,True,True,1126781994,modeled-pass
124,124,medium-record,1024,candidate-current-npgsqlbatch-set-plus-getmultiple,True,True,248,2,99.19354838709677,30928,30928,0,1853,1837,0.8634646519158122,248,125,868,745,124,124,124,124,124,124,True,True,172636940,modeled-pass
124,124,medium-record,1024,candidate-chunked-100-npgsqlbatch-set-plus-getmultiple,True,True,248,3,98.79032258064517,30928,30928,0,1853,1991,-7.447382622773881,248,125,868,745,124,124,124,124,124,124,True,True,172636940,modeled-pass
124,124,medium-record,1024,candidate-single-roundtrip-npgsqlbatch-set-and-read,True,True,248,1,99.59677419354838,30928,30928,0,1853,1881,-1.5110631408526713,248,125,868,745,124,124,124,124,124,124,True,True,172636940,modeled-pass
124,124,large-record,4096,candidate-current-npgsqlbatch-set-plus-getmultiple,True,True,248,2,99.19354838709677,30928,30928,0,5225,5247,-0.42105263157894735,248,125,868,745,124,124,124,124,124,124,True,True,1405560008,modeled-pass
124,124,large-record,4096,candidate-chunked-100-npgsqlbatch-set-plus-getmultiple,True,True,248,3,98.79032258064517,30928,30928,0,5225,5257,-0.6124401913875598,248,125,868,745,124,124,124,124,124,124,True,True,1405560008,modeled-pass
124,124,large-record,4096,candidate-single-roundtrip-npgsqlbatch-set-and-read,True,True,248,1,99.59677419354838,30928,30928,0,5225,5066,3.0430622009569377,248,125,868,745,124,124,124,124,124,124,True,True,1405560008,modeled-pass
125,125,small-record,128,candidate-current-npgsqlbatch-set-plus-getmultiple,True,True,250,2,99.2,30928,30928,0,929,1223,-31.646932185145317,250,126,875,751,125,125,125,125,125,125,True,True,-1229787929,modeled-pass
125,125,small-record,128,candidate-chunked-100-npgsqlbatch-set-plus-getmultiple,True,True,250,3,98.8,30928,30928,0,929,1055,-13.562970936490851,250,126,875,751,125,125,125,125,125,125,True,True,-1229787929,modeled-pass
125,125,small-record,128,candidate-single-roundtrip-npgsqlbatch-set-and-read,True,True,250,1,99.6,30928,30928,0,929,998,-7.427341227125942,250,126,875,751,125,125,125,125,125,125,True,True,-1229787929,modeled-pass
125,125,medium-record,1024,candidate-current-npgsqlbatch-set-plus-getmultiple,True,True,250,2,99.2,30928,30928,0,1964,1829,6.873727087576375,250,126,875,751,125,125,125,125,125,125,True,True,540494015,modeled-pass
125,125,medium-record,1024,candidate-chunked-100-npgsqlbatch-set-plus-getmultiple,True,True,250,3,98.8,30928,30928,0,1964,1938,1.3238289205702647,250,126,875,751,125,125,125,125,125,125,True,True,540494015,modeled-pass
125,125,medium-record,1024,candidate-single-roundtrip-npgsqlbatch-set-and-read,True,True,250,1,99.6,30928,30928,0,1964,1920,2.240325865580448,250,126,875,751,125,125,125,125,125,125,True,True,540494015,modeled-pass
125,125,large-record,4096,candidate-current-npgsqlbatch-set-plus-getmultiple,True,True,250,2,99.2,30928,30928,0,5306,5094,3.995476818695816,250,126,875,751,125,125,125,125,125,125,True,True,1225906808,modeled-pass
125,125,large-record,4096,candidate-chunked-100-npgsqlbatch-set-plus-getmultiple,True,True,250,3,98.8,30928,30928,0,5306,5120,3.5054655107425554,250,126,875,751,125,125,125,125,125,125,True,True,1225906808,modeled-pass
125,125,large-record,4096,candidate-single-roundtrip-npgsqlbatch-set-and-read,True,True,250,1,99.6,30928,30928,0,5306,5160,2.7516019600452317,250,126,875,751,125,125,125,125,125,125,True,True,1225906808,modeled-pass
126,126,small-record,128,candidate-current-npgsqlbatch-set-plus-getmultiple,True,True,252,2,99.2063492063492,30928,30928,0,964,957,0.7261410788381742,252,127,882,757,126,126,126,126,126,126,True,True,-2098785691,modeled-pass
126,126,small-record,128,candidate-chunked-100-npgsqlbatch-set-plus-getmultiple,True,True,252,3,98.80952380952381,30928,30928,0,964,1001,-3.8381742738589213,252,127,882,757,126,126,126,126,126,126,True,True,-2098785691,modeled-pass
126,126,small-record,128,candidate-single-roundtrip-npgsqlbatch-set-and-read,True,True,252,1,99.60317460317461,30928,30928,0,964,1014,-5.186721991701245,252,127,882,757,126,126,126,126,126,126,True,True,-2098785691,modeled-pass
126,126,medium-record,1024,candidate-current-npgsqlbatch-set-plus-getmultiple,True,True,252,2,99.2063492063492,30928,30928,0,1902,1988,-4.52155625657203,252,127,882,757,126,126,126,126,126,126,True,True,121685183,modeled-pass
126,126,medium-record,1024,candidate-chunked-100-npgsqlbatch-set-plus-getmultiple,True,True,252,3,98.80952380952381,30928,30928,0,1902,1926,-1.2618296529968454,252,127,882,757,126,126,126,126,126,126,True,True,121685183,modeled-pass
126,126,medium-record,1024,candidate-single-roundtrip-npgsqlbatch-set-and-read,True,True,252,1,99.60317460317461,30928,30928,0,1902,1964,-3.259726603575184,252,127,882,757,126,126,126,126,126,126,True,True,121685183,modeled-pass
126,126,large-record,4096,candidate-current-npgsqlbatch-set-plus-getmultiple,True,True,252,2,99.2063492063492,30928,30928,0,5547,5125,7.607715882458987,252,127,882,757,126,126,126,126,126,126,True,True,1188566749,modeled-pass
126,126,large-record,4096,candidate-chunked-100-npgsqlbatch-set-plus-getmultiple,True,True,252,3,98.80952380952381,30928,30928,0,5547,5145,7.247160627366144,252,127,882,757,126,126,126,126,126,126,True,True,1188566749,modeled-pass
126,126,large-record,4096,candidate-single-roundtrip-npgsqlbatch-set-and-read,True,True,252,1,99.60317460317461,30928,30928,0,5547,5112,7.842076798269335,252,127,882,757,126,126,126,126,126,126,True,True,1188566749,modeled-pass
127,127,small-record,128,candidate-current-npgsqlbatch-set-plus-getmultiple,True,True,254,2,99.21259842519684,30928,30928,0,911,983,-7.903402854006586,254,128,889,763,127,127,127,127,127,127,True,True,404127212,modeled-pass
127,127,small-record,128,candidate-chunked-100-npgsqlbatch-set-plus-getmultiple,True,True,254,3,98.81889763779527,30928,30928,0,911,992,-8.89132821075741,254,128,889,763,127,127,127,127,127,127,True,True,404127212,modeled-pass
127,127,small-record,128,candidate-single-roundtrip-npgsqlbatch-set-and-read,True,True,254,1,99.60629921259843,30928,30928,0,911,995,-9.220636663007683,254,128,889,763,127,127,127,127,127,127,True,True,404127212,modeled-pass
127,127,medium-record,1024,candidate-current-npgsqlbatch-set-plus-getmultiple,True,True,254,2,99.21259842519684,30928,30928,0,1903,1878,1.3137151865475565,254,128,889,763,127,127,127,127,127,127,True,True,1295289730,modeled-pass
127,127,medium-record,1024,candidate-chunked-100-npgsqlbatch-set-plus-getmultiple,True,True,254,3,98.81889763779527,30928,30928,0,1903,1977,-3.8885969521807673,254,128,889,763,127,127,127,127,127,127,True,True,1295289730,modeled-pass
127,127,medium-record,1024,candidate-single-roundtrip-npgsqlbatch-set-and-read,True,True,254,1,99.60629921259843,30928,30928,0,1903,1909,-0.3152916447714136,254,128,889,763,127,127,127,127,127,127,True,True,1295289730,modeled-pass
127,127,large-record,4096,candidate-current-npgsqlbatch-set-plus-getmultiple,True,True,254,2,99.21259842519684,30928,30928,0,5235,5303,-1.2989493791786055,254,128,889,763,127,127,127,127,127,127,True,True,668769197,modeled-pass
127,127,large-record,4096,candidate-chunked-100-npgsqlbatch-set-plus-getmultiple,True,True,254,3,98.81889763779527,30928,30928,0,5235,5231,0.07640878701050621,254,128,889,763,127,127,127,127,127,127,True,True,668769197,modeled-pass
127,127,large-record,4096,candidate-single-roundtrip-npgsqlbatch-set-and-read,True,True,254,1,99.60629921259843,30928,30928,0,5235,5244,-0.17191977077363896,254,128,889,763,127,127,127,127,127,127,True,True,668769197,modeled-pass
128,128,small-record,128,candidate-current-npgsqlbatch-set-plus-getmultiple,True,True,256,2,99.21875,30928,30928,0,994,1088,-9.456740442655935,256,129,896,769,128,128,128,128,128,128,True,True,-717784727,modeled-pass
128,128,small-record,128,candidate-chunked-100-npgsqlbatch-set-plus-getmultiple,True,True,256,3,98.828125,30928,30928,0,994,1012,-1.8108651911468814,256,129,896,769,128,128,128,128,128,128,True,True,-717784727,modeled-pass
128,128,small-record,128,candidate-single-roundtrip-npgsqlbatch-set-and-read,True,True,256,1,99.609375,30928,30928,0,994,1044,-5.030181086519114,256,129,896,769,128,128,128,128,128,128,True,True,-717784727,modeled-pass
128,128,medium-record,1024,candidate-current-npgsqlbatch-set-plus-getmultiple,True,True,256,2,99.21875,30928,30928,0,1944,1940,0.205761316872428,256,129,896,769,128,128,128,128,128,128,True,True,1916322323,modeled-pass
128,128,medium-record,1024,candidate-chunked-100-npgsqlbatch-set-plus-getmultiple,True,True,256,3,98.828125,30928,30928,0,1944,1982,-1.954732510288066,256,129,896,769,128,128,128,128,128,128,True,True,1916322323,modeled-pass
128,128,medium-record,1024,candidate-single-roundtrip-npgsqlbatch-set-and-read,True,True,256,1,99.609375,30928,30928,0,1944,1966,-1.131687242798354,256,129,896,769,128,128,128,128,128,128,True,True,1916322323,modeled-pass
128,128,large-record,4096,candidate-current-npgsqlbatch-set-plus-getmultiple,True,True,256,2,99.21875,30928,30928,0,5469,5340,2.35874931431706,256,129,896,769,128,128,128,128,128,128,True,True,-781581642,modeled-pass
128,128,large-record,4096,candidate-chunked-100-npgsqlbatch-set-plus-getmultiple,True,True,256,3,98.828125,30928,30928,0,5469,5209,4.754068385445237,256,129,896,769,128,128,128,128,128,128,True,True,-781581642,modeled-pass
128,128,large-record,4096,candidate-single-roundtrip-npgsqlbatch-set-and-read,True,True,256,1,99.609375,30928,30928,0,5469,5240,4.18723715487292,256,129,896,769,128,128,128,128,128,128,True,True,-781581642,modeled-pass
129,129,small-record,128,candidate-current-npgsqlbatch-set-plus-getmultiple,True,True,258,2,99.2248062015504,30928,30928,0,983,1014,-3.153611393692777,258,130,903,775,129,129,129,129,129,129,True,True,1994224498,modeled-pass
129,129,small-record,128,candidate-chunked-100-npgsqlbatch-set-plus-getmultiple,True,True,258,3,98.83720930232558,30928,30928,0,983,986,-0.3051881993896236,258,130,903,775,129,129,129,129,129,129,True,True,1994224498,modeled-pass
129,129,small-record,128,candidate-single-roundtrip-npgsqlbatch-set-and-read,True,True,258,1,99.6124031007752,30928,30928,0,983,1006,-2.3397761953204474,258,130,903,775,129,129,129,129,129,129,True,True,1994224498,modeled-pass
129,129,medium-record,1024,candidate-current-npgsqlbatch-set-plus-getmultiple,True,True,258,2,99.2248062015504,30928,30928,0,1983,1926,2.8744326777609683,258,130,903,775,129,129,129,129,129,129,True,True,-150651905,modeled-pass
129,129,medium-record,1024,candidate-chunked-100-npgsqlbatch-set-plus-getmultiple,True,True,258,3,98.83720930232558,30928,30928,0,1983,1962,1.059001512859304,258,130,903,775,129,129,129,129,129,129,True,True,-150651905,modeled-pass
129,129,medium-record,1024,candidate-single-roundtrip-npgsqlbatch-set-and-read,True,True,258,1,99.6124031007752,30928,30928,0,1983,1898,4.286434694906707,258,130,903,775,129,129,129,129,129,129,True,True,-150651905,modeled-pass
129,129,large-record,4096,candidate-current-npgsqlbatch-set-plus-getmultiple,True,True,258,2,99.2248062015504,30928,30928,0,5356,5377,-0.392083644510829,258,130,903,775,129,129,129,129,129,129,True,True,-779797005,modeled-pass
129,129,large-record,4096,candidate-chunked-100-npgsqlbatch-set-plus-getmultiple,True,True,258,3,98.83720930232558,30928,30928,0,5356,5483,-2.371172516803585,258,130,903,775,129,129,129,129,129,129,True,True,-779797005,modeled-pass
129,129,large-record,4096,candidate-single-roundtrip-npgsqlbatch-set-and-read,True,True,258,1,99.6124031007752,30928,30928,0,5356,5183,3.230022404779686,258,130,903,775,129,129,129,129,129,129,True,True,-779797005,modeled-pass
130,130,small-record,128,candidate-current-npgsqlbatch-set-plus-getmultiple,True,True,260,2,99.23076923076923,30928,30928,0,976,966,1.0245901639344261,260,131,910,781,130,130,130,130,130,130,True,True,2101662738,modeled-pass
130,130,small-record,128,candidate-chunked-100-npgsqlbatch-set-plus-getmultiple,True,True,260,3,98.84615384615384,30928,30928,0,976,1005,-2.971311475409836,260,131,910,781,130,130,130,130,130,130,True,True,2101662738,modeled-pass
130,130,small-record,128,candidate-single-roundtrip-npgsqlbatch-set-and-read,True,True,260,1,99.61538461538461,30928,30928,0,976,1034,-5.942622950819672,260,131,910,781,130,130,130,130,130,130,True,True,2101662738,modeled-pass
130,130,medium-record,1024,candidate-current-npgsqlbatch-set-plus-getmultiple,True,True,260,2,99.23076923076923,30928,30928,0,1958,2148,-9.703779366700715,260,131,910,781,130,130,130,130,130,130,True,True,1948137148,modeled-pass
130,130,medium-record,1024,candidate-chunked-100-npgsqlbatch-set-plus-getmultiple,True,True,260,3,98.84615384615384,30928,30928,0,1958,1969,-0.5617977528089888,260,131,910,781,130,130,130,130,130,130,True,True,1948137148,modeled-pass
130,130,medium-record,1024,candidate-single-roundtrip-npgsqlbatch-set-and-read,True,True,260,1,99.61538461538461,30928,30928,0,1958,1873,4.341164453524004,260,131,910,781,130,130,130,130,130,130,True,True,1948137148,modeled-pass
130,130,large-record,4096,candidate-current-npgsqlbatch-set-plus-getmultiple,True,True,260,2,99.23076923076923,30928,30928,0,5345,5284,1.1412535079513564,260,131,910,781,130,130,130,130,130,130,True,True,-617634291,modeled-pass
130,130,large-record,4096,candidate-chunked-100-npgsqlbatch-set-plus-getmultiple,True,True,260,3,98.84615384615384,30928,30928,0,5345,5265,1.4967259120673526,260,131,910,781,130,130,130,130,130,130,True,True,-617634291,modeled-pass
130,130,large-record,4096,candidate-single-roundtrip-npgsqlbatch-set-and-read,True,True,260,1,99.61538461538461,30928,30928,0,5345,5270,1.4031805425631432,260,131,910,781,130,130,130,130,130,130,True,True,-617634291,modeled-pass
131,131,small-record,128,candidate-current-npgsqlbatch-set-plus-getmultiple,True,True,262,2,99.23664122137404,30928,30928,0,1061,970,8.576814326107446,262,132,917,787,131,131,131,131,131,131,True,True,1398538892,modeled-pass
131,131,small-record,128,candidate-chunked-100-npgsqlbatch-set-plus-getmultiple,True,True,262,3,98.85496183206106,30928,30928,0,1061,1120,-5.5607917059377945,262,132,917,787,131,131,131,131,131,131,True,True,1398538892,modeled-pass
131,131,small-record,128,candidate-single-roundtrip-npgsqlbatch-set-and-read,True,True,262,1,99.61832061068702,30928,30928,0,1061,1046,1.413760603204524,262,132,917,787,131,131,131,131,131,131,True,True,1398538892,modeled-pass
131,131,medium-record,1024,candidate-current-npgsqlbatch-set-plus-getmultiple,True,True,262,2,99.23664122137404,30928,30928,0,1951,2019,-3.485392106611994,262,132,917,787,131,131,131,131,131,131,True,True,-985739688,modeled-pass
131,131,medium-record,1024,candidate-chunked-100-npgsqlbatch-set-plus-getmultiple,True,True,262,3,98.85496183206106,30928,30928,0,1951,1961,-0.5125576627370579,262,132,917,787,131,131,131,131,131,131,True,True,-985739688,modeled-pass
131,131,medium-record,1024,candidate-single-roundtrip-npgsqlbatch-set-and-read,True,True,262,1,99.61832061068702,30928,30928,0,1951,1892,3.0240902101486418,262,132,917,787,131,131,131,131,131,131,True,True,-985739688,modeled-pass
131,131,large-record,4096,candidate-current-npgsqlbatch-set-plus-getmultiple,True,True,262,2,99.23664122137404,30928,30928,0,5362,5263,1.846325997762029,262,132,917,787,131,131,131,131,131,131,True,True,-1804004587,modeled-pass
131,131,large-record,4096,candidate-chunked-100-npgsqlbatch-set-plus-getmultiple,True,True,262,3,98.85496183206106,30928,30928,0,5362,5250,2.088772845953003,262,132,917,787,131,131,131,131,131,131,True,True,-1804004587,modeled-pass
131,131,large-record,4096,candidate-single-roundtrip-npgsqlbatch-set-and-read,True,True,262,1,99.61832061068702,30928,30928,0,5362,5339,0.4289444237224916,262,132,917,787,131,131,131,131,131,131,True,True,-1804004587,modeled-pass
132,132,small-record,128,candidate-current-npgsqlbatch-set-plus-getmultiple,True,True,264,2,99.24242424242425,38096,38096,0,1086,1067,1.7495395948434622,264,133,924,793,132,132,132,132,132,132,True,True,-686112712,modeled-pass
132,132,small-record,128,candidate-chunked-100-npgsqlbatch-set-plus-getmultiple,True,True,264,3,98.86363636363636,38096,38096,0,1086,1059,2.4861878453038675,264,133,924,793,132,132,132,132,132,132,True,True,-686112712,modeled-pass
132,132,small-record,128,candidate-single-roundtrip-npgsqlbatch-set-and-read,True,True,264,1,99.62121212121212,38096,38096,0,1086,1018,6.261510128913444,264,133,924,793,132,132,132,132,132,132,True,True,-686112712,modeled-pass
132,132,medium-record,1024,candidate-current-npgsqlbatch-set-plus-getmultiple,True,True,264,2,99.24242424242425,38096,38096,0,1979,2122,-7.225871652349672,264,133,924,793,132,132,132,132,132,132,True,True,-462775270,modeled-pass
132,132,medium-record,1024,candidate-chunked-100-npgsqlbatch-set-plus-getmultiple,True,True,264,3,98.86363636363636,38096,38096,0,1979,3865,-95.30065689742294,264,133,924,793,132,132,132,132,132,132,True,True,-462775270,modeled-pass
132,132,medium-record,1024,candidate-single-roundtrip-npgsqlbatch-set-and-read,True,True,264,1,99.62121212121212,38096,38096,0,1979,1942,1.8696311268317332,264,133,924,793,132,132,132,132,132,132,True,True,-462775270,modeled-pass
132,132,large-record,4096,candidate-current-npgsqlbatch-set-plus-getmultiple,True,True,264,2,99.24242424242425,38096,38096,0,5470,5383,1.5904936014625228,264,133,924,793,132,132,132,132,132,132,True,True,961617703,modeled-pass
132,132,large-record,4096,candidate-chunked-100-npgsqlbatch-set-plus-getmultiple,True,True,264,3,98.86363636363636,38096,38096,0,5470,5484,-0.25594149908592323,264,133,924,793,132,132,132,132,132,132,True,True,961617703,modeled-pass
132,132,large-record,4096,candidate-single-roundtrip-npgsqlbatch-set-and-read,True,True,264,1,99.62121212121212,38096,38096,0,5470,7126,-30.274223034734916,264,133,924,793,132,132,132,132,132,132,True,True,961617703,modeled-pass
133,133,small-record,128,candidate-current-npgsqlbatch-set-plus-getmultiple,True,True,266,2,99.24812030075188,38096,38096,0,1060,986,6.981132075471698,266,134,931,799,133,133,133,133,133,133,True,True,730745775,modeled-pass
133,133,small-record,128,candidate-chunked-100-npgsqlbatch-set-plus-getmultiple,True,True,266,3,98.87218045112782,38096,38096,0,1060,1038,2.0754716981132075,266,134,931,799,133,133,133,133,133,133,True,True,730745775,modeled-pass
133,133,small-record,128,candidate-single-roundtrip-npgsqlbatch-set-and-read,True,True,266,1,99.62406015037594,38096,38096,0,1060,1027,3.1132075471698113,266,134,931,799,133,133,133,133,133,133,True,True,730745775,modeled-pass
133,133,medium-record,1024,candidate-current-npgsqlbatch-set-plus-getmultiple,True,True,266,2,99.24812030075188,38096,38096,0,1959,1962,-0.15313935681470137,266,134,931,799,133,133,133,133,133,133,True,True,-1029363507,modeled-pass
133,133,medium-record,1024,candidate-chunked-100-npgsqlbatch-set-plus-getmultiple,True,True,266,3,98.87218045112782,38096,38096,0,1959,1964,-0.2552322613578356,266,134,931,799,133,133,133,133,133,133,True,True,-1029363507,modeled-pass
133,133,medium-record,1024,candidate-single-roundtrip-npgsqlbatch-set-and-read,True,True,266,1,99.62406015037594,38096,38096,0,1959,1906,2.7054619703930576,266,134,931,799,133,133,133,133,133,133,True,True,-1029363507,modeled-pass
133,133,large-record,4096,candidate-current-npgsqlbatch-set-plus-getmultiple,True,True,266,2,99.24812030075188,38096,38096,0,5571,5443,2.297612636869503,266,134,931,799,133,133,133,133,133,133,True,True,1803462681,modeled-pass
133,133,large-record,4096,candidate-chunked-100-npgsqlbatch-set-plus-getmultiple,True,True,266,3,98.87218045112782,38096,38096,0,5571,5626,-0.9872554299048645,266,134,931,799,133,133,133,133,133,133,True,True,1803462681,modeled-pass
133,133,large-record,4096,candidate-single-roundtrip-npgsqlbatch-set-and-read,True,True,266,1,99.62406015037594,38096,38096,0,5571,5375,3.5182193502064263,266,134,931,799,133,133,133,133,133,133,True,True,1803462681,modeled-pass
134,134,small-record,128,candidate-current-npgsqlbatch-set-plus-getmultiple,True,True,268,2,99.25373134328358,38096,38096,0,996,1224,-22.89156626506024,268,135,938,805,134,134,134,134,134,134,True,True,434391813,modeled-pass
134,134,small-record,128,candidate-chunked-100-npgsqlbatch-set-plus-getmultiple,True,True,268,3,98.88059701492537,38096,38096,0,996,1074,-7.831325301204819,268,135,938,805,134,134,134,134,134,134,True,True,434391813,modeled-pass
134,134,small-record,128,candidate-single-roundtrip-npgsqlbatch-set-and-read,True,True,268,1,99.6268656716418,38096,38096,0,996,999,-0.30120481927710846,268,135,938,805,134,134,134,134,134,134,True,True,434391813,modeled-pass
134,134,medium-record,1024,candidate-current-npgsqlbatch-set-plus-getmultiple,True,True,268,2,99.25373134328358,38096,38096,0,1994,1957,1.855566700100301,268,135,938,805,134,134,134,134,134,134,True,True,-1883586578,modeled-pass
134,134,medium-record,1024,candidate-chunked-100-npgsqlbatch-set-plus-getmultiple,True,True,268,3,98.88059701492537,38096,38096,0,1994,1980,0.7021063189568706,268,135,938,805,134,134,134,134,134,134,True,True,-1883586578,modeled-pass
134,134,medium-record,1024,candidate-single-roundtrip-npgsqlbatch-set-and-read,True,True,268,1,99.6268656716418,38096,38096,0,1994,2012,-0.9027081243731193,268,135,938,805,134,134,134,134,134,134,True,True,-1883586578,modeled-pass
134,134,large-record,4096,candidate-current-npgsqlbatch-set-plus-getmultiple,True,True,268,2,99.25373134328358,38096,38096,0,5775,5476,5.177489177489178,268,135,938,805,134,134,134,134,134,134,True,True,1392261513,modeled-pass
134,134,large-record,4096,candidate-chunked-100-npgsqlbatch-set-plus-getmultiple,True,True,268,3,98.88059701492537,38096,38096,0,5775,5917,-2.4588744588744587,268,135,938,805,134,134,134,134,134,134,True,True,1392261513,modeled-pass
134,134,large-record,4096,candidate-single-roundtrip-npgsqlbatch-set-and-read,True,True,268,1,99.6268656716418,38096,38096,0,5775,5520,4.415584415584416,268,135,938,805,134,134,134,134,134,134,True,True,1392261513,modeled-pass
135,135,small-record,128,candidate-current-npgsqlbatch-set-plus-getmultiple,True,True,270,2,99.25925925925925,38096,38096,0,1160,1008,13.10344827586207,270,136,945,811,135,135,135,135,135,135,True,True,1614602378,modeled-pass
135,135,small-record,128,candidate-chunked-100-npgsqlbatch-set-plus-getmultiple,True,True,270,3,98.88888888888889,38096,38096,0,1160,1022,11.89655172413793,270,136,945,811,135,135,135,135,135,135,True,True,1614602378,modeled-pass
135,135,small-record,128,candidate-single-roundtrip-npgsqlbatch-set-and-read,True,True,270,1,99.62962962962963,38096,38096,0,1160,1106,4.655172413793103,270,136,945,811,135,135,135,135,135,135,True,True,1614602378,modeled-pass
135,135,medium-record,1024,candidate-current-npgsqlbatch-set-plus-getmultiple,True,True,270,2,99.25925925925925,38096,38096,0,1986,2107,-6.092648539778449,270,136,945,811,135,135,135,135,135,135,True,True,-1997739863,modeled-pass
135,135,medium-record,1024,candidate-chunked-100-npgsqlbatch-set-plus-getmultiple,True,True,270,3,98.88888888888889,38096,38096,0,1986,2026,-2.014098690835851,270,136,945,811,135,135,135,135,135,135,True,True,-1997739863,modeled-pass
135,135,medium-record,1024,candidate-single-roundtrip-npgsqlbatch-set-and-read,True,True,270,1,99.62962962962963,38096,38096,0,1986,2007,-1.0574018126888218,270,136,945,811,135,135,135,135,135,135,True,True,-1997739863,modeled-pass
135,135,large-record,4096,candidate-current-npgsqlbatch-set-plus-getmultiple,True,True,270,2,99.25925925925925,38096,38096,0,5571,5586,-0.2692514808831449,270,136,945,811,135,135,135,135,135,135,True,True,1443498525,modeled-pass
135,135,large-record,4096,candidate-chunked-100-npgsqlbatch-set-plus-getmultiple,True,True,270,3,98.88888888888889,38096,38096,0,5571,5474,1.7411595763776702,270,136,945,811,135,135,135,135,135,135,True,True,1443498525,modeled-pass
135,135,large-record,4096,candidate-single-roundtrip-npgsqlbatch-set-and-read,True,True,270,1,99.62962962962963,38096,38096,0,5571,5576,-0.08975049362771495,270,136,945,811,135,135,135,135,135,135,True,True,1443498525,modeled-pass
136,136,small-record,128,candidate-current-npgsqlbatch-set-plus-getmultiple,True,True,272,2,99.26470588235294,38096,38096,0,1000,1014,-1.4,272,137,952,817,136,136,136,136,136,136,True,True,566548819,modeled-pass
136,136,small-record,128,candidate-chunked-100-npgsqlbatch-set-plus-getmultiple,True,True,272,3,98.8970588235294,38096,38096,0,1000,1122,-12.2,272,137,952,817,136,136,136,136,136,136,True,True,566548819,modeled-pass
136,136,small-record,128,candidate-single-roundtrip-npgsqlbatch-set-and-read,True,True,272,1,99.63235294117646,38096,38096,0,1000,1035,-3.5,272,137,952,817,136,136,136,136,136,136,True,True,566548819,modeled-pass
136,136,medium-record,1024,candidate-current-npgsqlbatch-set-plus-getmultiple,True,True,272,2,99.26470588235294,38096,38096,0,2005,2720,-35.66084788029925,272,137,952,817,136,136,136,136,136,136,True,True,858632650,modeled-pass
136,136,medium-record,1024,candidate-chunked-100-npgsqlbatch-set-plus-getmultiple,True,True,272,3,98.8970588235294,38096,38096,0,2005,1949,2.7930174563591024,272,137,952,817,136,136,136,136,136,136,True,True,858632650,modeled-pass
136,136,medium-record,1024,candidate-single-roundtrip-npgsqlbatch-set-and-read,True,True,272,1,99.63235294117646,38096,38096,0,2005,1947,2.892768079800499,272,137,952,817,136,136,136,136,136,136,True,True,858632650,modeled-pass
136,136,large-record,4096,candidate-current-npgsqlbatch-set-plus-getmultiple,True,True,272,2,99.26470588235294,38096,38096,0,5545,5354,3.4445446348061317,272,137,952,817,136,136,136,136,136,136,True,True,-347280795,modeled-pass
136,136,large-record,4096,candidate-chunked-100-npgsqlbatch-set-plus-getmultiple,True,True,272,3,98.8970588235294,38096,38096,0,5545,5450,1.7132551848512174,272,137,952,817,136,136,136,136,136,136,True,True,-347280795,modeled-pass
136,136,large-record,4096,candidate-single-roundtrip-npgsqlbatch-set-and-read,True,True,272,1,99.63235294117646,38096,38096,0,5545,5418,2.290351668169522,272,137,952,817,136,136,136,136,136,136,True,True,-347280795,modeled-pass
137,137,small-record,128,candidate-current-npgsqlbatch-set-plus-getmultiple,True,True,274,2,99.27007299270073,38096,38096,0,960,953,0.7291666666666666,274,138,959,823,137,137,137,137,137,137,True,True,23500214,modeled-pass
137,137,small-record,128,candidate-chunked-100-npgsqlbatch-set-plus-getmultiple,True,True,274,3,98.9051094890511,38096,38096,0,960,998,-3.9583333333333335,274,138,959,823,137,137,137,137,137,137,True,True,23500214,modeled-pass
137,137,small-record,128,candidate-single-roundtrip-npgsqlbatch-set-and-read,True,True,274,1,99.63503649635037,38096,38096,0,960,1081,-12.604166666666666,274,138,959,823,137,137,137,137,137,137,True,True,23500214,modeled-pass
137,137,medium-record,1024,candidate-current-npgsqlbatch-set-plus-getmultiple,True,True,274,2,99.27007299270073,38096,38096,0,2125,1961,7.7176470588235295,274,138,959,823,137,137,137,137,137,137,True,True,-1642298934,modeled-pass
137,137,medium-record,1024,candidate-chunked-100-npgsqlbatch-set-plus-getmultiple,True,True,274,3,98.9051094890511,38096,38096,0,2125,1983,6.682352941176471,274,138,959,823,137,137,137,137,137,137,True,True,-1642298934,modeled-pass
137,137,medium-record,1024,candidate-single-roundtrip-npgsqlbatch-set-and-read,True,True,274,1,99.63503649635037,38096,38096,0,2125,1970,7.294117647058823,274,138,959,823,137,137,137,137,137,137,True,True,-1642298934,modeled-pass
137,137,large-record,4096,candidate-current-npgsqlbatch-set-plus-getmultiple,True,True,274,2,99.27007299270073,38096,38096,0,5681,5674,0.12321774335504312,274,138,959,823,137,137,137,137,137,137,True,True,-1713842531,modeled-pass
137,137,large-record,4096,candidate-chunked-100-npgsqlbatch-set-plus-getmultiple,True,True,274,3,98.9051094890511,38096,38096,0,5681,5583,1.7250484069706038,274,138,959,823,137,137,137,137,137,137,True,True,-1713842531,modeled-pass
137,137,large-record,4096,candidate-single-roundtrip-npgsqlbatch-set-and-read,True,True,274,1,99.63503649635037,38096,38096,0,5681,5482,3.502904418236226,274,138,959,823,137,137,137,137,137,137,True,True,-1713842531,modeled-pass
138,138,small-record,128,candidate-current-npgsqlbatch-set-plus-getmultiple,True,True,276,2,99.27536231884058,37760,38096,-0.8898305084745762,1154,988,14.38474870017331,276,139,966,829,138,138,138,138,138,138,True,True,-552664168,modeled-pass
138,138,small-record,128,candidate-chunked-100-npgsqlbatch-set-plus-getmultiple,True,True,276,3,98.91304347826087,37760,38096,-0.8898305084745762,1154,1078,6.58578856152513,276,139,966,829,138,138,138,138,138,138,True,True,-552664168,modeled-pass
138,138,small-record,128,candidate-single-roundtrip-npgsqlbatch-set-and-read,True,True,276,1,99.6376811594203,37760,38096,-0.8898305084745762,1154,1023,11.351819757365684,276,139,966,829,138,138,138,138,138,138,True,True,-552664168,modeled-pass
138,138,medium-record,1024,candidate-current-npgsqlbatch-set-plus-getmultiple,True,True,276,2,99.27536231884058,38096,38096,0,2199,2083,5.27512505684402,276,139,966,829,138,138,138,138,138,138,True,True,-823411819,modeled-pass
138,138,medium-record,1024,candidate-chunked-100-npgsqlbatch-set-plus-getmultiple,True,True,276,3,98.91304347826087,38096,38096,0,2199,2084,5.229649840836744,276,139,966,829,138,138,138,138,138,138,True,True,-823411819,modeled-pass
138,138,medium-record,1024,candidate-single-roundtrip-npgsqlbatch-set-and-read,True,True,276,1,99.6376811594203,38096,38096,0,2199,2184,0.6821282401091405,276,139,966,829,138,138,138,138,138,138,True,True,-823411819,modeled-pass
138,138,large-record,4096,candidate-current-npgsqlbatch-set-plus-getmultiple,True,True,276,2,99.27536231884058,38096,38096,0,8041,5806,27.79505036686979,276,139,966,829,138,138,138,138,138,138,True,True,1329130742,modeled-pass
138,138,large-record,4096,candidate-chunked-100-npgsqlbatch-set-plus-getmultiple,True,True,276,3,98.91304347826087,38096,38096,0,8041,5762,28.342245989304814,276,139,966,829,138,138,138,138,138,138,True,True,1329130742,modeled-pass
138,138,large-record,4096,candidate-single-roundtrip-npgsqlbatch-set-and-read,True,True,276,1,99.6376811594203,38096,38096,0,8041,6152,23.49210297226713,276,139,966,829,138,138,138,138,138,138,True,True,1329130742,modeled-pass
139,139,small-record,128,candidate-current-npgsqlbatch-set-plus-getmultiple,True,True,278,2,99.28057553956835,38096,38096,0,1028,1113,-8.268482490272374,278,140,973,835,139,139,139,139,139,139,True,True,188791458,modeled-pass
139,139,small-record,128,candidate-chunked-100-npgsqlbatch-set-plus-getmultiple,True,True,278,3,98.92086330935251,38096,38096,0,1028,1285,-25,278,140,973,835,139,139,139,139,139,139,True,True,188791458,modeled-pass
139,139,small-record,128,candidate-single-roundtrip-npgsqlbatch-set-and-read,True,True,278,1,99.64028776978417,38096,38096,0,1028,1574,-53.11284046692607,278,140,973,835,139,139,139,139,139,139,True,True,188791458,modeled-pass
139,139,medium-record,1024,candidate-current-npgsqlbatch-set-plus-getmultiple,True,True,278,2,99.28057553956835,38096,38096,0,2097,2016,3.8626609442060085,278,140,973,835,139,139,139,139,139,139,True,True,-1922704135,modeled-pass
139,139,medium-record,1024,candidate-chunked-100-npgsqlbatch-set-plus-getmultiple,True,True,278,3,98.92086330935251,38096,38096,0,2097,2071,1.239866475917978,278,140,973,835,139,139,139,139,139,139,True,True,-1922704135,modeled-pass
139,139,medium-record,1024,candidate-single-roundtrip-npgsqlbatch-set-and-read,True,True,278,1,99.64028776978417,38096,38096,0,2097,2180,-3.9580352885073915,278,140,973,835,139,139,139,139,139,139,True,True,-1922704135,modeled-pass
139,139,large-record,4096,candidate-current-npgsqlbatch-set-plus-getmultiple,True,True,278,2,99.28057553956835,38096,38096,0,5865,5687,3.0349531116794544,278,140,973,835,139,139,139,139,139,139,True,True,-1198459821,modeled-pass
139,139,large-record,4096,candidate-chunked-100-npgsqlbatch-set-plus-getmultiple,True,True,278,3,98.92086330935251,38096,38096,0,5865,5651,3.648763853367434,278,140,973,835,139,139,139,139,139,139,True,True,-1198459821,modeled-pass
139,139,large-record,4096,candidate-single-roundtrip-npgsqlbatch-set-and-read,True,True,278,1,99.64028776978417,38096,38096,0,5865,5892,-0.46035805626598464,278,140,973,835,139,139,139,139,139,139,True,True,-1198459821,modeled-pass
140,140,small-record,128,candidate-current-npgsqlbatch-set-plus-getmultiple,True,True,280,2,99.28571428571429,38096,38096,0,1061,1272,-19.886899151743638,280,141,980,841,140,140,140,140,140,140,True,True,1894129505,modeled-pass
140,140,small-record,128,candidate-chunked-100-npgsqlbatch-set-plus-getmultiple,True,True,280,3,98.92857142857143,38096,38096,0,1061,1155,-8.859566446748351,280,141,980,841,140,140,140,140,140,140,True,True,1894129505,modeled-pass
140,140,small-record,128,candidate-single-roundtrip-npgsqlbatch-set-and-read,True,True,280,1,99.64285714285714,38096,38096,0,1061,1248,-17.6248821866164,280,141,980,841,140,140,140,140,140,140,True,True,1894129505,modeled-pass
140,140,medium-record,1024,candidate-current-npgsqlbatch-set-plus-getmultiple,True,True,280,2,99.28571428571429,38096,38096,0,2044,2224,-8.806262230919765,280,141,980,841,140,140,140,140,140,140,True,True,-2116066222,modeled-pass
140,140,medium-record,1024,candidate-chunked-100-npgsqlbatch-set-plus-getmultiple,True,True,280,3,98.92857142857143,38096,38096,0,2044,2074,-1.467710371819961,280,141,980,841,140,140,140,140,140,140,True,True,-2116066222,modeled-pass
140,140,medium-record,1024,candidate-single-roundtrip-npgsqlbatch-set-and-read,True,True,280,1,99.64285714285714,38096,38096,0,2044,1978,3.228962818003914,280,141,980,841,140,140,140,140,140,140,True,True,-2116066222,modeled-pass
140,140,large-record,4096,candidate-current-npgsqlbatch-set-plus-getmultiple,True,True,280,2,99.28571428571429,38096,38096,0,6705,5558,17.106636838180464,280,141,980,841,140,140,140,140,140,140,True,True,181525485,modeled-pass
140,140,large-record,4096,candidate-chunked-100-npgsqlbatch-set-plus-getmultiple,True,True,280,3,98.92857142857143,38096,38096,0,6705,6535,2.535421327367636,280,141,980,841,140,140,140,140,140,140,True,True,181525485,modeled-pass
140,140,large-record,4096,candidate-single-roundtrip-npgsqlbatch-set-and-read,True,True,280,1,99.64285714285714,38096,38096,0,6705,7806,-16.420581655480984,280,141,980,841,140,140,140,140,140,140,True,True,181525485,modeled-pass
141,141,small-record,128,candidate-current-npgsqlbatch-set-plus-getmultiple,True,True,282,2,99.29078014184397,38096,38096,0,1065,1010,5.164319248826291,282,142,987,847,141,141,141,141,141,141,True,True,-2098614624,modeled-pass
141,141,small-record,128,candidate-chunked-100-npgsqlbatch-set-plus-getmultiple,True,True,282,3,98.93617021276596,38096,38096,0,1065,1053,1.1267605633802817,282,142,987,847,141,141,141,141,141,141,True,True,-2098614624,modeled-pass
141,141,small-record,128,candidate-single-roundtrip-npgsqlbatch-set-and-read,True,True,282,1,99.64539007092199,38096,38096,0,1065,1101,-3.380281690140845,282,142,987,847,141,141,141,141,141,141,True,True,-2098614624,modeled-pass
141,141,medium-record,1024,candidate-current-npgsqlbatch-set-plus-getmultiple,True,True,282,2,99.29078014184397,38096,37760,0.881982360352793,2067,2023,2.1286889211417512,282,142,987,847,141,141,141,141,141,141,True,True,869415719,modeled-pass
141,141,medium-record,1024,candidate-chunked-100-npgsqlbatch-set-plus-getmultiple,True,True,282,3,98.93617021276596,38096,38096,0,2067,2088,-1.0159651669085632,282,142,987,847,141,141,141,141,141,141,True,True,869415719,modeled-pass
141,141,medium-record,1024,candidate-single-roundtrip-npgsqlbatch-set-and-read,True,True,282,1,99.64539007092199,38096,38096,0,2067,2018,2.3705853894533138,282,142,987,847,141,141,141,141,141,141,True,True,869415719,modeled-pass
141,141,large-record,4096,candidate-current-npgsqlbatch-set-plus-getmultiple,True,True,282,2,99.29078014184397,38096,38096,0,6641,5746,13.4768860111429,282,142,987,847,141,141,141,141,141,141,True,True,-1646261650,modeled-pass
141,141,large-record,4096,candidate-chunked-100-npgsqlbatch-set-plus-getmultiple,True,True,282,3,98.93617021276596,38096,38096,0,6641,5599,15.690408071073634,282,142,987,847,141,141,141,141,141,141,True,True,-1646261650,modeled-pass
141,141,large-record,4096,candidate-single-roundtrip-npgsqlbatch-set-and-read,True,True,282,1,99.64539007092199,38096,38096,0,6641,5648,14.952567384430056,282,142,987,847,141,141,141,141,141,141,True,True,-1646261650,modeled-pass
142,142,small-record,128,candidate-current-npgsqlbatch-set-plus-getmultiple,True,True,284,2,99.29577464788733,38096,38096,0,1035,1033,0.1932367149758454,284,143,994,853,142,142,142,142,142,142,True,True,1682685943,modeled-pass
142,142,small-record,128,candidate-chunked-100-npgsqlbatch-set-plus-getmultiple,True,True,284,3,98.94366197183099,38096,38096,0,1035,1055,-1.932367149758454,284,143,994,853,142,142,142,142,142,142,True,True,1682685943,modeled-pass
142,142,small-record,128,candidate-single-roundtrip-npgsqlbatch-set-and-read,True,True,284,1,99.64788732394366,38096,38096,0,1035,1048,-1.2560386473429952,284,143,994,853,142,142,142,142,142,142,True,True,1682685943,modeled-pass
142,142,medium-record,1024,candidate-current-npgsqlbatch-set-plus-getmultiple,True,True,284,2,99.29577464788733,38096,38096,0,2108,1993,5.455407969639468,284,143,994,853,142,142,142,142,142,142,True,True,-462322602,modeled-pass
142,142,medium-record,1024,candidate-chunked-100-npgsqlbatch-set-plus-getmultiple,True,True,284,3,98.94366197183099,38096,38096,0,2108,2042,3.130929791271347,284,143,994,853,142,142,142,142,142,142,True,True,-462322602,modeled-pass
142,142,medium-record,1024,candidate-single-roundtrip-npgsqlbatch-set-and-read,True,True,284,1,99.64788732394366,38096,38096,0,2108,1980,6.072106261859583,284,143,994,853,142,142,142,142,142,142,True,True,-462322602,modeled-pass
142,142,large-record,4096,candidate-current-npgsqlbatch-set-plus-getmultiple,True,True,284,2,99.29577464788733,38096,38096,0,5974,5627,5.808503515232675,284,143,994,853,142,142,142,142,142,142,True,True,-1985512089,modeled-pass
142,142,large-record,4096,candidate-chunked-100-npgsqlbatch-set-plus-getmultiple,True,True,284,3,98.94366197183099,38096,38096,0,5974,8569,-43.43823234014061,284,143,994,853,142,142,142,142,142,142,True,True,-1985512089,modeled-pass
142,142,large-record,4096,candidate-single-roundtrip-npgsqlbatch-set-and-read,True,True,284,1,99.64788732394366,38096,38096,0,5974,5670,5.088717777033813,284,143,994,853,142,142,142,142,142,142,True,True,-1985512089,modeled-pass
143,143,small-record,128,candidate-current-npgsqlbatch-set-plus-getmultiple,True,True,286,2,99.3006993006993,38096,38096,0,1025,985,3.902439024390244,286,144,1001,859,143,143,143,143,143,143,True,True,988177500,modeled-pass
143,143,small-record,128,candidate-chunked-100-npgsqlbatch-set-plus-getmultiple,True,True,286,3,98.95104895104895,38096,38096,0,1025,1053,-2.731707317073171,286,144,1001,859,143,143,143,143,143,143,True,True,988177500,modeled-pass
143,143,small-record,128,candidate-single-roundtrip-npgsqlbatch-set-and-read,True,True,286,1,99.65034965034965,38096,38096,0,1025,1024,0.0975609756097561,286,144,1001,859,143,143,143,143,143,143,True,True,988177500,modeled-pass
143,143,medium-record,1024,candidate-current-npgsqlbatch-set-plus-getmultiple,True,True,286,2,99.3006993006993,38096,38096,0,2049,1987,3.0258662762323083,286,144,1001,859,143,143,143,143,143,143,True,True,1329926781,modeled-pass
143,143,medium-record,1024,candidate-chunked-100-npgsqlbatch-set-plus-getmultiple,True,True,286,3,98.95104895104895,38096,38096,0,2049,2008,2.0009760858955588,286,144,1001,859,143,143,143,143,143,143,True,True,1329926781,modeled-pass
143,143,medium-record,1024,candidate-single-roundtrip-npgsqlbatch-set-and-read,True,True,286,1,99.65034965034965,38096,38096,0,2049,2024,1.2201073694485114,286,144,1001,859,143,143,143,143,143,143,True,True,1329926781,modeled-pass
143,143,large-record,4096,candidate-current-npgsqlbatch-set-plus-getmultiple,True,True,286,2,99.3006993006993,38096,38096,0,5846,5698,2.5316455696202533,286,144,1001,859,143,143,143,143,143,143,True,True,-1473183788,modeled-pass
143,143,large-record,4096,candidate-chunked-100-npgsqlbatch-set-plus-getmultiple,True,True,286,3,98.95104895104895,38096,38096,0,5846,5595,4.293534040369483,286,144,1001,859,143,143,143,143,143,143,True,True,-1473183788,modeled-pass
143,143,large-record,4096,candidate-single-roundtrip-npgsqlbatch-set-and-read,True,True,286,1,99.65034965034965,38096,38096,0,5846,5601,4.190899760520014,286,144,1001,859,143,143,143,143,143,143,True,True,-1473183788,modeled-pass
144,144,small-record,128,candidate-current-npgsqlbatch-set-plus-getmultiple,True,True,288,2,99.30555555555556,38096,38096,0,993,1003,-1.0070493454179255,288,145,1008,865,144,144,144,144,144,144,True,True,-1444016794,modeled-pass
144,144,small-record,128,candidate-chunked-100-npgsqlbatch-set-plus-getmultiple,True,True,288,3,98.95833333333333,38096,38096,0,993,1081,-8.862034239677744,288,145,1008,865,144,144,144,144,144,144,True,True,-1444016794,modeled-pass
144,144,small-record,128,candidate-single-roundtrip-npgsqlbatch-set-and-read,True,True,288,1,99.65277777777777,38096,38096,0,993,1747,-75.93152064451158,288,145,1008,865,144,144,144,144,144,144,True,True,-1444016794,modeled-pass
144,144,medium-record,1024,candidate-current-npgsqlbatch-set-plus-getmultiple,True,True,288,2,99.30555555555556,38096,38096,0,2037,2090,-2.6018654884634267,288,145,1008,865,144,144,144,144,144,144,True,True,-1181179221,modeled-pass
144,144,medium-record,1024,candidate-chunked-100-npgsqlbatch-set-plus-getmultiple,True,True,288,3,98.95833333333333,38096,38096,0,2037,2065,-1.3745704467353952,288,145,1008,865,144,144,144,144,144,144,True,True,-1181179221,modeled-pass
144,144,medium-record,1024,candidate-single-roundtrip-npgsqlbatch-set-and-read,True,True,288,1,99.65277777777777,38096,38096,0,2037,2028,0.4418262150220913,288,145,1008,865,144,144,144,144,144,144,True,True,-1181179221,modeled-pass
144,144,large-record,4096,candidate-current-npgsqlbatch-set-plus-getmultiple,True,True,288,2,99.30555555555556,38096,38096,0,5994,5761,3.8872205538872207,288,145,1008,865,144,144,144,144,144,144,True,True,-1476484787,modeled-pass
144,144,large-record,4096,candidate-chunked-100-npgsqlbatch-set-plus-getmultiple,True,True,288,3,98.95833333333333,38096,38096,0,5994,5954,0.667334000667334,288,145,1008,865,144,144,144,144,144,144,True,True,-1476484787,modeled-pass
144,144,large-record,4096,candidate-single-roundtrip-npgsqlbatch-set-and-read,True,True,288,1,99.65277777777777,38096,38096,0,5994,5722,4.537871204537871,288,145,1008,865,144,144,144,144,144,144,True,True,-1476484787,modeled-pass
145,145,small-record,128,candidate-current-npgsqlbatch-set-plus-getmultiple,True,True,290,2,99.3103448275862,38096,38096,0,1018,1024,-0.5893909626719057,290,146,1015,871,145,145,145,145,145,145,True,True,-1571088581,modeled-pass
145,145,small-record,128,candidate-chunked-100-npgsqlbatch-set-plus-getmultiple,True,True,290,3,98.96551724137932,38096,38096,0,1018,1084,-6.4833005893909625,290,146,1015,871,145,145,145,145,145,145,True,True,-1571088581,modeled-pass
145,145,small-record,128,candidate-single-roundtrip-npgsqlbatch-set-and-read,True,True,290,1,99.65517241379311,38096,38096,0,1018,1066,-4.715127701375246,290,146,1015,871,145,145,145,145,145,145,True,True,-1571088581,modeled-pass
145,145,medium-record,1024,candidate-current-npgsqlbatch-set-plus-getmultiple,True,True,290,2,99.3103448275862,38096,38096,0,2221,2067,6.933813597478613,290,146,1015,871,145,145,145,145,145,145,True,True,-1711838540,modeled-pass
145,145,medium-record,1024,candidate-chunked-100-npgsqlbatch-set-plus-getmultiple,True,True,290,3,98.96551724137932,38096,38096,0,2221,2083,6.2134173795587575,290,146,1015,871,145,145,145,145,145,145,True,True,-1711838540,modeled-pass
145,145,medium-record,1024,candidate-single-roundtrip-npgsqlbatch-set-and-read,True,True,290,1,99.65517241379311,38096,38096,0,2221,2074,6.618640252138676,290,146,1015,871,145,145,145,145,145,145,True,True,-1711838540,modeled-pass
145,145,large-record,4096,candidate-current-npgsqlbatch-set-plus-getmultiple,True,True,290,2,99.3103448275862,38096,38096,0,5950,5874,1.2773109243697478,290,146,1015,871,145,145,145,145,145,145,True,True,-924380862,modeled-pass
145,145,large-record,4096,candidate-chunked-100-npgsqlbatch-set-plus-getmultiple,True,True,290,3,98.96551724137932,38096,38096,0,5950,5782,2.823529411764706,290,146,1015,871,145,145,145,145,145,145,True,True,-924380862,modeled-pass
145,145,large-record,4096,candidate-single-roundtrip-npgsqlbatch-set-and-read,True,True,290,1,99.65517241379311,38096,38096,0,5950,5793,2.638655462184874,290,146,1015,871,145,145,145,145,145,145,True,True,-924380862,modeled-pass
146,146,small-record,128,candidate-current-npgsqlbatch-set-plus-getmultiple,True,True,292,2,99.31506849315069,38096,38096,0,985,1036,-5.177664974619289,292,147,1022,877,146,146,146,146,146,146,True,True,894249573,modeled-pass
146,146,small-record,128,candidate-chunked-100-npgsqlbatch-set-plus-getmultiple,True,True,292,3,98.97260273972603,38096,38096,0,985,1036,-5.177664974619289,292,147,1022,877,146,146,146,146,146,146,True,True,894249573,modeled-pass
146,146,small-record,128,candidate-single-roundtrip-npgsqlbatch-set-and-read,True,True,292,1,99.65753424657534,38096,38096,0,985,3424,-247.61421319796955,292,147,1022,877,146,146,146,146,146,146,True,True,894249573,modeled-pass
146,146,medium-record,1024,candidate-current-npgsqlbatch-set-plus-getmultiple,True,True,292,2,99.31506849315069,38096,38096,0,2057,2038,0.9236752552260573,292,147,1022,877,146,146,146,146,146,146,True,True,-620214971,modeled-pass
146,146,medium-record,1024,candidate-chunked-100-npgsqlbatch-set-plus-getmultiple,True,True,292,3,98.97260273972603,38096,38096,0,2057,2086,-1.4098201263976664,292,147,1022,877,146,146,146,146,146,146,True,True,-620214971,modeled-pass
146,146,medium-record,1024,candidate-single-roundtrip-npgsqlbatch-set-and-read,True,True,292,1,99.65753424657534,38096,38096,0,2057,2019,1.8473505104521146,292,147,1022,877,146,146,146,146,146,146,True,True,-620214971,modeled-pass
146,146,large-record,4096,candidate-current-npgsqlbatch-set-plus-getmultiple,True,True,292,2,99.31506849315069,38096,38096,0,6008,5763,4.077896138482024,292,147,1022,877,146,146,146,146,146,146,True,True,-1319879849,modeled-pass
146,146,large-record,4096,candidate-chunked-100-npgsqlbatch-set-plus-getmultiple,True,True,292,3,98.97260273972603,38096,38096,0,6008,5787,3.6784287616511318,292,147,1022,877,146,146,146,146,146,146,True,True,-1319879849,modeled-pass
146,146,large-record,4096,candidate-single-roundtrip-npgsqlbatch-set-and-read,True,True,292,1,99.65753424657534,38096,38096,0,6008,5688,5.326231691078562,292,147,1022,877,146,146,146,146,146,146,True,True,-1319879849,modeled-pass
147,147,small-record,128,candidate-current-npgsqlbatch-set-plus-getmultiple,True,True,294,2,99.31972789115646,38096,38096,0,1006,1010,-0.3976143141153082,294,148,1029,883,147,147,147,147,147,147,True,True,1065743425,modeled-pass
147,147,small-record,128,candidate-chunked-100-npgsqlbatch-set-plus-getmultiple,True,True,294,3,98.9795918367347,38096,38096,0,1006,1046,-3.9761431411530817,294,148,1029,883,147,147,147,147,147,147,True,True,1065743425,modeled-pass
147,147,small-record,128,candidate-single-roundtrip-npgsqlbatch-set-and-read,True,True,294,1,99.65986394557824,38096,38096,0,1006,1047,-4.075546719681909,294,148,1029,883,147,147,147,147,147,147,True,True,1065743425,modeled-pass
147,147,medium-record,1024,candidate-current-npgsqlbatch-set-plus-getmultiple,True,True,294,2,99.31972789115646,38096,38096,0,2112,2073,1.8465909090909092,294,148,1029,883,147,147,147,147,147,147,True,True,2050706053,modeled-pass
147,147,medium-record,1024,candidate-chunked-100-npgsqlbatch-set-plus-getmultiple,True,True,294,3,98.9795918367347,38096,38096,0,2112,2113,-0.04734848484848485,294,148,1029,883,147,147,147,147,147,147,True,True,2050706053,modeled-pass
147,147,medium-record,1024,candidate-single-roundtrip-npgsqlbatch-set-and-read,True,True,294,1,99.65986394557824,38096,38096,0,2112,2020,4.356060606060606,294,148,1029,883,147,147,147,147,147,147,True,True,2050706053,modeled-pass
147,147,large-record,4096,candidate-current-npgsqlbatch-set-plus-getmultiple,True,True,294,2,99.31972789115646,38096,38096,0,6747,5790,14.184081814139617,294,148,1029,883,147,147,147,147,147,147,True,True,-228785973,modeled-pass
147,147,large-record,4096,candidate-chunked-100-npgsqlbatch-set-plus-getmultiple,True,True,294,3,98.9795918367347,38096,38096,0,6747,5770,14.4805098562324,294,148,1029,883,147,147,147,147,147,147,True,True,-228785973,modeled-pass
147,147,large-record,4096,candidate-single-roundtrip-npgsqlbatch-set-and-read,True,True,294,1,99.65986394557824,38096,38096,0,6747,5803,13.99140358677931,294,148,1029,883,147,147,147,147,147,147,True,True,-228785973,modeled-pass
148,148,small-record,128,candidate-current-npgsqlbatch-set-plus-getmultiple,True,True,296,2,99.32432432432432,38096,38096,0,1010,999,1.0891089108910892,296,149,1036,889,148,148,148,148,148,148,True,True,-1937574651,modeled-pass
148,148,small-record,128,candidate-chunked-100-npgsqlbatch-set-plus-getmultiple,True,True,296,3,98.98648648648648,38096,38096,0,1010,1059,-4.851485148514851,296,149,1036,889,148,148,148,148,148,148,True,True,-1937574651,modeled-pass
148,148,small-record,128,candidate-single-roundtrip-npgsqlbatch-set-and-read,True,True,296,1,99.66216216216216,38096,38096,0,1010,1008,0.19801980198019803,296,149,1036,889,148,148,148,148,148,148,True,True,-1937574651,modeled-pass
148,148,medium-record,1024,candidate-current-npgsqlbatch-set-plus-getmultiple,True,True,296,2,99.32432432432432,38096,38096,0,2090,2125,-1.674641148325359,296,149,1036,889,148,148,148,148,148,148,True,True,159720387,modeled-pass
148,148,medium-record,1024,candidate-chunked-100-npgsqlbatch-set-plus-getmultiple,True,True,296,3,98.98648648648648,38096,38096,0,2090,2070,0.9569377990430622,296,149,1036,889,148,148,148,148,148,148,True,True,159720387,modeled-pass
148,148,medium-record,1024,candidate-single-roundtrip-npgsqlbatch-set-and-read,True,True,296,1,99.66216216216216,38096,38096,0,2090,2153,-3.014354066985646,296,149,1036,889,148,148,148,148,148,148,True,True,159720387,modeled-pass
148,148,large-record,4096,candidate-current-npgsqlbatch-set-plus-getmultiple,True,True,296,2,99.32432432432432,38096,38096,0,6082,5954,2.1045708648470898,296,149,1036,889,148,148,148,148,148,148,True,True,-461433127,modeled-pass
148,148,large-record,4096,candidate-chunked-100-npgsqlbatch-set-plus-getmultiple,True,True,296,3,98.98648648648648,38096,38096,0,6082,5902,2.95955277869122,296,149,1036,889,148,148,148,148,148,148,True,True,-461433127,modeled-pass
148,148,large-record,4096,candidate-single-roundtrip-npgsqlbatch-set-and-read,True,True,296,1,99.66216216216216,38096,38096,0,6082,5916,2.7293653403485694,296,149,1036,889,148,148,148,148,148,148,True,True,-461433127,modeled-pass
149,149,small-record,128,candidate-current-npgsqlbatch-set-plus-getmultiple,True,True,298,2,99.32885906040268,38096,38096,0,1052,1038,1.3307984790874525,298,150,1043,895,149,149,149,149,149,149,True,True,53790960,modeled-pass
149,149,small-record,128,candidate-chunked-100-npgsqlbatch-set-plus-getmultiple,True,True,298,3,98.99328859060402,38096,38096,0,1052,1076,-2.2813688212927756,298,150,1043,895,149,149,149,149,149,149,True,True,53790960,modeled-pass
149,149,small-record,128,candidate-single-roundtrip-npgsqlbatch-set-and-read,True,True,298,1,99.66442953020135,38096,38096,0,1052,1040,1.1406844106463878,298,150,1043,895,149,149,149,149,149,149,True,True,53790960,modeled-pass
149,149,medium-record,1024,candidate-current-npgsqlbatch-set-plus-getmultiple,True,True,298,2,99.32885906040268,38096,38096,0,2173,2113,2.761159687068569,298,150,1043,895,149,149,149,149,149,149,True,True,-159875847,modeled-pass
149,149,medium-record,1024,candidate-chunked-100-npgsqlbatch-set-plus-getmultiple,True,True,298,3,98.99328859060402,38096,38096,0,2173,2150,1.058444546709618,298,150,1043,895,149,149,149,149,149,149,True,True,-159875847,modeled-pass
149,149,medium-record,1024,candidate-single-roundtrip-npgsqlbatch-set-and-read,True,True,298,1,99.66442953020135,38096,38096,0,2173,2141,1.4726184997699034,298,150,1043,895,149,149,149,149,149,149,True,True,-159875847,modeled-pass
149,149,large-record,4096,candidate-current-npgsqlbatch-set-plus-getmultiple,True,True,298,2,99.32885906040268,38096,38096,0,6413,6334,1.2318727584593794,298,150,1043,895,149,149,149,149,149,149,True,True,1887726338,modeled-pass
149,149,large-record,4096,candidate-chunked-100-npgsqlbatch-set-plus-getmultiple,True,True,298,3,98.99328859060402,38096,38096,0,6413,6282,2.0427257133946672,298,150,1043,895,149,149,149,149,149,149,True,True,1887726338,modeled-pass
149,149,large-record,4096,candidate-single-roundtrip-npgsqlbatch-set-and-read,True,True,298,1,99.66442953020135,38096,38096,0,6413,6085,5.114610946514891,298,150,1043,895,149,149,149,149,149,149,True,True,1887726338,modeled-pass
150,150,small-record,128,candidate-current-npgsqlbatch-set-plus-getmultiple,True,True,300,2,99.33333333333333,38096,38096,0,1165,1086,6.781115879828326,300,151,1050,901,150,150,150,150,150,150,True,True,1541502806,modeled-pass
150,150,small-record,128,candidate-chunked-100-npgsqlbatch-set-plus-getmultiple,True,True,300,3,99,38096,38096,0,1165,1170,-0.4291845493562232,300,151,1050,901,150,150,150,150,150,150,True,True,1541502806,modeled-pass
150,150,small-record,128,candidate-single-roundtrip-npgsqlbatch-set-and-read,True,True,300,1,99.66666666666667,38096,38096,0,1165,1121,3.776824034334764,300,151,1050,901,150,150,150,150,150,150,True,True,1541502806,modeled-pass
150,150,medium-record,1024,candidate-current-npgsqlbatch-set-plus-getmultiple,True,True,300,2,99.33333333333333,38096,38096,0,2293,2265,1.2211077191452246,300,151,1050,901,150,150,150,150,150,150,True,True,1028968410,modeled-pass
150,150,medium-record,1024,candidate-chunked-100-npgsqlbatch-set-plus-getmultiple,True,True,300,3,99,38096,38096,0,2293,2245,2.0933275185346707,300,151,1050,901,150,150,150,150,150,150,True,True,1028968410,modeled-pass
150,150,medium-record,1024,candidate-single-roundtrip-npgsqlbatch-set-and-read,True,True,300,1,99.66666666666667,38096,38096,0,2293,2356,-2.747492368076755,300,151,1050,901,150,150,150,150,150,150,True,True,1028968410,modeled-pass
150,150,large-record,4096,candidate-current-npgsqlbatch-set-plus-getmultiple,True,True,300,2,99.33333333333333,38096,38096,0,6689,9215,-37.76349230079234,300,151,1050,901,150,150,150,150,150,150,True,True,1071747253,modeled-pass
150,150,large-record,4096,candidate-chunked-100-npgsqlbatch-set-plus-getmultiple,True,True,300,3,99,38096,38096,0,6689,6296,5.875317685752728,300,151,1050,901,150,150,150,150,150,150,True,True,1071747253,modeled-pass
150,150,large-record,4096,candidate-single-roundtrip-npgsqlbatch-set-and-read,True,True,300,1,99.66666666666667,38096,38096,0,6689,6172,7.729107489908806,300,151,1050,901,150,150,150,150,150,150,True,True,1071747253,modeled-pass
151,151,small-record,128,candidate-current-npgsqlbatch-set-plus-getmultiple,True,True,302,2,99.33774834437087,38096,38096,0,1299,1120,13.77983063895304,302,152,1057,907,151,151,151,151,151,151,True,True,1074783590,modeled-pass
151,151,small-record,128,candidate-chunked-100-npgsqlbatch-set-plus-getmultiple,True,True,302,3,99.00662251655629,38096,38096,0,1299,1369,-5.388760585065435,302,152,1057,907,151,151,151,151,151,151,True,True,1074783590,modeled-pass
151,151,small-record,128,candidate-single-roundtrip-npgsqlbatch-set-and-read,True,True,302,1,99.66887417218543,38096,38096,0,1299,1146,11.778290993071593,302,152,1057,907,151,151,151,151,151,151,True,True,1074783590,modeled-pass
151,151,medium-record,1024,candidate-current-npgsqlbatch-set-plus-getmultiple,True,True,302,2,99.33774834437087,38096,38096,0,2316,2323,-0.3022452504317789,302,152,1057,907,151,151,151,151,151,151,True,True,1125500236,modeled-pass
151,151,medium-record,1024,candidate-chunked-100-npgsqlbatch-set-plus-getmultiple,True,True,302,3,99.00662251655629,38096,38096,0,2316,2279,1.5975820379965457,302,152,1057,907,151,151,151,151,151,151,True,True,1125500236,modeled-pass
151,151,medium-record,1024,candidate-single-roundtrip-npgsqlbatch-set-and-read,True,True,302,1,99.66887417218543,38096,38096,0,2316,2234,3.540587219343696,302,152,1057,907,151,151,151,151,151,151,True,True,1125500236,modeled-pass
151,151,large-record,4096,candidate-current-npgsqlbatch-set-plus-getmultiple,True,True,302,2,99.33774834437087,38096,38096,0,7345,6348,13.573859768550035,302,152,1057,907,151,151,151,151,151,151,True,True,-2020300924,modeled-pass
151,151,large-record,4096,candidate-chunked-100-npgsqlbatch-set-plus-getmultiple,True,True,302,3,99.00662251655629,38096,38096,0,7345,6417,12.634445200816883,302,152,1057,907,151,151,151,151,151,151,True,True,-2020300924,modeled-pass
151,151,large-record,4096,candidate-single-roundtrip-npgsqlbatch-set-and-read,True,True,302,1,99.66887417218543,38096,38096,0,7345,6024,17.98502382573179,302,152,1057,907,151,151,151,151,151,151,True,True,-2020300924,modeled-pass
152,152,small-record,128,candidate-current-npgsqlbatch-set-plus-getmultiple,True,True,304,2,99.34210526315789,38096,38096,0,1487,1178,20.78009414929388,304,153,1064,913,152,152,152,152,152,152,True,True,-1503491603,modeled-pass
152,152,small-record,128,candidate-chunked-100-npgsqlbatch-set-plus-getmultiple,True,True,304,3,99.01315789473684,38096,38096,0,1487,1155,22.326832548755885,304,153,1064,913,152,152,152,152,152,152,True,True,-1503491603,modeled-pass
152,152,small-record,128,candidate-single-roundtrip-npgsqlbatch-set-and-read,True,True,304,1,99.67105263157895,38096,38096,0,1487,1127,24.209818426361803,304,153,1064,913,152,152,152,152,152,152,True,True,-1503491603,modeled-pass
152,152,medium-record,1024,candidate-current-npgsqlbatch-set-plus-getmultiple,True,True,304,2,99.34210526315789,38096,38096,0,2228,2167,2.7378815080789947,304,153,1064,913,152,152,152,152,152,152,True,True,-1056341419,modeled-pass
152,152,medium-record,1024,candidate-chunked-100-npgsqlbatch-set-plus-getmultiple,True,True,304,3,99.01315789473684,38096,38096,0,2228,2443,-9.649910233393177,304,153,1064,913,152,152,152,152,152,152,True,True,-1056341419,modeled-pass
152,152,medium-record,1024,candidate-single-roundtrip-npgsqlbatch-set-and-read,True,True,304,1,99.67105263157895,38096,38096,0,2228,2375,-6.597845601436266,304,153,1064,913,152,152,152,152,152,152,True,True,-1056341419,modeled-pass
152,152,large-record,4096,candidate-current-npgsqlbatch-set-plus-getmultiple,True,True,304,2,99.34210526315789,38096,38096,0,6895,6234,9.58665699782451,304,153,1064,913,152,152,152,152,152,152,True,True,-798386855,modeled-pass
152,152,large-record,4096,candidate-chunked-100-npgsqlbatch-set-plus-getmultiple,True,True,304,3,99.01315789473684,38096,38096,0,6895,6209,9.949238578680204,304,153,1064,913,152,152,152,152,152,152,True,True,-798386855,modeled-pass
152,152,large-record,4096,candidate-single-roundtrip-npgsqlbatch-set-and-read,True,True,304,1,99.67105263157895,38096,38096,0,6895,6152,10.775924583031182,304,153,1064,913,152,152,152,152,152,152,True,True,-798386855,modeled-pass
153,153,small-record,128,candidate-current-npgsqlbatch-set-plus-getmultiple,True,True,306,2,99.34640522875817,38096,38096,0,1095,1100,-0.45662100456621,306,154,1071,919,153,153,153,153,153,153,True,True,-103272402,modeled-pass
153,153,small-record,128,candidate-chunked-100-npgsqlbatch-set-plus-getmultiple,True,True,306,3,99.01960784313725,38096,38096,0,1095,1255,-14.61187214611872,306,154,1071,919,153,153,153,153,153,153,True,True,-103272402,modeled-pass
153,153,small-record,128,candidate-single-roundtrip-npgsqlbatch-set-and-read,True,True,306,1,99.67320261437908,38096,38096,0,1095,1099,-0.365296803652968,306,154,1071,919,153,153,153,153,153,153,True,True,-103272402,modeled-pass
153,153,medium-record,1024,candidate-current-npgsqlbatch-set-plus-getmultiple,True,True,306,2,99.34640522875817,38096,38096,0,2251,2360,-4.842292314526877,306,154,1071,919,153,153,153,153,153,153,True,True,376955555,modeled-pass
153,153,medium-record,1024,candidate-chunked-100-npgsqlbatch-set-plus-getmultiple,True,True,306,3,99.01960784313725,38096,38096,0,2251,2379,-5.6863616170590845,306,154,1071,919,153,153,153,153,153,153,True,True,376955555,modeled-pass
153,153,medium-record,1024,candidate-single-roundtrip-npgsqlbatch-set-and-read,True,True,306,1,99.67320261437908,38096,38096,0,2251,2271,-0.8884940026654821,306,154,1071,919,153,153,153,153,153,153,True,True,376955555,modeled-pass
153,153,large-record,4096,candidate-current-npgsqlbatch-set-plus-getmultiple,True,True,306,2,99.34640522875817,38096,38096,0,6813,6426,5.680317040951123,306,154,1071,919,153,153,153,153,153,153,True,True,-1306811277,modeled-pass
153,153,large-record,4096,candidate-chunked-100-npgsqlbatch-set-plus-getmultiple,True,True,306,3,99.01960784313725,38096,38096,0,6813,6284,7.764567738147659,306,154,1071,919,153,153,153,153,153,153,True,True,-1306811277,modeled-pass
153,153,large-record,4096,candidate-single-roundtrip-npgsqlbatch-set-and-read,True,True,306,1,99.67320261437908,38096,38096,0,6813,6531,4.139145750770585,306,154,1071,919,153,153,153,153,153,153,True,True,-1306811277,modeled-pass
154,154,small-record,128,candidate-current-npgsqlbatch-set-plus-getmultiple,True,True,308,2,99.35064935064935,38096,38096,0,1130,1139,-0.7964601769911505,308,155,1078,925,154,154,154,154,154,154,True,True,173671538,modeled-pass
154,154,small-record,128,candidate-chunked-100-npgsqlbatch-set-plus-getmultiple,True,True,308,3,99.02597402597402,38096,38096,0,1130,1170,-3.5398230088495577,308,155,1078,925,154,154,154,154,154,154,True,True,173671538,modeled-pass
154,154,small-record,128,candidate-single-roundtrip-npgsqlbatch-set-and-read,True,True,308,1,99.67532467532467,38096,38096,0,1130,1232,-9.026548672566372,308,155,1078,925,154,154,154,154,154,154,True,True,173671538,modeled-pass
154,154,medium-record,1024,candidate-current-npgsqlbatch-set-plus-getmultiple,True,True,308,2,99.35064935064935,38096,38096,0,2326,2444,-5.073086844368014,308,155,1078,925,154,154,154,154,154,154,True,True,-269505598,modeled-pass
154,154,medium-record,1024,candidate-chunked-100-npgsqlbatch-set-plus-getmultiple,True,True,308,3,99.02597402597402,38096,38096,0,2326,2795,-20.16337059329321,308,155,1078,925,154,154,154,154,154,154,True,True,-269505598,modeled-pass
154,154,medium-record,1024,candidate-single-roundtrip-npgsqlbatch-set-and-read,True,True,308,1,99.67532467532467,38096,38096,0,2326,2282,1.891659501289768,308,155,1078,925,154,154,154,154,154,154,True,True,-269505598,modeled-pass
154,154,large-record,4096,candidate-current-npgsqlbatch-set-plus-getmultiple,True,True,308,2,99.35064935064935,38096,38096,0,6958,6719,3.4348950847944812,308,155,1078,925,154,154,154,154,154,154,True,True,1238034658,modeled-pass
154,154,large-record,4096,candidate-chunked-100-npgsqlbatch-set-plus-getmultiple,True,True,308,3,99.02597402597402,38096,38096,0,6958,6373,8.407588387467664,308,155,1078,925,154,154,154,154,154,154,True,True,1238034658,modeled-pass
154,154,large-record,4096,candidate-single-roundtrip-npgsqlbatch-set-and-read,True,True,308,1,99.67532467532467,38096,38096,0,6958,6958,0,308,155,1078,925,154,154,154,154,154,154,True,True,1238034658,modeled-pass
155,155,small-record,128,candidate-current-npgsqlbatch-set-plus-getmultiple,True,True,310,2,99.35483870967742,38096,38096,0,1226,1385,-12.969004893964112,310,156,1085,931,155,155,155,155,155,155,True,True,-724750761,modeled-pass
155,155,small-record,128,candidate-chunked-100-npgsqlbatch-set-plus-getmultiple,True,True,310,3,99.03225806451613,38096,38096,0,1226,1517,-23.73572593800979,310,156,1085,931,155,155,155,155,155,155,True,True,-724750761,modeled-pass
155,155,small-record,128,candidate-single-roundtrip-npgsqlbatch-set-and-read,True,True,310,1,99.6774193548387,38096,38096,0,1226,1611,-31.402936378466556,310,156,1085,931,155,155,155,155,155,155,True,True,-724750761,modeled-pass
155,155,medium-record,1024,candidate-current-npgsqlbatch-set-plus-getmultiple,True,True,310,2,99.35483870967742,38096,38096,0,2406,2580,-7.231920199501247,310,156,1085,931,155,155,155,155,155,155,True,True,-816363417,modeled-pass
155,155,medium-record,1024,candidate-chunked-100-npgsqlbatch-set-plus-getmultiple,True,True,310,3,99.03225806451613,38096,38096,0,2406,2561,-6.442227763923524,310,156,1085,931,155,155,155,155,155,155,True,True,-816363417,modeled-pass
155,155,medium-record,1024,candidate-single-roundtrip-npgsqlbatch-set-and-read,True,True,310,1,99.6774193548387,38096,38096,0,2406,2918,-21.280133000831256,310,156,1085,931,155,155,155,155,155,155,True,True,-816363417,modeled-pass
155,155,large-record,4096,candidate-current-npgsqlbatch-set-plus-getmultiple,True,True,310,2,99.35483870967742,38096,38096,0,6882,9348,-35.832606800348735,310,156,1085,931,155,155,155,155,155,155,True,True,-2100465742,modeled-pass
155,155,large-record,4096,candidate-chunked-100-npgsqlbatch-set-plus-getmultiple,True,True,310,3,99.03225806451613,38096,38096,0,6882,6465,6.059285091543156,310,156,1085,931,155,155,155,155,155,155,True,True,-2100465742,modeled-pass
155,155,large-record,4096,candidate-single-roundtrip-npgsqlbatch-set-and-read,True,True,310,1,99.6774193548387,38096,38096,0,6882,6728,2.2377215925603022,310,156,1085,931,155,155,155,155,155,155,True,True,-2100465742,modeled-pass
156,156,small-record,128,candidate-current-npgsqlbatch-set-plus-getmultiple,True,True,312,2,99.35897435897436,38096,38096,0,1335,1298,2.7715355805243447,312,157,1092,937,156,156,156,156,156,156,True,True,1802622321,modeled-pass
156,156,small-record,128,candidate-chunked-100-npgsqlbatch-set-plus-getmultiple,True,True,312,3,99.03846153846153,38096,38096,0,1335,1265,5.2434456928838955,312,157,1092,937,156,156,156,156,156,156,True,True,1802622321,modeled-pass
156,156,small-record,128,candidate-single-roundtrip-npgsqlbatch-set-and-read,True,True,312,1,99.67948717948718,38096,38096,0,1335,1272,4.719101123595506,312,157,1092,937,156,156,156,156,156,156,True,True,1802622321,modeled-pass
156,156,medium-record,1024,candidate-current-npgsqlbatch-set-plus-getmultiple,True,True,312,2,99.35897435897436,38096,38096,0,2756,2468,10.449927431059507,312,157,1092,937,156,156,156,156,156,156,True,True,1853334812,modeled-pass
156,156,medium-record,1024,candidate-chunked-100-npgsqlbatch-set-plus-getmultiple,True,True,312,3,99.03846153846153,38096,38096,0,2756,2471,10.341074020319303,312,157,1092,937,156,156,156,156,156,156,True,True,1853334812,modeled-pass
156,156,medium-record,1024,candidate-single-roundtrip-npgsqlbatch-set-and-read,True,True,312,1,99.67948717948718,38096,38096,0,2756,2518,8.635703918722786,312,157,1092,937,156,156,156,156,156,156,True,True,1853334812,modeled-pass
156,156,large-record,4096,candidate-current-npgsqlbatch-set-plus-getmultiple,True,True,312,2,99.35897435897436,38096,38096,0,7253,7030,3.074589824900041,312,157,1092,937,156,156,156,156,156,156,True,True,-282838209,modeled-pass
156,156,large-record,4096,candidate-chunked-100-npgsqlbatch-set-plus-getmultiple,True,True,312,3,99.03846153846153,38096,38096,0,7253,7686,-5.969943471666896,312,157,1092,937,156,156,156,156,156,156,True,True,-282838209,modeled-pass
156,156,large-record,4096,candidate-single-roundtrip-npgsqlbatch-set-and-read,True,True,312,1,99.67948717948718,38096,38096,0,7253,7145,1.4890390183372397,312,157,1092,937,156,156,156,156,156,156,True,True,-282838209,modeled-pass
157,157,small-record,128,candidate-current-npgsqlbatch-set-plus-getmultiple,True,True,314,2,99.36305732484077,38096,38096,0,1279,1250,2.2673964034401877,314,158,1099,943,157,157,157,157,157,157,True,True,1508848207,modeled-pass
157,157,small-record,128,candidate-chunked-100-npgsqlbatch-set-plus-getmultiple,True,True,314,3,99.04458598726114,38096,38096,0,1279,1406,-9.929632525410478,314,158,1099,943,157,157,157,157,157,157,True,True,1508848207,modeled-pass
157,157,small-record,128,candidate-single-roundtrip-npgsqlbatch-set-and-read,True,True,314,1,99.68152866242038,38096,38096,0,1279,1313,-2.6583268178264268,314,158,1099,943,157,157,157,157,157,157,True,True,1508848207,modeled-pass
157,157,medium-record,1024,candidate-current-npgsqlbatch-set-plus-getmultiple,True,True,314,2,99.36305732484077,38096,38096,0,2771,2395,13.56910862504511,314,158,1099,943,157,157,157,157,157,157,True,True,1640376404,modeled-pass
157,157,medium-record,1024,candidate-chunked-100-npgsqlbatch-set-plus-getmultiple,True,True,314,3,99.04458598726114,38096,38096,0,2771,2472,10.79032840129917,314,158,1099,943,157,157,157,157,157,157,True,True,1640376404,modeled-pass
157,157,medium-record,1024,candidate-single-roundtrip-npgsqlbatch-set-and-read,True,True,314,1,99.68152866242038,38096,38096,0,2771,2505,9.59942259112234,314,158,1099,943,157,157,157,157,157,157,True,True,1640376404,modeled-pass
157,157,large-record,4096,candidate-current-npgsqlbatch-set-plus-getmultiple,True,True,314,2,99.36305732484077,38096,38096,0,7058,7545,-6.899971663360725,314,158,1099,943,157,157,157,157,157,157,True,True,682254955,modeled-pass
157,157,large-record,4096,candidate-chunked-100-npgsqlbatch-set-plus-getmultiple,True,True,314,3,99.04458598726114,38096,38096,0,7058,6835,3.159535279115897,314,158,1099,943,157,157,157,157,157,157,True,True,682254955,modeled-pass
157,157,large-record,4096,candidate-single-roundtrip-npgsqlbatch-set-and-read,True,True,314,1,99.68152866242038,38096,38096,0,7058,6885,2.451119297251346,314,158,1099,943,157,157,157,157,157,157,True,True,682254955,modeled-pass
158,158,small-record,128,candidate-current-npgsqlbatch-set-plus-getmultiple,True,True,316,2,99.36708860759494,38096,38096,0,1263,1356,-7.363420427553444,316,159,1106,949,158,158,158,158,158,158,True,True,1245991839,modeled-pass
158,158,small-record,128,candidate-chunked-100-npgsqlbatch-set-plus-getmultiple,True,True,316,3,99.0506329113924,38096,38096,0,1263,1347,-6.65083135391924,316,159,1106,949,158,158,158,158,158,158,True,True,1245991839,modeled-pass
158,158,small-record,128,candidate-single-roundtrip-npgsqlbatch-set-and-read,True,True,316,1,99.68354430379746,38096,38096,0,1263,1219,3.4837688044338875,316,159,1106,949,158,158,158,158,158,158,True,True,1245991839,modeled-pass
158,158,medium-record,1024,candidate-current-npgsqlbatch-set-plus-getmultiple,True,True,316,2,99.36708860759494,38096,38096,0,2497,2456,1.6419703644373247,316,159,1106,949,158,158,158,158,158,158,True,True,1786113581,modeled-pass
158,158,medium-record,1024,candidate-chunked-100-npgsqlbatch-set-plus-getmultiple,True,True,316,3,99.0506329113924,38096,38096,0,2497,2574,-3.0837004405286343,316,159,1106,949,158,158,158,158,158,158,True,True,1786113581,modeled-pass
158,158,medium-record,1024,candidate-single-roundtrip-npgsqlbatch-set-and-read,True,True,316,1,99.68354430379746,38096,38096,0,2497,2515,-0.7208650380456548,316,159,1106,949,158,158,158,158,158,158,True,True,1786113581,modeled-pass
158,158,large-record,4096,candidate-current-npgsqlbatch-set-plus-getmultiple,True,True,316,2,99.36708860759494,38096,38096,0,6908,7001,-1.3462651997683845,316,159,1106,949,158,158,158,158,158,158,True,True,839632174,modeled-pass
158,158,large-record,4096,candidate-chunked-100-npgsqlbatch-set-plus-getmultiple,True,True,316,3,99.0506329113924,38096,38096,0,6908,7276,-5.327156919513607,316,159,1106,949,158,158,158,158,158,158,True,True,839632174,modeled-pass
158,158,large-record,4096,candidate-single-roundtrip-npgsqlbatch-set-and-read,True,True,316,1,99.68354430379746,38096,38096,0,6908,6566,4.9507817023740595,316,159,1106,949,158,158,158,158,158,158,True,True,839632174,modeled-pass
159,159,small-record,128,candidate-current-npgsqlbatch-set-plus-getmultiple,True,True,318,2,99.37106918238993,38096,38096,0,1389,1232,11.303095752339813,318,160,1113,955,159,159,159,159,159,159,True,True,195015919,modeled-pass
159,159,small-record,128,candidate-chunked-100-npgsqlbatch-set-plus-getmultiple,True,True,318,3,99.05660377358491,38096,38096,0,1389,1291,7.055435565154788,318,160,1113,955,159,159,159,159,159,159,True,True,195015919,modeled-pass
159,159,small-record,128,candidate-single-roundtrip-npgsqlbatch-set-and-read,True,True,318,1,99.68553459119497,38096,38096,0,1389,1252,9.86321094312455,318,160,1113,955,159,159,159,159,159,159,True,True,195015919,modeled-pass
159,159,medium-record,1024,candidate-current-npgsqlbatch-set-plus-getmultiple,True,True,318,2,99.37106918238993,38096,38096,0,2362,2439,-3.2599491955969517,318,160,1113,955,159,159,159,159,159,159,True,True,1953183365,modeled-pass
159,159,medium-record,1024,candidate-chunked-100-npgsqlbatch-set-plus-getmultiple,True,True,318,3,99.05660377358491,38096,38096,0,2362,2290,3.048264182895851,318,160,1113,955,159,159,159,159,159,159,True,True,1953183365,modeled-pass
159,159,medium-record,1024,candidate-single-roundtrip-npgsqlbatch-set-and-read,True,True,318,1,99.68553459119497,38096,38096,0,2362,2274,3.7256562235393735,318,160,1113,955,159,159,159,159,159,159,True,True,1953183365,modeled-pass
159,159,large-record,4096,candidate-current-npgsqlbatch-set-plus-getmultiple,True,True,318,2,99.37106918238993,38096,38096,0,6677,6452,3.369776845888872,318,160,1113,955,159,159,159,159,159,159,True,True,1434827110,modeled-pass
159,159,large-record,4096,candidate-chunked-100-npgsqlbatch-set-plus-getmultiple,True,True,318,3,99.05660377358491,38096,38096,0,6677,6445,3.4746143477609706,318,160,1113,955,159,159,159,159,159,159,True,True,1434827110,modeled-pass
159,159,large-record,4096,candidate-single-roundtrip-npgsqlbatch-set-and-read,True,True,318,1,99.68553459119497,38096,38096,0,6677,6410,3.9988018571214616,318,160,1113,955,159,159,159,159,159,159,True,True,1434827110,modeled-pass
160,160,small-record,128,candidate-current-npgsqlbatch-set-plus-getmultiple,True,True,320,2,99.375,38096,38096,0,1159,1194,-3.019844693701467,320,161,1120,961,160,160,160,160,160,160,True,True,1645090808,modeled-pass
160,160,small-record,128,candidate-chunked-100-npgsqlbatch-set-plus-getmultiple,True,True,320,3,99.0625,38096,38096,0,1159,1184,-2.1570319240724762,320,161,1120,961,160,160,160,160,160,160,True,True,1645090808,modeled-pass
160,160,small-record,128,candidate-single-roundtrip-npgsqlbatch-set-and-read,True,True,320,1,99.6875,38096,38096,0,1159,1211,-4.48662640207075,320,161,1120,961,160,160,160,160,160,160,True,True,1645090808,modeled-pass
160,160,medium-record,1024,candidate-current-npgsqlbatch-set-plus-getmultiple,True,True,320,2,99.375,38096,38096,0,4528,2315,48.87367491166078,320,161,1120,961,160,160,160,160,160,160,True,True,962891201,modeled-pass
160,160,medium-record,1024,candidate-chunked-100-npgsqlbatch-set-plus-getmultiple,True,True,320,3,99.0625,38096,38096,0,4528,2427,46.40017667844523,320,161,1120,961,160,160,160,160,160,160,True,True,962891201,modeled-pass
160,160,medium-record,1024,candidate-single-roundtrip-npgsqlbatch-set-and-read,True,True,320,1,99.6875,38096,38096,0,4528,2391,47.1952296819788,320,161,1120,961,160,160,160,160,160,160,True,True,962891201,modeled-pass
160,160,large-record,4096,candidate-current-npgsqlbatch-set-plus-getmultiple,True,True,320,2,99.375,38096,38096,0,6834,7004,-2.487562189054726,320,161,1120,961,160,160,160,160,160,160,True,True,1736860090,modeled-pass
160,160,large-record,4096,candidate-chunked-100-npgsqlbatch-set-plus-getmultiple,True,True,320,3,99.0625,38096,38096,0,6834,6674,2.341235001463272,320,161,1120,961,160,160,160,160,160,160,True,True,1736860090,modeled-pass
160,160,large-record,4096,candidate-single-roundtrip-npgsqlbatch-set-and-read,True,True,320,1,99.6875,38096,38096,0,6834,7302,-6.84811237928007,320,161,1120,961,160,160,160,160,160,160,True,True,1736860090,modeled-pass
161,161,small-record,128,candidate-current-npgsqlbatch-set-plus-getmultiple,True,True,322,2,99.37888198757764,38096,38096,0,1495,1406,5.953177257525083,322,162,1127,967,161,161,161,161,161,161,True,True,695760552,modeled-pass
161,161,small-record,128,candidate-chunked-100-npgsqlbatch-set-plus-getmultiple,True,True,322,3,99.06832298136646,38096,38096,0,1495,1226,17.993311036789297,322,162,1127,967,161,161,161,161,161,161,True,True,695760552,modeled-pass
161,161,small-record,128,candidate-single-roundtrip-npgsqlbatch-set-and-read,True,True,322,1,99.68944099378882,38096,38096,0,1495,1303,12.842809364548495,322,162,1127,967,161,161,161,161,161,161,True,True,695760552,modeled-pass
161,161,medium-record,1024,candidate-current-npgsqlbatch-set-plus-getmultiple,True,True,322,2,99.37888198757764,38096,38096,0,2346,2363,-0.7246376811594203,322,162,1127,967,161,161,161,161,161,161,True,True,-908348633,modeled-pass
161,161,medium-record,1024,candidate-chunked-100-npgsqlbatch-set-plus-getmultiple,True,True,322,3,99.06832298136646,38096,38096,0,2346,2429,-3.5379369138959933,322,162,1127,967,161,161,161,161,161,161,True,True,-908348633,modeled-pass
161,161,medium-record,1024,candidate-single-roundtrip-npgsqlbatch-set-and-read,True,True,322,1,99.68944099378882,38096,38096,0,2346,2335,0.46888320545609546,322,162,1127,967,161,161,161,161,161,161,True,True,-908348633,modeled-pass
161,161,large-record,4096,candidate-current-npgsqlbatch-set-plus-getmultiple,True,True,322,2,99.37888198757764,38096,38096,0,8476,8334,1.6753185464841907,322,162,1127,967,161,161,161,161,161,161,True,True,1447462323,modeled-pass
161,161,large-record,4096,candidate-chunked-100-npgsqlbatch-set-plus-getmultiple,True,True,322,3,99.06832298136646,38096,38096,0,8476,6793,19.856064181217555,322,162,1127,967,161,161,161,161,161,161,True,True,1447462323,modeled-pass
161,161,large-record,4096,candidate-single-roundtrip-npgsqlbatch-set-and-read,True,True,322,1,99.68944099378882,38096,38096,0,8476,6869,18.959414818310524,322,162,1127,967,161,161,161,161,161,161,True,True,1447462323,modeled-pass
162,162,small-record,128,candidate-current-npgsqlbatch-set-plus-getmultiple,True,True,324,2,99.38271604938272,38096,38096,0,1254,1274,-1.594896331738437,324,163,1134,973,162,162,162,162,162,162,True,True,-152164368,modeled-pass
162,162,small-record,128,candidate-chunked-100-npgsqlbatch-set-plus-getmultiple,True,True,324,3,99.07407407407408,38096,38096,0,1254,1347,-7.416267942583732,324,163,1134,973,162,162,162,162,162,162,True,True,-152164368,modeled-pass
162,162,small-record,128,candidate-single-roundtrip-npgsqlbatch-set-and-read,True,True,324,1,99.69135802469135,38096,38096,0,1254,1264,-0.7974481658692185,324,163,1134,973,162,162,162,162,162,162,True,True,-152164368,modeled-pass
162,162,medium-record,1024,candidate-current-npgsqlbatch-set-plus-getmultiple,True,True,324,2,99.38271604938272,38096,38096,0,2466,2585,-4.825628548256286,324,163,1134,973,162,162,162,162,162,162,True,True,-1551585708,modeled-pass
162,162,medium-record,1024,candidate-chunked-100-npgsqlbatch-set-plus-getmultiple,True,True,324,3,99.07407407407408,38096,38096,0,2466,2381,3.446877534468775,324,163,1134,973,162,162,162,162,162,162,True,True,-1551585708,modeled-pass
162,162,medium-record,1024,candidate-single-roundtrip-npgsqlbatch-set-and-read,True,True,324,1,99.69135802469135,38096,38096,0,2466,2410,2.2708840227088403,324,163,1134,973,162,162,162,162,162,162,True,True,-1551585708,modeled-pass
162,162,large-record,4096,candidate-current-npgsqlbatch-set-plus-getmultiple,True,True,324,2,99.38271604938272,38096,38096,0,9755,7107,27.145053818554587,324,163,1134,973,162,162,162,162,162,162,True,True,1715015203,modeled-pass
162,162,large-record,4096,candidate-chunked-100-npgsqlbatch-set-plus-getmultiple,True,True,324,3,99.07407407407408,38096,38096,0,9755,7337,24.787288569964122,324,163,1134,973,162,162,162,162,162,162,True,True,1715015203,modeled-pass
162,162,large-record,4096,candidate-single-roundtrip-npgsqlbatch-set-and-read,True,True,324,1,99.69135802469135,38096,38096,0,9755,10082,-3.352127114300359,324,163,1134,973,162,162,162,162,162,162,True,True,1715015203,modeled-pass
163,163,small-record,128,candidate-current-npgsqlbatch-set-plus-getmultiple,True,True,326,2,99.38650306748467,38096,38096,0,1422,1309,7.946554149085794,326,164,1141,979,163,163,163,163,163,163,True,True,-809255593,modeled-pass
163,163,small-record,128,candidate-chunked-100-npgsqlbatch-set-plus-getmultiple,True,True,326,3,99.079754601227,38096,38096,0,1422,1313,7.665260196905766,326,164,1141,979,163,163,163,163,163,163,True,True,-809255593,modeled-pass
163,163,small-record,128,candidate-single-roundtrip-npgsqlbatch-set-and-read,True,True,326,1,99.69325153374233,38096,38096,0,1422,1028,27.70745428973277,326,164,1141,979,163,163,163,163,163,163,True,True,-809255593,modeled-pass
163,163,medium-record,1024,candidate-current-npgsqlbatch-set-plus-getmultiple,True,True,326,2,99.38650306748467,38096,38096,0,2210,2181,1.3122171945701357,326,164,1141,979,163,163,163,163,163,163,True,True,311807252,modeled-pass
163,163,medium-record,1024,candidate-chunked-100-npgsqlbatch-set-plus-getmultiple,True,True,326,3,99.079754601227,38096,38096,0,2210,2799,-26.65158371040724,326,164,1141,979,163,163,163,163,163,163,True,True,311807252,modeled-pass
163,163,medium-record,1024,candidate-single-roundtrip-npgsqlbatch-set-and-read,True,True,326,1,99.69325153374233,38096,38096,0,2210,2132,3.5294117647058822,326,164,1141,979,163,163,163,163,163,163,True,True,311807252,modeled-pass
163,163,large-record,4096,candidate-current-npgsqlbatch-set-plus-getmultiple,True,True,326,2,99.38650306748467,38096,38096,0,6511,6704,-2.9642144063891873,326,164,1141,979,163,163,163,163,163,163,True,True,-1685546266,modeled-pass
163,163,large-record,4096,candidate-chunked-100-npgsqlbatch-set-plus-getmultiple,True,True,326,3,99.079754601227,38096,38096,0,6511,6450,0.9368760559053909,326,164,1141,979,163,163,163,163,163,163,True,True,-1685546266,modeled-pass
163,163,large-record,4096,candidate-single-roundtrip-npgsqlbatch-set-and-read,True,True,326,1,99.69325153374233,38096,38096,0,6511,6417,1.44371064352634,326,164,1141,979,163,163,163,163,163,163,True,True,-1685546266,modeled-pass
164,164,small-record,128,candidate-current-npgsqlbatch-set-plus-getmultiple,True,True,328,2,99.39024390243902,45712,45712,0,1039,1006,3.176130895091434,328,165,1148,985,164,164,164,164,164,164,True,True,269451711,modeled-pass
164,164,small-record,128,candidate-chunked-100-npgsqlbatch-set-plus-getmultiple,True,True,328,3,99.08536585365853,45712,45712,0,1039,1077,-3.6573628488931664,328,165,1148,985,164,164,164,164,164,164,True,True,269451711,modeled-pass
164,164,small-record,128,candidate-single-roundtrip-npgsqlbatch-set-and-read,True,True,328,1,99.6951219512195,45712,45712,0,1039,1051,-1.1549566891241578,328,165,1148,985,164,164,164,164,164,164,True,True,269451711,modeled-pass
164,164,medium-record,1024,candidate-current-npgsqlbatch-set-plus-getmultiple,True,True,328,2,99.39024390243902,45712,45712,0,2310,2215,4.112554112554113,328,165,1148,985,164,164,164,164,164,164,True,True,1376901913,modeled-pass
164,164,medium-record,1024,candidate-chunked-100-npgsqlbatch-set-plus-getmultiple,True,True,328,3,99.08536585365853,45712,45712,0,2310,2246,2.7705627705627704,328,165,1148,985,164,164,164,164,164,164,True,True,1376901913,modeled-pass
164,164,medium-record,1024,candidate-single-roundtrip-npgsqlbatch-set-and-read,True,True,328,1,99.6951219512195,45712,45712,0,2310,2179,5.670995670995671,328,165,1148,985,164,164,164,164,164,164,True,True,1376901913,modeled-pass
164,164,large-record,4096,candidate-current-npgsqlbatch-set-plus-getmultiple,True,True,328,2,99.39024390243902,45712,45712,0,6961,6549,5.918689843413302,328,165,1148,985,164,164,164,164,164,164,True,True,-1755508708,modeled-pass
164,164,large-record,4096,candidate-chunked-100-npgsqlbatch-set-plus-getmultiple,True,True,328,3,99.08536585365853,45712,45712,0,6961,6442,7.455825312455107,328,165,1148,985,164,164,164,164,164,164,True,True,-1755508708,modeled-pass
164,164,large-record,4096,candidate-single-roundtrip-npgsqlbatch-set-and-read,True,True,328,1,99.6951219512195,45712,45712,0,6961,6491,6.7519034621462435,328,165,1148,985,164,164,164,164,164,164,True,True,-1755508708,modeled-pass
165,165,small-record,128,candidate-current-npgsqlbatch-set-plus-getmultiple,True,True,330,2,99.39393939393939,45712,45712,0,1020,1037,-1.6666666666666667,330,166,1155,991,165,165,165,165,165,165,True,True,1242604080,modeled-pass
165,165,small-record,128,candidate-chunked-100-npgsqlbatch-set-plus-getmultiple,True,True,330,3,99.0909090909091,45712,45712,0,1020,1006,1.3725490196078431,330,166,1155,991,165,165,165,165,165,165,True,True,1242604080,modeled-pass
165,165,small-record,128,candidate-single-roundtrip-npgsqlbatch-set-and-read,True,True,330,1,99.6969696969697,45712,45712,0,1020,1014,0.5882352941176471,330,166,1155,991,165,165,165,165,165,165,True,True,1242604080,modeled-pass
165,165,medium-record,1024,candidate-current-npgsqlbatch-set-plus-getmultiple,True,True,330,2,99.39393939393939,45712,45712,0,2356,2203,6.494057724957555,330,166,1155,991,165,165,165,165,165,165,True,True,-60893575,modeled-pass
165,165,medium-record,1024,candidate-chunked-100-npgsqlbatch-set-plus-getmultiple,True,True,330,3,99.0909090909091,45712,45712,0,2356,2222,5.687606112054329,330,166,1155,991,165,165,165,165,165,165,True,True,-60893575,modeled-pass
165,165,medium-record,1024,candidate-single-roundtrip-npgsqlbatch-set-and-read,True,True,330,1,99.6969696969697,45712,45712,0,2356,2181,7.427843803056027,330,166,1155,991,165,165,165,165,165,165,True,True,-60893575,modeled-pass
165,165,large-record,4096,candidate-current-npgsqlbatch-set-plus-getmultiple,True,True,330,2,99.39393939393939,45712,45712,0,6833,6482,5.1368359432167425,330,166,1155,991,165,165,165,165,165,165,True,True,364626441,modeled-pass
165,165,large-record,4096,candidate-chunked-100-npgsqlbatch-set-plus-getmultiple,True,True,330,3,99.0909090909091,45712,45712,0,6833,6450,5.605151470803454,330,166,1155,991,165,165,165,165,165,165,True,True,364626441,modeled-pass
165,165,large-record,4096,candidate-single-roundtrip-npgsqlbatch-set-and-read,True,True,330,1,99.6969696969697,45712,45712,0,6833,6426,5.956388116493487,330,166,1155,991,165,165,165,165,165,165,True,True,364626441,modeled-pass
166,166,small-record,128,candidate-current-npgsqlbatch-set-plus-getmultiple,True,True,332,2,99.39759036144578,45712,45712,0,1046,975,6.7877629063097515,332,167,1162,997,166,166,166,166,166,166,True,True,795667020,modeled-pass
166,166,small-record,128,candidate-chunked-100-npgsqlbatch-set-plus-getmultiple,True,True,332,3,99.09638554216868,45712,45712,0,1046,1040,0.5736137667304015,332,167,1162,997,166,166,166,166,166,166,True,True,795667020,modeled-pass
166,166,small-record,128,candidate-single-roundtrip-npgsqlbatch-set-and-read,True,True,332,1,99.6987951807229,45712,45712,0,1046,972,7.074569789674952,332,167,1162,997,166,166,166,166,166,166,True,True,795667020,modeled-pass
166,166,medium-record,1024,candidate-current-npgsqlbatch-set-plus-getmultiple,True,True,332,2,99.39759036144578,45712,45712,0,2210,2366,-7.0588235294117645,332,167,1162,997,166,166,166,166,166,166,True,True,-748859427,modeled-pass
166,166,medium-record,1024,candidate-chunked-100-npgsqlbatch-set-plus-getmultiple,True,True,332,3,99.09638554216868,45712,45712,0,2210,2669,-20.76923076923077,332,167,1162,997,166,166,166,166,166,166,True,True,-748859427,modeled-pass
166,166,medium-record,1024,candidate-single-roundtrip-npgsqlbatch-set-and-read,True,True,332,1,99.6987951807229,45712,45712,0,2210,2433,-10.09049773755656,332,167,1162,997,166,166,166,166,166,166,True,True,-748859427,modeled-pass
166,166,large-record,4096,candidate-current-npgsqlbatch-set-plus-getmultiple,True,True,332,2,99.39759036144578,45712,45712,0,6880,7777,-13.037790697674419,332,167,1162,997,166,166,166,166,166,166,True,True,829465409,modeled-pass
166,166,large-record,4096,candidate-chunked-100-npgsqlbatch-set-plus-getmultiple,True,True,332,3,99.09638554216868,45712,45424,0.6300315015750787,6880,7022,-2.063953488372093,332,167,1162,997,166,166,166,166,166,166,True,True,829465409,modeled-pass
166,166,large-record,4096,candidate-single-roundtrip-npgsqlbatch-set-and-read,True,True,332,1,99.6987951807229,45712,45712,0,6880,7027,-2.136627906976744,332,167,1162,997,166,166,166,166,166,166,True,True,829465409,modeled-pass
167,167,small-record,128,candidate-current-npgsqlbatch-set-plus-getmultiple,True,True,334,2,99.40119760479043,45712,45712,0,1280,1278,0.15625,334,168,1169,1003,167,167,167,167,167,167,True,True,-1664124068,modeled-pass
167,167,small-record,128,candidate-chunked-100-npgsqlbatch-set-plus-getmultiple,True,True,334,3,99.10179640718563,45712,45712,0,1280,1371,-7.109375,334,168,1169,1003,167,167,167,167,167,167,True,True,-1664124068,modeled-pass
167,167,small-record,128,candidate-single-roundtrip-npgsqlbatch-set-and-read,True,True,334,1,99.7005988023952,45712,45712,0,1280,1283,-0.234375,334,168,1169,1003,167,167,167,167,167,167,True,True,-1664124068,modeled-pass
167,167,medium-record,1024,candidate-current-npgsqlbatch-set-plus-getmultiple,True,True,334,2,99.40119760479043,45712,45712,0,2510,2453,2.270916334661355,334,168,1169,1003,167,167,167,167,167,167,True,True,1137685247,modeled-pass
167,167,medium-record,1024,candidate-chunked-100-npgsqlbatch-set-plus-getmultiple,True,True,334,3,99.10179640718563,45712,45712,0,2510,2478,1.2749003984063745,334,168,1169,1003,167,167,167,167,167,167,True,True,1137685247,modeled-pass
167,167,medium-record,1024,candidate-single-roundtrip-npgsqlbatch-set-and-read,True,True,334,1,99.7005988023952,45712,45712,0,2510,2528,-0.7171314741035857,334,168,1169,1003,167,167,167,167,167,167,True,True,1137685247,modeled-pass
167,167,large-record,4096,candidate-current-npgsqlbatch-set-plus-getmultiple,True,True,334,2,99.40119760479043,45712,45712,0,6879,6758,1.758976595435383,334,168,1169,1003,167,167,167,167,167,167,True,True,110037902,modeled-pass
167,167,large-record,4096,candidate-chunked-100-npgsqlbatch-set-plus-getmultiple,True,True,334,3,99.10179640718563,45712,45712,0,6879,6842,0.5378688762901584,334,168,1169,1003,167,167,167,167,167,167,True,True,110037902,modeled-pass
167,167,large-record,4096,candidate-single-roundtrip-npgsqlbatch-set-and-read,True,True,334,1,99.7005988023952,45712,45712,0,6879,6578,4.375635993603722,334,168,1169,1003,167,167,167,167,167,167,True,True,110037902,modeled-pass
168,168,small-record,128,candidate-current-npgsqlbatch-set-plus-getmultiple,True,True,336,2,99.4047619047619,45712,45712,0,1216,1321,-8.634868421052632,336,169,1176,1009,168,168,168,168,168,168,True,True,-1278194172,modeled-pass
168,168,small-record,128,candidate-chunked-100-npgsqlbatch-set-plus-getmultiple,True,True,336,3,99.10714285714286,45712,45712,0,1216,1289,-6.003289473684211,336,169,1176,1009,168,168,168,168,168,168,True,True,-1278194172,modeled-pass
168,168,small-record,128,candidate-single-roundtrip-npgsqlbatch-set-and-read,True,True,336,1,99.70238095238095,45712,45712,0,1216,1197,1.5625,336,169,1176,1009,168,168,168,168,168,168,True,True,-1278194172,modeled-pass
168,168,medium-record,1024,candidate-current-npgsqlbatch-set-plus-getmultiple,True,True,336,2,99.4047619047619,45712,45712,0,2433,2391,1.7262638717632552,336,169,1176,1009,168,168,168,168,168,168,True,True,-601735729,modeled-pass
168,168,medium-record,1024,candidate-chunked-100-npgsqlbatch-set-plus-getmultiple,True,True,336,3,99.10714285714286,45712,45712,0,2433,2550,-4.808877928483354,336,169,1176,1009,168,168,168,168,168,168,True,True,-601735729,modeled-pass
168,168,medium-record,1024,candidate-single-roundtrip-npgsqlbatch-set-and-read,True,True,336,1,99.70238095238095,45712,45712,0,2433,2460,-1.1097410604192355,336,169,1176,1009,168,168,168,168,168,168,True,True,-601735729,modeled-pass
168,168,large-record,4096,candidate-current-npgsqlbatch-set-plus-getmultiple,True,True,336,2,99.4047619047619,45712,45712,0,6956,6978,-0.3162737205290397,336,169,1176,1009,168,168,168,168,168,168,True,True,407334166,modeled-pass
168,168,large-record,4096,candidate-chunked-100-npgsqlbatch-set-plus-getmultiple,True,True,336,3,99.10714285714286,45712,45712,0,6956,8834,-26.998274870615298,336,169,1176,1009,168,168,168,168,168,168,True,True,407334166,modeled-pass
168,168,large-record,4096,candidate-single-roundtrip-npgsqlbatch-set-and-read,True,True,336,1,99.70238095238095,45712,45712,0,6956,6870,1.236342725704428,336,169,1176,1009,168,168,168,168,168,168,True,True,407334166,modeled-pass
169,169,small-record,128,candidate-current-npgsqlbatch-set-plus-getmultiple,True,True,338,2,99.40828402366864,45712,45712,0,1256,1292,-2.8662420382165603,338,170,1183,1015,169,169,169,169,169,169,True,True,2077259991,modeled-pass
169,169,small-record,128,candidate-chunked-100-npgsqlbatch-set-plus-getmultiple,True,True,338,3,99.11242603550296,45712,45712,0,1256,1370,-9.07643312101911,338,170,1183,1015,169,169,169,169,169,169,True,True,2077259991,modeled-pass
169,169,small-record,128,candidate-single-roundtrip-npgsqlbatch-set-and-read,True,True,338,1,99.70414201183432,45712,45712,0,1256,1331,-5.971337579617835,338,170,1183,1015,169,169,169,169,169,169,True,True,2077259991,modeled-pass
169,169,medium-record,1024,candidate-current-npgsqlbatch-set-plus-getmultiple,True,True,338,2,99.40828402366864,45712,45712,0,2510,2481,1.155378486055777,338,170,1183,1015,169,169,169,169,169,169,True,True,1902822613,modeled-pass
169,169,medium-record,1024,candidate-chunked-100-npgsqlbatch-set-plus-getmultiple,True,True,338,3,99.11242603550296,45712,45712,0,2510,2509,0.0398406374501992,338,170,1183,1015,169,169,169,169,169,169,True,True,1902822613,modeled-pass
169,169,medium-record,1024,candidate-single-roundtrip-npgsqlbatch-set-and-read,True,True,338,1,99.70414201183432,45712,45712,0,2510,2463,1.8725099601593624,338,170,1183,1015,169,169,169,169,169,169,True,True,1902822613,modeled-pass
169,169,large-record,4096,candidate-current-npgsqlbatch-set-plus-getmultiple,True,True,338,2,99.40828402366864,45712,45712,0,7263,7870,-8.35742806003029,338,170,1183,1015,169,169,169,169,169,169,True,True,-732885020,modeled-pass
169,169,large-record,4096,candidate-chunked-100-npgsqlbatch-set-plus-getmultiple,True,True,338,3,99.11242603550296,45712,45712,0,7263,6907,4.9015558309238605,338,170,1183,1015,169,169,169,169,169,169,True,True,-732885020,modeled-pass
169,169,large-record,4096,candidate-single-roundtrip-npgsqlbatch-set-and-read,True,True,338,1,99.70414201183432,45712,45712,0,7263,6879,5.287071458075175,338,170,1183,1015,169,169,169,169,169,169,True,True,-732885020,modeled-pass
170,170,small-record,128,candidate-current-npgsqlbatch-set-plus-getmultiple,True,True,340,2,99.41176470588235,45712,45712,0,1948,1283,34.13757700205339,340,171,1190,1021,170,170,170,170,170,170,True,True,593855005,modeled-pass
170,170,small-record,128,candidate-chunked-100-npgsqlbatch-set-plus-getmultiple,True,True,340,3,99.11764705882354,45712,45712,0,1948,1282,34.18891170431211,340,171,1190,1021,170,170,170,170,170,170,True,True,593855005,modeled-pass
170,170,small-record,128,candidate-single-roundtrip-npgsqlbatch-set-and-read,True,True,340,1,99.70588235294117,45712,45712,0,1948,1275,34.5482546201232,340,171,1190,1021,170,170,170,170,170,170,True,True,593855005,modeled-pass
170,170,medium-record,1024,candidate-current-npgsqlbatch-set-plus-getmultiple,True,True,340,2,99.41176470588235,45712,45712,0,2585,2529,2.1663442940038684,340,171,1190,1021,170,170,170,170,170,170,True,True,-783980599,modeled-pass
170,170,medium-record,1024,candidate-chunked-100-npgsqlbatch-set-plus-getmultiple,True,True,340,3,99.11764705882354,45712,45712,0,2585,2734,-5.764023210831722,340,171,1190,1021,170,170,170,170,170,170,True,True,-783980599,modeled-pass
170,170,medium-record,1024,candidate-single-roundtrip-npgsqlbatch-set-and-read,True,True,340,1,99.70588235294117,45712,45712,0,2585,2528,2.2050290135396517,340,171,1190,1021,170,170,170,170,170,170,True,True,-783980599,modeled-pass
170,170,large-record,4096,candidate-current-npgsqlbatch-set-plus-getmultiple,True,True,340,2,99.41176470588235,45712,45712,0,9772,7045,27.90626279164961,340,171,1190,1021,170,170,170,170,170,170,True,True,99124537,modeled-pass
170,170,large-record,4096,candidate-chunked-100-npgsqlbatch-set-plus-getmultiple,True,True,340,3,99.11764705882354,45712,45712,0,9772,7028,28.08022922636103,340,171,1190,1021,170,170,170,170,170,170,True,True,99124537,modeled-pass
170,170,large-record,4096,candidate-single-roundtrip-npgsqlbatch-set-and-read,True,True,340,1,99.70588235294117,45712,45712,0,9772,7088,27.466230045026606,340,171,1190,1021,170,170,170,170,170,170,True,True,99124537,modeled-pass
171,171,small-record,128,candidate-current-npgsqlbatch-set-plus-getmultiple,True,True,342,2,99.41520467836257,45712,45712,0,1259,1256,0.23828435266084194,342,172,1197,1027,171,171,171,171,171,171,True,True,1368835839,modeled-pass
171,171,small-record,128,candidate-chunked-100-npgsqlbatch-set-plus-getmultiple,True,True,342,3,99.12280701754386,45712,45712,0,1259,1386,-10.087370929308975,342,172,1197,1027,171,171,171,171,171,171,True,True,1368835839,modeled-pass
171,171,small-record,128,candidate-single-roundtrip-npgsqlbatch-set-and-read,True,True,342,1,99.70760233918129,45712,45712,0,1259,1230,2.3034154090548054,342,172,1197,1027,171,171,171,171,171,171,True,True,1368835839,modeled-pass
171,171,medium-record,1024,candidate-current-npgsqlbatch-set-plus-getmultiple,True,True,342,2,99.41520467836257,45712,45712,0,2555,4751,-85.94911937377691,342,172,1197,1027,171,171,171,171,171,171,True,True,462373438,modeled-pass
171,171,medium-record,1024,candidate-chunked-100-npgsqlbatch-set-plus-getmultiple,True,True,342,3,99.12280701754386,45712,45712,0,2555,2530,0.9784735812133072,342,172,1197,1027,171,171,171,171,171,171,True,True,462373438,modeled-pass
171,171,medium-record,1024,candidate-single-roundtrip-npgsqlbatch-set-and-read,True,True,342,1,99.70760233918129,45712,45712,0,2555,2504,1.9960861056751467,342,172,1197,1027,171,171,171,171,171,171,True,True,462373438,modeled-pass
171,171,large-record,4096,candidate-current-npgsqlbatch-set-plus-getmultiple,True,True,342,2,99.41520467836257,45712,45712,0,7806,6827,12.541634640020497,342,172,1197,1027,171,171,171,171,171,171,True,True,-927480547,modeled-pass
171,171,large-record,4096,candidate-chunked-100-npgsqlbatch-set-plus-getmultiple,True,True,342,3,99.12280701754386,45712,45712,0,7806,7196,7.814501665385601,342,172,1197,1027,171,171,171,171,171,171,True,True,-927480547,modeled-pass
171,171,large-record,4096,candidate-single-roundtrip-npgsqlbatch-set-and-read,True,True,342,1,99.70760233918129,45712,45712,0,7806,6837,12.413528055342045,342,172,1197,1027,171,171,171,171,171,171,True,True,-927480547,modeled-pass
172,172,small-record,128,candidate-current-npgsqlbatch-set-plus-getmultiple,True,True,344,2,99.4186046511628,45712,45712,0,1247,1237,0.8019246190858059,344,173,1204,1033,172,172,172,172,172,172,True,True,698246302,modeled-pass
172,172,small-record,128,candidate-chunked-100-npgsqlbatch-set-plus-getmultiple,True,True,344,3,99.12790697674419,45712,45712,0,1247,1305,-4.651162790697675,344,173,1204,1033,172,172,172,172,172,172,True,True,698246302,modeled-pass
172,172,small-record,128,candidate-single-roundtrip-npgsqlbatch-set-and-read,True,True,344,1,99.70930232558139,45712,45712,0,1247,1237,0.8019246190858059,344,173,1204,1033,172,172,172,172,172,172,True,True,698246302,modeled-pass
172,172,medium-record,1024,candidate-current-npgsqlbatch-set-plus-getmultiple,True,True,344,2,99.4186046511628,45712,45712,0,2530,2450,3.1620553359683794,344,173,1204,1033,172,172,172,172,172,172,True,True,-1028407606,modeled-pass
172,172,medium-record,1024,candidate-chunked-100-npgsqlbatch-set-plus-getmultiple,True,True,344,3,99.12790697674419,45712,45712,0,2530,2514,0.6324110671936759,344,173,1204,1033,172,172,172,172,172,172,True,True,-1028407606,modeled-pass
172,172,medium-record,1024,candidate-single-roundtrip-npgsqlbatch-set-and-read,True,True,344,1,99.70930232558139,45712,45712,0,2530,2534,-0.15810276679841898,344,173,1204,1033,172,172,172,172,172,172,True,True,-1028407606,modeled-pass
172,172,large-record,4096,candidate-current-npgsqlbatch-set-plus-getmultiple,True,True,344,2,99.4186046511628,45712,45712,0,7380,6976,5.4742547425474255,344,173,1204,1033,172,172,172,172,172,172,True,True,758550823,modeled-pass
172,172,large-record,4096,candidate-chunked-100-npgsqlbatch-set-plus-getmultiple,True,True,344,3,99.12790697674419,45712,45712,0,7380,6980,5.420054200542006,344,173,1204,1033,172,172,172,172,172,172,True,True,758550823,modeled-pass
172,172,large-record,4096,candidate-single-roundtrip-npgsqlbatch-set-and-read,True,True,344,1,99.70930232558139,45712,45712,0,7380,6832,7.425474254742547,344,173,1204,1033,172,172,172,172,172,172,True,True,758550823,modeled-pass
173,173,small-record,128,candidate-current-npgsqlbatch-set-plus-getmultiple,True,True,346,2,99.42196531791907,45712,45712,0,1224,1320,-7.8431372549019605,346,174,1211,1039,173,173,173,173,173,173,True,True,-1891903960,modeled-pass
173,173,small-record,128,candidate-chunked-100-npgsqlbatch-set-plus-getmultiple,True,True,346,3,99.13294797687861,45712,45712,0,1224,1213,0.8986928104575164,346,174,1211,1039,173,173,173,173,173,173,True,True,-1891903960,modeled-pass
173,173,small-record,128,candidate-single-roundtrip-npgsqlbatch-set-and-read,True,True,346,1,99.71098265895954,45712,45712,0,1224,1190,2.7777777777777777,346,174,1211,1039,173,173,173,173,173,173,True,True,-1891903960,modeled-pass
173,173,medium-record,1024,candidate-current-npgsqlbatch-set-plus-getmultiple,True,True,346,2,99.42196531791907,45712,45712,0,2477,2551,-2.9874848607186113,346,174,1211,1039,173,173,173,173,173,173,True,True,-1065066107,modeled-pass
173,173,medium-record,1024,candidate-chunked-100-npgsqlbatch-set-plus-getmultiple,True,True,346,3,99.13294797687861,45712,45712,0,2477,2460,0.6863140896245459,346,174,1211,1039,173,173,173,173,173,173,True,True,-1065066107,modeled-pass
173,173,medium-record,1024,candidate-single-roundtrip-npgsqlbatch-set-and-read,True,True,346,1,99.71098265895954,45712,45712,0,2477,2410,2.704884941461445,346,174,1211,1039,173,173,173,173,173,173,True,True,-1065066107,modeled-pass
173,173,large-record,4096,candidate-current-npgsqlbatch-set-plus-getmultiple,True,True,346,2,99.42196531791907,45712,45712,0,7112,7988,-12.317210348706412,346,174,1211,1039,173,173,173,173,173,173,True,True,217726462,modeled-pass
173,173,large-record,4096,candidate-chunked-100-npgsqlbatch-set-plus-getmultiple,True,True,346,3,99.13294797687861,45712,45712,0,7112,6932,2.530933633295838,346,174,1211,1039,173,173,173,173,173,173,True,True,217726462,modeled-pass
173,173,large-record,4096,candidate-single-roundtrip-npgsqlbatch-set-and-read,True,True,346,1,99.71098265895954,45712,45712,0,7112,6907,2.8824521934758156,346,174,1211,1039,173,173,173,173,173,173,True,True,217726462,modeled-pass
174,174,small-record,128,candidate-current-npgsqlbatch-set-plus-getmultiple,True,True,348,2,99.42528735632185,45712,45712,0,1167,1351,-15.766923736075407,348,175,1218,1045,174,174,174,174,174,174,True,True,720015881,modeled-pass
174,174,small-record,128,candidate-chunked-100-npgsqlbatch-set-plus-getmultiple,True,True,348,3,99.13793103448276,45712,45712,0,1167,1269,-8.740359897172237,348,175,1218,1045,174,174,174,174,174,174,True,True,720015881,modeled-pass
174,174,small-record,128,candidate-single-roundtrip-npgsqlbatch-set-and-read,True,True,348,1,99.71264367816092,45712,45712,0,1167,1205,-3.2562125107112254,348,175,1218,1045,174,174,174,174,174,174,True,True,720015881,modeled-pass
174,174,medium-record,1024,candidate-current-npgsqlbatch-set-plus-getmultiple,True,True,348,2,99.42528735632185,45712,45712,0,2485,2423,2.494969818913481,348,175,1218,1045,174,174,174,174,174,174,True,True,-2136853985,modeled-pass
174,174,medium-record,1024,candidate-chunked-100-npgsqlbatch-set-plus-getmultiple,True,True,348,3,99.13793103448276,45712,45712,0,2485,2500,-0.6036217303822937,348,175,1218,1045,174,174,174,174,174,174,True,True,-2136853985,modeled-pass
174,174,medium-record,1024,candidate-single-roundtrip-npgsqlbatch-set-and-read,True,True,348,1,99.71264367816092,45712,45712,0,2485,2546,-2.454728370221328,348,175,1218,1045,174,174,174,174,174,174,True,True,-2136853985,modeled-pass
174,174,large-record,4096,candidate-current-npgsqlbatch-set-plus-getmultiple,True,True,348,2,99.42528735632185,45712,45712,0,7857,6852,12.791141657121038,348,175,1218,1045,174,174,174,174,174,174,True,True,2044576403,modeled-pass
174,174,large-record,4096,candidate-chunked-100-npgsqlbatch-set-plus-getmultiple,True,True,348,3,99.13793103448276,45712,45712,0,7857,6941,11.658393788977982,348,175,1218,1045,174,174,174,174,174,174,True,True,2044576403,modeled-pass
174,174,large-record,4096,candidate-single-roundtrip-npgsqlbatch-set-and-read,True,True,348,1,99.71264367816092,45712,45712,0,7857,6987,11.072928598701795,348,175,1218,1045,174,174,174,174,174,174,True,True,2044576403,modeled-pass
175,175,small-record,128,candidate-current-npgsqlbatch-set-plus-getmultiple,True,True,350,2,99.42857142857143,45712,45712,0,1197,1285,-7.351712614870509,350,176,1225,1051,175,175,175,175,175,175,True,True,-1576589243,modeled-pass
175,175,small-record,128,candidate-chunked-100-npgsqlbatch-set-plus-getmultiple,True,True,350,3,99.14285714285714,45712,45712,0,1197,1264,-5.597326649958229,350,176,1225,1051,175,175,175,175,175,175,True,True,-1576589243,modeled-pass
175,175,small-record,128,candidate-single-roundtrip-npgsqlbatch-set-and-read,True,True,350,1,99.71428571428571,45712,45712,0,1197,1229,-2.6733500417710943,350,176,1225,1051,175,175,175,175,175,175,True,True,-1576589243,modeled-pass
175,175,medium-record,1024,candidate-current-npgsqlbatch-set-plus-getmultiple,True,True,350,2,99.42857142857143,45712,45712,0,2509,2459,1.9928258270227182,350,176,1225,1051,175,175,175,175,175,175,True,True,796470236,modeled-pass
175,175,medium-record,1024,candidate-chunked-100-npgsqlbatch-set-plus-getmultiple,True,True,350,3,99.14285714285714,45712,45712,0,2509,2514,-0.1992825827022718,350,176,1225,1051,175,175,175,175,175,175,True,True,796470236,modeled-pass
175,175,medium-record,1024,candidate-single-roundtrip-npgsqlbatch-set-and-read,True,True,350,1,99.71428571428571,45712,45712,0,2509,2472,1.4746911119968116,350,176,1225,1051,175,175,175,175,175,175,True,True,796470236,modeled-pass
175,175,large-record,4096,candidate-current-npgsqlbatch-set-plus-getmultiple,True,True,350,2,99.42857142857143,45712,45712,0,7297,7043,3.4808825544744417,350,176,1225,1051,175,175,175,175,175,175,True,True,425225839,modeled-pass
175,175,large-record,4096,candidate-chunked-100-npgsqlbatch-set-plus-getmultiple,True,True,350,3,99.14285714285714,45712,45712,0,7297,7126,2.3434288063587774,350,176,1225,1051,175,175,175,175,175,175,True,True,425225839,modeled-pass
175,175,large-record,4096,candidate-single-roundtrip-npgsqlbatch-set-and-read,True,True,350,1,99.71428571428571,45712,45712,0,7297,7274,0.31519802658626833,350,176,1225,1051,175,175,175,175,175,175,True,True,425225839,modeled-pass
176,176,small-record,128,candidate-current-npgsqlbatch-set-plus-getmultiple,True,True,352,2,99.43181818181819,45712,45712,0,1360,1387,-1.9852941176470589,352,177,1232,1057,176,176,176,176,176,176,True,True,1826232077,modeled-pass
176,176,small-record,128,candidate-chunked-100-npgsqlbatch-set-plus-getmultiple,True,True,352,3,99.14772727272727,45712,45712,0,1360,1265,6.985294117647059,352,177,1232,1057,176,176,176,176,176,176,True,True,1826232077,modeled-pass
176,176,small-record,128,candidate-single-roundtrip-npgsqlbatch-set-and-read,True,True,352,1,99.7159090909091,45712,45712,0,1360,1221,10.220588235294118,352,177,1232,1057,176,176,176,176,176,176,True,True,1826232077,modeled-pass
176,176,medium-record,1024,candidate-current-npgsqlbatch-set-plus-getmultiple,True,True,352,2,99.43181818181819,45712,45712,0,2510,2501,0.35856573705179284,352,177,1232,1057,176,176,176,176,176,176,True,True,-608956604,modeled-pass
176,176,medium-record,1024,candidate-chunked-100-npgsqlbatch-set-plus-getmultiple,True,True,352,3,99.14772727272727,45712,45712,0,2510,2716,-8.207171314741036,352,177,1232,1057,176,176,176,176,176,176,True,True,-608956604,modeled-pass
176,176,medium-record,1024,candidate-single-roundtrip-npgsqlbatch-set-and-read,True,True,352,1,99.7159090909091,45712,45712,0,2510,2459,2.0318725099601593,352,177,1232,1057,176,176,176,176,176,176,True,True,-608956604,modeled-pass
176,176,large-record,4096,candidate-current-npgsqlbatch-set-plus-getmultiple,True,True,352,2,99.43181818181819,45712,45712,0,7402,7042,4.863550391786004,352,177,1232,1057,176,176,176,176,176,176,True,True,1465304929,modeled-pass
176,176,large-record,4096,candidate-chunked-100-npgsqlbatch-set-plus-getmultiple,True,True,352,3,99.14772727272727,45712,45712,0,7402,7512,-1.4860848419346122,352,177,1232,1057,176,176,176,176,176,176,True,True,1465304929,modeled-pass
176,176,large-record,4096,candidate-single-roundtrip-npgsqlbatch-set-and-read,True,True,352,1,99.7159090909091,45712,45712,0,7402,7286,1.5671440151310456,352,177,1232,1057,176,176,176,176,176,176,True,True,1465304929,modeled-pass
177,177,small-record,128,candidate-current-npgsqlbatch-set-plus-getmultiple,True,True,354,2,99.43502824858757,45712,45712,0,1210,1264,-4.462809917355372,354,178,1239,1063,177,177,177,177,177,177,True,True,-1534821228,modeled-pass
177,177,small-record,128,candidate-chunked-100-npgsqlbatch-set-plus-getmultiple,True,True,354,3,99.15254237288136,45712,45712,0,1210,1290,-6.6115702479338845,354,178,1239,1063,177,177,177,177,177,177,True,True,-1534821228,modeled-pass
177,177,small-record,128,candidate-single-roundtrip-npgsqlbatch-set-and-read,True,True,354,1,99.71751412429379,45712,45712,0,1210,1342,-10.909090909090908,354,178,1239,1063,177,177,177,177,177,177,True,True,-1534821228,modeled-pass
177,177,medium-record,1024,candidate-current-npgsqlbatch-set-plus-getmultiple,True,True,354,2,99.43502824858757,45712,45712,0,2640,2548,3.484848484848485,354,178,1239,1063,177,177,177,177,177,177,True,True,-1771897401,modeled-pass
177,177,medium-record,1024,candidate-chunked-100-npgsqlbatch-set-plus-getmultiple,True,True,354,3,99.15254237288136,45712,45712,0,2640,2619,0.7954545454545454,354,178,1239,1063,177,177,177,177,177,177,True,True,-1771897401,modeled-pass
177,177,medium-record,1024,candidate-single-roundtrip-npgsqlbatch-set-and-read,True,True,354,1,99.71751412429379,45712,45712,0,2640,2561,2.992424242424242,354,178,1239,1063,177,177,177,177,177,177,True,True,-1771897401,modeled-pass
177,177,large-record,4096,candidate-current-npgsqlbatch-set-plus-getmultiple,True,True,354,2,99.43502824858757,45712,45712,0,7485,7321,2.191048764195057,354,178,1239,1063,177,177,177,177,177,177,True,True,-649411136,modeled-pass
177,177,large-record,4096,candidate-chunked-100-npgsqlbatch-set-plus-getmultiple,True,True,354,3,99.15254237288136,45712,45712,0,7485,7494,-0.12024048096192384,354,178,1239,1063,177,177,177,177,177,177,True,True,-649411136,modeled-pass
177,177,large-record,4096,candidate-single-roundtrip-npgsqlbatch-set-and-read,True,True,354,1,99.71751412429379,45712,45712,0,7485,7196,3.861055444221777,354,178,1239,1063,177,177,177,177,177,177,True,True,-649411136,modeled-pass
178,178,small-record,128,candidate-current-npgsqlbatch-set-plus-getmultiple,True,True,356,2,99.43820224719101,45712,45712,0,1292,1409,-9.055727554179567,356,179,1246,1069,178,178,178,178,178,178,True,True,439070897,modeled-pass
178,178,small-record,128,candidate-chunked-100-npgsqlbatch-set-plus-getmultiple,True,True,356,3,99.15730337078652,45712,45712,0,1292,1283,0.6965944272445821,356,179,1246,1069,178,178,178,178,178,178,True,True,439070897,modeled-pass
178,178,small-record,128,candidate-single-roundtrip-npgsqlbatch-set-and-read,True,True,356,1,99.71910112359551,45712,45712,0,1292,1340,-3.7151702786377707,356,179,1246,1069,178,178,178,178,178,178,True,True,439070897,modeled-pass
178,178,medium-record,1024,candidate-current-npgsqlbatch-set-plus-getmultiple,True,True,356,2,99.43820224719101,45712,45712,0,2589,2735,-5.639242950946311,356,179,1246,1069,178,178,178,178,178,178,True,True,67093284,modeled-pass
178,178,medium-record,1024,candidate-chunked-100-npgsqlbatch-set-plus-getmultiple,True,True,356,3,99.15730337078652,45712,45712,0,2589,2603,-0.540749324063345,356,179,1246,1069,178,178,178,178,178,178,True,True,67093284,modeled-pass
178,178,medium-record,1024,candidate-single-roundtrip-npgsqlbatch-set-and-read,True,True,356,1,99.71910112359551,45712,45712,0,2589,2513,2.935496330629587,356,179,1246,1069,178,178,178,178,178,178,True,True,67093284,modeled-pass
178,178,large-record,4096,candidate-current-npgsqlbatch-set-plus-getmultiple,True,True,356,2,99.43820224719101,45712,45712,0,7584,8043,-6.052215189873418,356,179,1246,1069,178,178,178,178,178,178,True,True,1761938838,modeled-pass
178,178,large-record,4096,candidate-chunked-100-npgsqlbatch-set-plus-getmultiple,True,True,356,3,99.15730337078652,45712,45712,0,7584,7923,-4.469936708860759,356,179,1246,1069,178,178,178,178,178,178,True,True,1761938838,modeled-pass
178,178,large-record,4096,candidate-single-roundtrip-npgsqlbatch-set-and-read,True,True,356,1,99.71910112359551,45712,45712,0,7584,7971,-5.102848101265823,356,179,1246,1069,178,178,178,178,178,178,True,True,1761938838,modeled-pass
179,179,small-record,128,candidate-current-npgsqlbatch-set-plus-getmultiple,True,True,358,2,99.44134078212291,45712,45712,0,1291,1263,2.168861347792409,358,180,1253,1075,179,179,179,179,179,179,True,True,-1263642687,modeled-pass
179,179,small-record,128,candidate-chunked-100-npgsqlbatch-set-plus-getmultiple,True,True,358,3,99.16201117318435,45712,45712,0,1291,1429,-10.689388071262588,358,180,1253,1075,179,179,179,179,179,179,True,True,-1263642687,modeled-pass
179,179,small-record,128,candidate-single-roundtrip-npgsqlbatch-set-and-read,True,True,358,1,99.72067039106145,45712,45712,0,1291,1304,-1.0069713400464757,358,180,1253,1075,179,179,179,179,179,179,True,True,-1263642687,modeled-pass
179,179,medium-record,1024,candidate-current-npgsqlbatch-set-plus-getmultiple,True,True,358,2,99.44134078212291,45712,45712,0,2703,2728,-0.9248982611912689,358,180,1253,1075,179,179,179,179,179,179,True,True,1429481887,modeled-pass
179,179,medium-record,1024,candidate-chunked-100-npgsqlbatch-set-plus-getmultiple,True,True,358,3,99.16201117318435,45712,45712,0,2703,2719,-0.5919348871624122,358,180,1253,1075,179,179,179,179,179,179,True,True,1429481887,modeled-pass
179,179,medium-record,1024,candidate-single-roundtrip-npgsqlbatch-set-and-read,True,True,358,1,99.72067039106145,45712,45712,0,2703,2598,3.8845726970033296,358,180,1253,1075,179,179,179,179,179,179,True,True,1429481887,modeled-pass
179,179,large-record,4096,candidate-current-npgsqlbatch-set-plus-getmultiple,True,True,358,2,99.44134078212291,45712,45376,0.7350367518375919,7637,7508,1.6891449522063637,358,180,1253,1075,179,179,179,179,179,179,True,True,1673509705,modeled-pass
179,179,large-record,4096,candidate-chunked-100-npgsqlbatch-set-plus-getmultiple,True,True,358,3,99.16201117318435,45712,45712,0,7637,7428,2.736676705512636,358,180,1253,1075,179,179,179,179,179,179,True,True,1673509705,modeled-pass
179,179,large-record,4096,candidate-single-roundtrip-npgsqlbatch-set-and-read,True,True,358,1,99.72067039106145,45712,45712,0,7637,7200,5.722142202435512,358,180,1253,1075,179,179,179,179,179,179,True,True,1673509705,modeled-pass
180,180,small-record,128,candidate-current-npgsqlbatch-set-plus-getmultiple,True,True,360,2,99.44444444444444,45712,45712,0,1239,1278,-3.1476997578692494,360,181,1260,1081,180,180,180,180,180,180,True,True,605286633,modeled-pass
180,180,small-record,128,candidate-chunked-100-npgsqlbatch-set-plus-getmultiple,True,True,360,3,99.16666666666667,45712,45712,0,1239,1319,-6.45682001614205,360,181,1260,1081,180,180,180,180,180,180,True,True,605286633,modeled-pass
180,180,small-record,128,candidate-single-roundtrip-npgsqlbatch-set-and-read,True,True,360,1,99.72222222222223,45712,45712,0,1239,1322,-6.698950766747377,360,181,1260,1081,180,180,180,180,180,180,True,True,605286633,modeled-pass
180,180,medium-record,1024,candidate-current-npgsqlbatch-set-plus-getmultiple,True,True,360,2,99.44444444444444,45712,45712,0,2604,2538,2.5345622119815667,360,181,1260,1081,180,180,180,180,180,180,True,True,-85509749,modeled-pass
180,180,medium-record,1024,candidate-chunked-100-npgsqlbatch-set-plus-getmultiple,True,True,360,3,99.16666666666667,45712,45712,0,2604,2685,-3.110599078341014,360,181,1260,1081,180,180,180,180,180,180,True,True,-85509749,modeled-pass
180,180,medium-record,1024,candidate-single-roundtrip-npgsqlbatch-set-and-read,True,True,360,1,99.72222222222223,45712,45712,0,2604,2576,1.075268817204301,360,181,1260,1081,180,180,180,180,180,180,True,True,-85509749,modeled-pass
180,180,large-record,4096,candidate-current-npgsqlbatch-set-plus-getmultiple,True,True,360,2,99.44444444444444,45712,45712,0,7485,7324,2.1509686038744156,360,181,1260,1081,180,180,180,180,180,180,True,True,-156886820,modeled-pass
180,180,large-record,4096,candidate-chunked-100-npgsqlbatch-set-plus-getmultiple,True,True,360,3,99.16666666666667,45712,45712,0,7485,7296,2.5250501002004007,360,181,1260,1081,180,180,180,180,180,180,True,True,-156886820,modeled-pass
180,180,large-record,4096,candidate-single-roundtrip-npgsqlbatch-set-and-read,True,True,360,1,99.72222222222223,45712,45712,0,7485,7264,2.952571810287241,360,181,1260,1081,180,180,180,180,180,180,True,True,-156886820,modeled-pass
181,181,small-record,128,candidate-current-npgsqlbatch-set-plus-getmultiple,True,True,362,2,99.4475138121547,45712,45712,0,1268,2875,-126.73501577287067,362,182,1267,1087,181,181,181,181,181,181,True,True,749594714,modeled-pass
181,181,small-record,128,candidate-chunked-100-npgsqlbatch-set-plus-getmultiple,True,True,362,3,99.17127071823204,45712,45712,0,1268,1368,-7.886435331230284,362,182,1267,1087,181,181,181,181,181,181,True,True,749594714,modeled-pass
181,181,small-record,128,candidate-single-roundtrip-npgsqlbatch-set-and-read,True,True,362,1,99.72375690607734,45712,45712,0,1268,1394,-9.936908517350158,362,182,1267,1087,181,181,181,181,181,181,True,True,749594714,modeled-pass
181,181,medium-record,1024,candidate-current-npgsqlbatch-set-plus-getmultiple,True,True,362,2,99.4475138121547,45712,45712,0,2730,2703,0.989010989010989,362,182,1267,1087,181,181,181,181,181,181,True,True,666892672,modeled-pass
181,181,medium-record,1024,candidate-chunked-100-npgsqlbatch-set-plus-getmultiple,True,True,362,3,99.17127071823204,45712,45712,0,2730,2663,2.4542124542124544,362,182,1267,1087,181,181,181,181,181,181,True,True,666892672,modeled-pass
181,181,medium-record,1024,candidate-single-roundtrip-npgsqlbatch-set-and-read,True,True,362,1,99.72375690607734,45712,45712,0,2730,2579,5.531135531135531,362,182,1267,1087,181,181,181,181,181,181,True,True,666892672,modeled-pass
181,181,large-record,4096,candidate-current-npgsqlbatch-set-plus-getmultiple,True,True,362,2,99.4475138121547,45712,45712,0,8124,8171,-0.5785327424913835,362,182,1267,1087,181,181,181,181,181,181,True,True,1247028588,modeled-pass
181,181,large-record,4096,candidate-chunked-100-npgsqlbatch-set-plus-getmultiple,True,True,362,3,99.17127071823204,45712,45712,0,8124,7411,8.77646479566716,362,182,1267,1087,181,181,181,181,181,181,True,True,1247028588,modeled-pass
181,181,large-record,4096,candidate-single-roundtrip-npgsqlbatch-set-and-read,True,True,362,1,99.72375690607734,45712,45712,0,8124,7145,12.05071393402265,362,182,1267,1087,181,181,181,181,181,181,True,True,1247028588,modeled-pass
182,182,small-record,128,candidate-current-npgsqlbatch-set-plus-getmultiple,True,True,364,2,99.45054945054945,45712,45712,0,1252,1337,-6.789137380191693,364,183,1274,1093,182,182,182,182,182,182,True,True,616113120,modeled-pass
182,182,small-record,128,candidate-chunked-100-npgsqlbatch-set-plus-getmultiple,True,True,364,3,99.17582417582418,45712,45712,0,1252,1423,-13.65814696485623,364,183,1274,1093,182,182,182,182,182,182,True,True,616113120,modeled-pass
182,182,small-record,128,candidate-single-roundtrip-npgsqlbatch-set-and-read,True,True,364,1,99.72527472527473,45712,45712,0,1252,1354,-8.146964856230031,364,183,1274,1093,182,182,182,182,182,182,True,True,616113120,modeled-pass
182,182,medium-record,1024,candidate-current-npgsqlbatch-set-plus-getmultiple,True,True,364,2,99.45054945054945,45712,45712,0,2753,2650,3.741373047584453,364,183,1274,1093,182,182,182,182,182,182,True,True,-1883464308,modeled-pass
182,182,medium-record,1024,candidate-chunked-100-npgsqlbatch-set-plus-getmultiple,True,True,364,3,99.17582417582418,45712,45712,0,2753,2640,4.104613149291682,364,183,1274,1093,182,182,182,182,182,182,True,True,-1883464308,modeled-pass
182,182,medium-record,1024,candidate-single-roundtrip-npgsqlbatch-set-and-read,True,True,364,1,99.72527472527473,45712,45712,0,2753,2543,7.628042135851798,364,183,1274,1093,182,182,182,182,182,182,True,True,-1883464308,modeled-pass
182,182,large-record,4096,candidate-current-npgsqlbatch-set-plus-getmultiple,True,True,364,2,99.45054945054945,45712,45712,0,8070,7479,7.323420074349443,364,183,1274,1093,182,182,182,182,182,182,True,True,1956715573,modeled-pass
182,182,large-record,4096,candidate-chunked-100-npgsqlbatch-set-plus-getmultiple,True,True,364,3,99.17582417582418,45712,45712,0,8070,7508,6.964064436183396,364,183,1274,1093,182,182,182,182,182,182,True,True,1956715573,modeled-pass
182,182,large-record,4096,candidate-single-roundtrip-npgsqlbatch-set-and-read,True,True,364,1,99.72527472527473,45712,45712,0,8070,8418,-4.312267657992565,364,183,1274,1093,182,182,182,182,182,182,True,True,1956715573,modeled-pass
183,183,small-record,128,candidate-current-npgsqlbatch-set-plus-getmultiple,True,True,366,2,99.4535519125683,45712,45712,0,1584,1355,14.457070707070708,366,184,1281,1099,183,183,183,183,183,183,True,True,-71631102,modeled-pass
183,183,small-record,128,candidate-chunked-100-npgsqlbatch-set-plus-getmultiple,True,True,366,3,99.18032786885246,45712,45712,0,1584,1439,9.154040404040405,366,184,1281,1099,183,183,183,183,183,183,True,True,-71631102,modeled-pass
183,183,small-record,128,candidate-single-roundtrip-npgsqlbatch-set-and-read,True,True,366,1,99.72677595628416,45712,45712,0,1584,1387,12.436868686868687,366,184,1281,1099,183,183,183,183,183,183,True,True,-71631102,modeled-pass
183,183,medium-record,1024,candidate-current-npgsqlbatch-set-plus-getmultiple,True,True,366,2,99.4535519125683,45712,45712,0,4876,2695,44.7292863002461,366,184,1281,1099,183,183,183,183,183,183,True,True,987059780,modeled-pass
183,183,medium-record,1024,candidate-chunked-100-npgsqlbatch-set-plus-getmultiple,True,True,366,3,99.18032786885246,45712,45712,0,4876,2729,44.03199343724364,366,184,1281,1099,183,183,183,183,183,183,True,True,987059780,modeled-pass
183,183,medium-record,1024,candidate-single-roundtrip-npgsqlbatch-set-and-read,True,True,366,1,99.72677595628416,45712,45712,0,4876,2739,43.82690730106645,366,184,1281,1099,183,183,183,183,183,183,True,True,987059780,modeled-pass
183,183,large-record,4096,candidate-current-npgsqlbatch-set-plus-getmultiple,True,True,366,2,99.4535519125683,45712,45712,0,7522,7377,1.9276788088274395,366,184,1281,1099,183,183,183,183,183,183,True,True,1605055945,modeled-pass
183,183,large-record,4096,candidate-chunked-100-npgsqlbatch-set-plus-getmultiple,True,True,366,3,99.18032786885246,45712,45712,0,7522,7570,-0.6381281574049454,366,184,1281,1099,183,183,183,183,183,183,True,True,1605055945,modeled-pass
183,183,large-record,4096,candidate-single-roundtrip-npgsqlbatch-set-and-read,True,True,366,1,99.72677595628416,45712,45712,0,7522,7525,-0.03988300983780909,366,184,1281,1099,183,183,183,183,183,183,True,True,1605055945,modeled-pass
184,184,small-record,128,candidate-current-npgsqlbatch-set-plus-getmultiple,True,True,368,2,99.45652173913044,45712,45712,0,1382,1366,1.1577424023154848,368,185,1288,1105,184,184,184,184,184,184,True,True,1360365922,modeled-pass
184,184,small-record,128,candidate-chunked-100-npgsqlbatch-set-plus-getmultiple,True,True,368,3,99.18478260869566,45712,45712,0,1382,1448,-4.775687409551375,368,185,1288,1105,184,184,184,184,184,184,True,True,1360365922,modeled-pass
184,184,small-record,128,candidate-single-roundtrip-npgsqlbatch-set-and-read,True,True,368,1,99.72826086956522,45712,45712,0,1382,1343,2.821997105643994,368,185,1288,1105,184,184,184,184,184,184,True,True,1360365922,modeled-pass
184,184,medium-record,1024,candidate-current-npgsqlbatch-set-plus-getmultiple,True,True,368,2,99.45652173913044,45712,45712,0,2789,2643,5.2348512011473645,368,185,1288,1105,184,184,184,184,184,184,True,True,1553001057,modeled-pass
184,184,medium-record,1024,candidate-chunked-100-npgsqlbatch-set-plus-getmultiple,True,True,368,3,99.18478260869566,45712,45712,0,2789,2725,2.2947292936536394,368,185,1288,1105,184,184,184,184,184,184,True,True,1553001057,modeled-pass
184,184,medium-record,1024,candidate-single-roundtrip-npgsqlbatch-set-and-read,True,True,368,1,99.72826086956522,45712,45712,0,2789,2717,2.5815704553603442,368,185,1288,1105,184,184,184,184,184,184,True,True,1553001057,modeled-pass
184,184,large-record,4096,candidate-current-npgsqlbatch-set-plus-getmultiple,True,True,368,2,99.45652173913044,45712,45712,0,7869,7315,7.040284661329267,368,185,1288,1105,184,184,184,184,184,184,True,True,-288823304,modeled-pass
184,184,large-record,4096,candidate-chunked-100-npgsqlbatch-set-plus-getmultiple,True,True,368,3,99.18478260869566,45712,45712,0,7869,7342,6.697166094802389,368,185,1288,1105,184,184,184,184,184,184,True,True,-288823304,modeled-pass
184,184,large-record,4096,candidate-single-roundtrip-npgsqlbatch-set-and-read,True,True,368,1,99.72826086956522,45712,45712,0,7869,7580,3.6726394713432455,368,185,1288,1105,184,184,184,184,184,184,True,True,-288823304,modeled-pass
185,185,small-record,128,candidate-current-npgsqlbatch-set-plus-getmultiple,True,True,370,2,99.45945945945945,45712,45712,0,1395,1301,6.738351254480286,370,186,1295,1111,185,185,185,185,185,185,True,True,-280401230,modeled-pass
185,185,small-record,128,candidate-chunked-100-npgsqlbatch-set-plus-getmultiple,True,True,370,3,99.1891891891892,45712,45712,0,1395,1360,2.5089605734767026,370,186,1295,1111,185,185,185,185,185,185,True,True,-280401230,modeled-pass
185,185,small-record,128,candidate-single-roundtrip-npgsqlbatch-set-and-read,True,True,370,1,99.72972972972973,45712,45712,0,1395,1297,7.025089605734767,370,186,1295,1111,185,185,185,185,185,185,True,True,-280401230,modeled-pass
185,185,medium-record,1024,candidate-current-npgsqlbatch-set-plus-getmultiple,True,True,370,2,99.45945945945945,45712,45712,0,2642,2743,-3.8228614685844056,370,186,1295,1111,185,185,185,185,185,185,True,True,-2089891696,modeled-pass
185,185,medium-record,1024,candidate-chunked-100-npgsqlbatch-set-plus-getmultiple,True,True,370,3,99.1891891891892,45712,45712,0,2642,2730,-3.330809992429977,370,186,1295,1111,185,185,185,185,185,185,True,True,-2089891696,modeled-pass
185,185,medium-record,1024,candidate-single-roundtrip-npgsqlbatch-set-and-read,True,True,370,1,99.72972972972973,45712,45712,0,2642,2633,0.34065102195306585,370,186,1295,1111,185,185,185,185,185,185,True,True,-2089891696,modeled-pass
185,185,large-record,4096,candidate-current-npgsqlbatch-set-plus-getmultiple,True,True,370,2,99.45945945945945,45712,45712,0,8274,7825,5.426637660140198,370,186,1295,1111,185,185,185,185,185,185,True,True,2031812580,modeled-pass
185,185,large-record,4096,candidate-chunked-100-npgsqlbatch-set-plus-getmultiple,True,True,370,3,99.1891891891892,45712,45712,0,8274,7279,12.025622431713803,370,186,1295,1111,185,185,185,185,185,185,True,True,2031812580,modeled-pass
185,185,large-record,4096,candidate-single-roundtrip-npgsqlbatch-set-and-read,True,True,370,1,99.72972972972973,45712,45712,0,8274,8040,2.828136330674402,370,186,1295,1111,185,185,185,185,185,185,True,True,2031812580,modeled-pass
186,186,small-record,128,candidate-current-npgsqlbatch-set-plus-getmultiple,True,True,372,2,99.46236559139786,45712,45712,0,1291,1371,-6.196746707978312,372,187,1302,1117,186,186,186,186,186,186,True,True,656225330,modeled-pass
186,186,small-record,128,candidate-chunked-100-npgsqlbatch-set-plus-getmultiple,True,True,372,3,99.19354838709677,45712,45712,0,1291,1326,-2.7110766847405112,372,187,1302,1117,186,186,186,186,186,186,True,True,656225330,modeled-pass
186,186,small-record,128,candidate-single-roundtrip-npgsqlbatch-set-and-read,True,True,372,1,99.73118279569893,45712,45712,0,1291,1289,0.15491866769945778,372,187,1302,1117,186,186,186,186,186,186,True,True,656225330,modeled-pass
186,186,medium-record,1024,candidate-current-npgsqlbatch-set-plus-getmultiple,True,True,372,2,99.46236559139786,45712,45712,0,2746,2680,2.403495994173343,372,187,1302,1117,186,186,186,186,186,186,True,True,-2056231589,modeled-pass
186,186,medium-record,1024,candidate-chunked-100-npgsqlbatch-set-plus-getmultiple,True,True,372,3,99.19354838709677,45712,45712,0,2746,2736,0.3641660597232338,372,187,1302,1117,186,186,186,186,186,186,True,True,-2056231589,modeled-pass
186,186,medium-record,1024,candidate-single-roundtrip-npgsqlbatch-set-and-read,True,True,372,1,99.73118279569893,45712,45712,0,2746,2698,1.7479970866715222,372,187,1302,1117,186,186,186,186,186,186,True,True,-2056231589,modeled-pass
186,186,large-record,4096,candidate-current-npgsqlbatch-set-plus-getmultiple,True,True,372,2,99.46236559139786,45712,45712,0,8072,7646,5.277502477700693,372,187,1302,1117,186,186,186,186,186,186,True,True,-843625115,modeled-pass
186,186,large-record,4096,candidate-chunked-100-npgsqlbatch-set-plus-getmultiple,True,True,372,3,99.19354838709677,45712,45712,0,8072,7730,4.236868186323092,372,187,1302,1117,186,186,186,186,186,186,True,True,-843625115,modeled-pass
186,186,large-record,4096,candidate-single-roundtrip-npgsqlbatch-set-and-read,True,True,372,1,99.73118279569893,45712,45712,0,8072,7323,9.278989098116947,372,187,1302,1117,186,186,186,186,186,186,True,True,-843625115,modeled-pass
187,187,small-record,128,candidate-current-npgsqlbatch-set-plus-getmultiple,True,True,374,2,99.46524064171123,45712,45712,0,1271,1320,-3.855232100708104,374,188,1309,1123,187,187,187,187,187,187,True,True,-2085604690,modeled-pass
187,187,small-record,128,candidate-chunked-100-npgsqlbatch-set-plus-getmultiple,True,True,374,3,99.19786096256685,45712,45712,0,1271,1348,-6.058221872541306,374,188,1309,1123,187,187,187,187,187,187,True,True,-2085604690,modeled-pass
187,187,small-record,128,candidate-single-roundtrip-npgsqlbatch-set-and-read,True,True,374,1,99.73262032085562,45712,45712,0,1271,1307,-2.832415420928403,374,188,1309,1123,187,187,187,187,187,187,True,True,-2085604690,modeled-pass
187,187,medium-record,1024,candidate-current-npgsqlbatch-set-plus-getmultiple,True,True,374,2,99.46524064171123,45712,45712,0,2651,2578,2.7536778574122973,374,188,1309,1123,187,187,187,187,187,187,True,True,1965286100,modeled-pass
187,187,medium-record,1024,candidate-chunked-100-npgsqlbatch-set-plus-getmultiple,True,True,374,3,99.19786096256685,45712,45712,0,2651,2773,-4.602036967182196,374,188,1309,1123,187,187,187,187,187,187,True,True,1965286100,modeled-pass
187,187,medium-record,1024,candidate-single-roundtrip-npgsqlbatch-set-and-read,True,True,374,1,99.73262032085562,45712,45712,0,2651,2636,0.5658242172764995,374,188,1309,1123,187,187,187,187,187,187,True,True,1965286100,modeled-pass
187,187,large-record,4096,candidate-current-npgsqlbatch-set-plus-getmultiple,True,True,374,2,99.46524064171123,45712,45712,0,7555,7398,2.0780939774983453,374,188,1309,1123,187,187,187,187,187,187,True,True,1190280065,modeled-pass
187,187,large-record,4096,candidate-chunked-100-npgsqlbatch-set-plus-getmultiple,True,True,374,3,99.19786096256685,45712,45712,0,7555,7334,2.9252150893448046,374,188,1309,1123,187,187,187,187,187,187,True,True,1190280065,modeled-pass
187,187,large-record,4096,candidate-single-roundtrip-npgsqlbatch-set-and-read,True,True,374,1,99.73262032085562,45712,45712,0,7555,7415,1.8530774321641297,374,188,1309,1123,187,187,187,187,187,187,True,True,1190280065,modeled-pass
188,188,small-record,128,candidate-current-npgsqlbatch-set-plus-getmultiple,True,True,376,2,99.46808510638297,45712,45712,0,1386,1266,8.658008658008658,376,189,1316,1129,188,188,188,188,188,188,True,True,-240552128,modeled-pass
188,188,small-record,128,candidate-chunked-100-npgsqlbatch-set-plus-getmultiple,True,True,376,3,99.20212765957447,45712,45712,0,1386,1560,-12.554112554112555,376,189,1316,1129,188,188,188,188,188,188,True,True,-240552128,modeled-pass
188,188,small-record,128,candidate-single-roundtrip-npgsqlbatch-set-and-read,True,True,376,1,99.73404255319149,45712,45712,0,1386,1422,-2.5974025974025974,376,189,1316,1129,188,188,188,188,188,188,True,True,-240552128,modeled-pass
188,188,medium-record,1024,candidate-current-npgsqlbatch-set-plus-getmultiple,True,True,376,2,99.46808510638297,45712,45712,0,2663,2617,1.7273751408186255,376,189,1316,1129,188,188,188,188,188,188,True,True,-1994815831,modeled-pass
188,188,medium-record,1024,candidate-chunked-100-npgsqlbatch-set-plus-getmultiple,True,True,376,3,99.20212765957447,45712,45712,0,2663,2640,0.8636875704093128,376,189,1316,1129,188,188,188,188,188,188,True,True,-1994815831,modeled-pass
188,188,medium-record,1024,candidate-single-roundtrip-npgsqlbatch-set-and-read,True,True,376,1,99.73404255319149,45712,45712,0,2663,2773,-4.130679684566279,376,189,1316,1129,188,188,188,188,188,188,True,True,-1994815831,modeled-pass
188,188,large-record,4096,candidate-current-npgsqlbatch-set-plus-getmultiple,True,True,376,2,99.46808510638297,45712,45712,0,7757,7479,3.5838597395900478,376,189,1316,1129,188,188,188,188,188,188,True,True,1674876547,modeled-pass
188,188,large-record,4096,candidate-chunked-100-npgsqlbatch-set-plus-getmultiple,True,True,376,3,99.20212765957447,45712,45712,0,7757,7603,1.9853035967513213,376,189,1316,1129,188,188,188,188,188,188,True,True,1674876547,modeled-pass
188,188,large-record,4096,candidate-single-roundtrip-npgsqlbatch-set-and-read,True,True,376,1,99.73404255319149,45712,45712,0,7757,7655,1.3149413433028232,376,189,1316,1129,188,188,188,188,188,188,True,True,1674876547,modeled-pass
189,189,small-record,128,candidate-current-npgsqlbatch-set-plus-getmultiple,True,True,378,2,99.47089947089947,45712,45712,0,1296,1291,0.38580246913580246,378,190,1323,1135,189,189,189,189,189,189,True,True,1144088277,modeled-pass
189,189,small-record,128,candidate-chunked-100-npgsqlbatch-set-plus-getmultiple,True,True,378,3,99.2063492063492,45712,45712,0,1296,1338,-3.240740740740741,378,190,1323,1135,189,189,189,189,189,189,True,True,1144088277,modeled-pass
189,189,small-record,128,candidate-single-roundtrip-npgsqlbatch-set-and-read,True,True,378,1,99.73544973544973,45712,45712,0,1296,1305,-0.6944444444444444,378,190,1323,1135,189,189,189,189,189,189,True,True,1144088277,modeled-pass
189,189,medium-record,1024,candidate-current-npgsqlbatch-set-plus-getmultiple,True,True,378,2,99.47089947089947,45712,45712,0,2779,2629,5.397625044980209,378,190,1323,1135,189,189,189,189,189,189,True,True,1147866815,modeled-pass
189,189,medium-record,1024,candidate-chunked-100-npgsqlbatch-set-plus-getmultiple,True,True,378,3,99.2063492063492,45712,45712,0,2779,2729,1.7992083483267363,378,190,1323,1135,189,189,189,189,189,189,True,True,1147866815,modeled-pass
189,189,medium-record,1024,candidate-single-roundtrip-npgsqlbatch-set-and-read,True,True,378,1,99.73544973544973,45712,45712,0,2779,2818,-1.4033825116948542,378,190,1323,1135,189,189,189,189,189,189,True,True,1147866815,modeled-pass
189,189,large-record,4096,candidate-current-npgsqlbatch-set-plus-getmultiple,True,True,378,2,99.47089947089947,45712,45712,0,6706,6150,8.291082612585743,378,190,1323,1135,189,189,189,189,189,189,True,True,1897771329,modeled-pass
189,189,large-record,4096,candidate-chunked-100-npgsqlbatch-set-plus-getmultiple,True,True,378,3,99.2063492063492,45712,45712,0,6706,6614,1.3719057560393677,378,190,1323,1135,189,189,189,189,189,189,True,True,1897771329,modeled-pass
189,189,large-record,4096,candidate-single-roundtrip-npgsqlbatch-set-and-read,True,True,378,1,99.73544973544973,45712,45712,0,6706,6635,1.0587533552042947,378,190,1323,1135,189,189,189,189,189,189,True,True,1897771329,modeled-pass
190,190,small-record,128,candidate-current-npgsqlbatch-set-plus-getmultiple,True,True,380,2,99.47368421052632,45712,45712,0,948,999,-5.379746835443038,380,191,1330,1141,190,190,190,190,190,190,True,True,1512071624,modeled-pass
190,190,small-record,128,candidate-chunked-100-npgsqlbatch-set-plus-getmultiple,True,True,380,3,99.21052631578948,45712,45712,0,948,1015,-7.067510548523207,380,191,1330,1141,190,190,190,190,190,190,True,True,1512071624,modeled-pass
190,190,small-record,128,candidate-single-roundtrip-npgsqlbatch-set-and-read,True,True,380,1,99.73684210526316,45712,45712,0,948,993,-4.746835443037975,380,191,1330,1141,190,190,190,190,190,190,True,True,1512071624,modeled-pass
190,190,medium-record,1024,candidate-current-npgsqlbatch-set-plus-getmultiple,True,True,380,2,99.47368421052632,45712,45712,0,2621,2250,14.154902708889736,380,191,1330,1141,190,190,190,190,190,190,True,True,1943028514,modeled-pass
190,190,medium-record,1024,candidate-chunked-100-npgsqlbatch-set-plus-getmultiple,True,True,380,3,99.21052631578948,45712,45712,0,2621,5232,-99.61846623426173,380,191,1330,1141,190,190,190,190,190,190,True,True,1943028514,modeled-pass
190,190,medium-record,1024,candidate-single-roundtrip-npgsqlbatch-set-and-read,True,True,380,1,99.73684210526316,45712,45712,0,2621,2518,3.9297977871041585,380,191,1330,1141,190,190,190,190,190,190,True,True,1943028514,modeled-pass
190,190,large-record,4096,candidate-current-npgsqlbatch-set-plus-getmultiple,True,True,380,2,99.47368421052632,45712,45712,0,6829,7093,-3.865866159027676,380,191,1330,1141,190,190,190,190,190,190,True,True,1297393678,modeled-pass
190,190,large-record,4096,candidate-chunked-100-npgsqlbatch-set-plus-getmultiple,True,True,380,3,99.21052631578948,45712,45712,0,6829,6537,4.275882266803339,380,191,1330,1141,190,190,190,190,190,190,True,True,1297393678,modeled-pass
190,190,large-record,4096,candidate-single-roundtrip-npgsqlbatch-set-and-read,True,True,380,1,99.73684210526316,45712,45712,0,6829,6524,4.466246888270611,380,191,1330,1141,190,190,190,190,190,190,True,True,1297393678,modeled-pass
191,191,small-record,128,candidate-current-npgsqlbatch-set-plus-getmultiple,True,True,382,2,99.47643979057591,45712,45712,0,1440,1348,6.388888888888889,382,192,1337,1147,191,191,191,191,191,191,True,True,-1967768119,modeled-pass
191,191,small-record,128,candidate-chunked-100-npgsqlbatch-set-plus-getmultiple,True,True,382,3,99.21465968586388,45712,45712,0,1440,975,32.291666666666664,382,192,1337,1147,191,191,191,191,191,191,True,True,-1967768119,modeled-pass
191,191,small-record,128,candidate-single-roundtrip-npgsqlbatch-set-and-read,True,True,382,1,99.73821989528795,45712,45712,0,1440,986,31.52777777777778,382,192,1337,1147,191,191,191,191,191,191,True,True,-1967768119,modeled-pass
191,191,medium-record,1024,candidate-current-npgsqlbatch-set-plus-getmultiple,True,True,382,2,99.47643979057591,45712,45712,0,2142,2361,-10.224089635854341,382,192,1337,1147,191,191,191,191,191,191,True,True,35301553,modeled-pass
191,191,medium-record,1024,candidate-chunked-100-npgsqlbatch-set-plus-getmultiple,True,True,382,3,99.21465968586388,45712,45712,0,2142,2725,-27.217553688141923,382,192,1337,1147,191,191,191,191,191,191,True,True,35301553,modeled-pass
191,191,medium-record,1024,candidate-single-roundtrip-npgsqlbatch-set-and-read,True,True,382,1,99.73821989528795,45712,45712,0,2142,2708,-26.42390289449113,382,192,1337,1147,191,191,191,191,191,191,True,True,35301553,modeled-pass
191,191,large-record,4096,candidate-current-npgsqlbatch-set-plus-getmultiple,True,True,382,2,99.47643979057591,45712,45712,0,6519,7759,-19.021322288694584,382,192,1337,1147,191,191,191,191,191,191,True,True,-1573074683,modeled-pass
191,191,large-record,4096,candidate-chunked-100-npgsqlbatch-set-plus-getmultiple,True,True,382,3,99.21465968586388,45712,45712,0,6519,7360,-12.900751649025924,382,192,1337,1147,191,191,191,191,191,191,True,True,-1573074683,modeled-pass
191,191,large-record,4096,candidate-single-roundtrip-npgsqlbatch-set-and-read,True,True,382,1,99.73821989528795,45712,45712,0,6519,6714,-2.991256327657616,382,192,1337,1147,191,191,191,191,191,191,True,True,-1573074683,modeled-pass
192,192,small-record,128,candidate-current-npgsqlbatch-set-plus-getmultiple,True,True,384,2,99.47916666666667,45712,45712,0,851,958,-12.573443008225617,384,193,1344,1153,192,192,192,192,192,192,True,True,-159639750,modeled-pass
192,192,small-record,128,candidate-chunked-100-npgsqlbatch-set-plus-getmultiple,True,True,384,3,99.21875,45712,45712,0,851,905,-6.345475910693302,384,193,1344,1153,192,192,192,192,192,192,True,True,-159639750,modeled-pass
192,192,small-record,128,candidate-single-roundtrip-npgsqlbatch-set-and-read,True,True,384,1,99.73958333333333,45712,45712,0,851,989,-16.216216216216218,384,193,1344,1153,192,192,192,192,192,192,True,True,-159639750,modeled-pass
192,192,medium-record,1024,candidate-current-npgsqlbatch-set-plus-getmultiple,True,True,384,2,99.47916666666667,45712,45712,0,2773,2341,15.57879552830869,384,193,1344,1153,192,192,192,192,192,192,True,True,-936992306,modeled-pass
192,192,medium-record,1024,candidate-chunked-100-npgsqlbatch-set-plus-getmultiple,True,True,384,3,99.21875,45712,45712,0,2773,3157,-13.847818247385502,384,193,1344,1153,192,192,192,192,192,192,True,True,-936992306,modeled-pass
192,192,medium-record,1024,candidate-single-roundtrip-npgsqlbatch-set-and-read,True,True,384,1,99.73958333333333,45712,45712,0,2773,2839,-2.3800937612693835,384,193,1344,1153,192,192,192,192,192,192,True,True,-936992306,modeled-pass
192,192,large-record,4096,candidate-current-npgsqlbatch-set-plus-getmultiple,True,True,384,2,99.47916666666667,45712,45712,0,7312,7536,-3.063457330415755,384,193,1344,1153,192,192,192,192,192,192,True,True,-2040267162,modeled-pass
192,192,large-record,4096,candidate-chunked-100-npgsqlbatch-set-plus-getmultiple,True,True,384,3,99.21875,45712,45712,0,7312,8217,-12.37691466083151,384,193,1344,1153,192,192,192,192,192,192,True,True,-2040267162,modeled-pass
192,192,large-record,4096,candidate-single-roundtrip-npgsqlbatch-set-and-read,True,True,384,1,99.73958333333333,45712,45712,0,7312,8783,-20.117614879649892,384,193,1344,1153,192,192,192,192,192,192,True,True,-2040267162,modeled-pass
193,193,small-record,128,candidate-current-npgsqlbatch-set-plus-getmultiple,True,True,386,2,99.48186528497409,45712,45712,0,1687,1556,7.765263781861292,386,194,1351,1159,193,193,193,193,193,193,True,True,952876114,modeled-pass
193,193,small-record,128,candidate-chunked-100-npgsqlbatch-set-plus-getmultiple,True,True,386,3,99.22279792746114,45712,45712,0,1687,1146,32.06876111440427,386,194,1351,1159,193,193,193,193,193,193,True,True,952876114,modeled-pass
193,193,small-record,128,candidate-single-roundtrip-npgsqlbatch-set-and-read,True,True,386,1,99.74093264248705,45712,45712,0,1687,1103,34.61766449318316,386,194,1351,1159,193,193,193,193,193,193,True,True,952876114,modeled-pass
193,193,medium-record,1024,candidate-current-npgsqlbatch-set-plus-getmultiple,True,True,386,2,99.48186528497409,45712,45712,0,2817,2470,12.318068867589634,386,194,1351,1159,193,193,193,193,193,193,True,True,35863117,modeled-pass
193,193,medium-record,1024,candidate-chunked-100-npgsqlbatch-set-plus-getmultiple,True,True,386,3,99.22279792746114,45712,45712,0,2817,2845,-0.9939652112176074,386,194,1351,1159,193,193,193,193,193,193,True,True,35863117,modeled-pass
193,193,medium-record,1024,candidate-single-roundtrip-npgsqlbatch-set-and-read,True,True,386,1,99.74093264248705,45712,45712,0,2817,2943,-4.472843450479234,386,194,1351,1159,193,193,193,193,193,193,True,True,35863117,modeled-pass
193,193,large-record,4096,candidate-current-npgsqlbatch-set-plus-getmultiple,True,True,386,2,99.48186528497409,45712,45712,0,7703,9778,-26.937556796053485,386,194,1351,1159,193,193,193,193,193,193,True,True,-1469352963,modeled-pass
193,193,large-record,4096,candidate-chunked-100-npgsqlbatch-set-plus-getmultiple,True,True,386,3,99.22279792746114,45712,45712,0,7703,7187,6.698688822536674,386,194,1351,1159,193,193,193,193,193,193,True,True,-1469352963,modeled-pass
193,193,large-record,4096,candidate-single-roundtrip-npgsqlbatch-set-and-read,True,True,386,1,99.74093264248705,45712,45712,0,7703,7471,3.011813579125016,386,194,1351,1159,193,193,193,193,193,193,True,True,-1469352963,modeled-pass
194,194,small-record,128,candidate-current-npgsqlbatch-set-plus-getmultiple,True,True,388,2,99.48453608247422,45712,45712,0,1393,1071,23.115577889447238,388,195,1358,1165,194,194,194,194,194,194,True,True,-1503019124,modeled-pass
194,194,small-record,128,candidate-chunked-100-npgsqlbatch-set-plus-getmultiple,True,True,388,3,99.22680412371135,45712,45712,0,1393,1386,0.5025125628140703,388,195,1358,1165,194,194,194,194,194,194,True,True,-1503019124,modeled-pass
194,194,small-record,128,candidate-single-roundtrip-npgsqlbatch-set-and-read,True,True,388,1,99.74226804123711,45712,45712,0,1393,1455,-4.450825556353195,388,195,1358,1165,194,194,194,194,194,194,True,True,-1503019124,modeled-pass
194,194,medium-record,1024,candidate-current-npgsqlbatch-set-plus-getmultiple,True,True,388,2,99.48453608247422,45712,45712,0,3069,3024,1.466275659824047,388,195,1358,1165,194,194,194,194,194,194,True,True,-238367349,modeled-pass
194,194,medium-record,1024,candidate-chunked-100-npgsqlbatch-set-plus-getmultiple,True,True,388,3,99.22680412371135,45712,45712,0,3069,2997,2.346041055718475,388,195,1358,1165,194,194,194,194,194,194,True,True,-238367349,modeled-pass
194,194,medium-record,1024,candidate-single-roundtrip-npgsqlbatch-set-and-read,True,True,388,1,99.74226804123711,45712,45712,0,3069,2778,9.481915933528837,388,195,1358,1165,194,194,194,194,194,194,True,True,-238367349,modeled-pass
194,194,large-record,4096,candidate-current-npgsqlbatch-set-plus-getmultiple,True,True,388,2,99.48453608247422,45712,45712,0,7265,7244,0.289057123193393,388,195,1358,1165,194,194,194,194,194,194,True,True,-391475981,modeled-pass
194,194,large-record,4096,candidate-chunked-100-npgsqlbatch-set-plus-getmultiple,True,True,388,3,99.22680412371135,45712,45712,0,7265,7753,-6.717136958017894,388,195,1358,1165,194,194,194,194,194,194,True,True,-391475981,modeled-pass
194,194,large-record,4096,candidate-single-roundtrip-npgsqlbatch-set-and-read,True,True,388,1,99.74226804123711,45712,45712,0,7265,6323,12.96627666896077,388,195,1358,1165,194,194,194,194,194,194,True,True,-391475981,modeled-pass
195,195,small-record,128,candidate-current-npgsqlbatch-set-plus-getmultiple,True,True,390,2,99.48717948717949,45712,45712,0,915,925,-1.092896174863388,390,196,1365,1171,195,195,195,195,195,195,True,True,165111106,modeled-pass
195,195,small-record,128,candidate-chunked-100-npgsqlbatch-set-plus-getmultiple,True,True,390,3,99.23076923076923,45712,45712,0,915,1033,-12.896174863387978,390,196,1365,1171,195,195,195,195,195,195,True,True,165111106,modeled-pass
195,195,small-record,128,candidate-single-roundtrip-npgsqlbatch-set-and-read,True,True,390,1,99.74358974358974,45712,45712,0,915,1139,-24.48087431693989,390,196,1365,1171,195,195,195,195,195,195,True,True,165111106,modeled-pass
195,195,medium-record,1024,candidate-current-npgsqlbatch-set-plus-getmultiple,True,True,390,2,99.48717948717949,45712,45712,0,2114,2245,-6.19678334910123,390,196,1365,1171,195,195,195,195,195,195,True,True,-267283631,modeled-pass
195,195,medium-record,1024,candidate-chunked-100-npgsqlbatch-set-plus-getmultiple,True,True,390,3,99.23076923076923,45712,45712,0,2114,2090,1.1352885525070955,390,196,1365,1171,195,195,195,195,195,195,True,True,-267283631,modeled-pass
195,195,medium-record,1024,candidate-single-roundtrip-npgsqlbatch-set-and-read,True,True,390,1,99.74358974358974,45712,45712,0,2114,2155,-1.9394512771996215,390,196,1365,1171,195,195,195,195,195,195,True,True,-267283631,modeled-pass
195,195,large-record,4096,candidate-current-npgsqlbatch-set-plus-getmultiple,True,True,390,2,99.48717948717949,45712,45712,0,6582,6752,-2.582801580066849,390,196,1365,1171,195,195,195,195,195,195,True,True,-1095798163,modeled-pass
195,195,large-record,4096,candidate-chunked-100-npgsqlbatch-set-plus-getmultiple,True,True,390,3,99.23076923076923,45712,45712,0,6582,6704,-1.8535399574597387,390,196,1365,1171,195,195,195,195,195,195,True,True,-1095798163,modeled-pass
195,195,large-record,4096,candidate-single-roundtrip-npgsqlbatch-set-and-read,True,True,390,1,99.74358974358974,45712,45712,0,6582,6987,-6.153144940747493,390,196,1365,1171,195,195,195,195,195,195,True,True,-1095798163,modeled-pass
196,196,small-record,128,candidate-current-npgsqlbatch-set-plus-getmultiple,True,True,392,2,99.48979591836735,45712,45712,0,977,1023,-4.7082906857727735,392,197,1372,1177,196,196,196,196,196,196,True,True,575645736,modeled-pass
196,196,small-record,128,candidate-chunked-100-npgsqlbatch-set-plus-getmultiple,True,True,392,3,99.23469387755102,45712,45712,0,977,1041,-6.550665301944729,392,197,1372,1177,196,196,196,196,196,196,True,True,575645736,modeled-pass
196,196,small-record,128,candidate-single-roundtrip-npgsqlbatch-set-and-read,True,True,392,1,99.74489795918367,45712,45712,0,977,1083,-10.849539406345958,392,197,1372,1177,196,196,196,196,196,196,True,True,575645736,modeled-pass
196,196,medium-record,1024,candidate-current-npgsqlbatch-set-plus-getmultiple,True,True,392,2,99.48979591836735,45712,45712,0,2283,2451,-7.35873850197109,392,197,1372,1177,196,196,196,196,196,196,True,True,-22320726,modeled-pass
196,196,medium-record,1024,candidate-chunked-100-npgsqlbatch-set-plus-getmultiple,True,True,392,3,99.23469387755102,45712,45712,0,2283,2352,-3.0223390275952693,392,197,1372,1177,196,196,196,196,196,196,True,True,-22320726,modeled-pass
196,196,medium-record,1024,candidate-single-roundtrip-npgsqlbatch-set-and-read,True,True,392,1,99.74489795918367,45712,45712,0,2283,2393,-4.818221638195357,392,197,1372,1177,196,196,196,196,196,196,True,True,-22320726,modeled-pass
196,196,large-record,4096,candidate-current-npgsqlbatch-set-plus-getmultiple,True,True,392,2,99.48979591836735,45712,45712,0,6871,6828,0.6258186581283656,392,197,1372,1177,196,196,196,196,196,196,True,True,-1295623779,modeled-pass
196,196,large-record,4096,candidate-chunked-100-npgsqlbatch-set-plus-getmultiple,True,True,392,3,99.23469387755102,45712,45712,0,6871,6751,1.7464706738466016,392,197,1372,1177,196,196,196,196,196,196,True,True,-1295623779,modeled-pass
196,196,large-record,4096,candidate-single-roundtrip-npgsqlbatch-set-and-read,True,True,392,1,99.74489795918367,45712,45712,0,6871,7167,-4.307960995488284,392,197,1372,1177,196,196,196,196,196,196,True,True,-1295623779,modeled-pass
197,197,small-record,128,candidate-current-npgsqlbatch-set-plus-getmultiple,True,True,394,2,99.49238578680203,45712,45712,0,1202,1064,11.480865224625624,394,198,1379,1183,197,197,197,197,197,197,True,True,714117372,modeled-pass
197,197,small-record,128,candidate-chunked-100-npgsqlbatch-set-plus-getmultiple,True,True,394,3,99.23857868020305,45712,45712,0,1202,1158,3.660565723793677,394,198,1379,1183,197,197,197,197,197,197,True,True,714117372,modeled-pass
197,197,small-record,128,candidate-single-roundtrip-npgsqlbatch-set-and-read,True,True,394,1,99.74619289340102,45712,45712,0,1202,1073,10.732113144758735,394,198,1379,1183,197,197,197,197,197,197,True,True,714117372,modeled-pass
197,197,medium-record,1024,candidate-current-npgsqlbatch-set-plus-getmultiple,True,True,394,2,99.49238578680203,45712,45712,0,2278,2231,2.0632133450395083,394,198,1379,1183,197,197,197,197,197,197,True,True,800331938,modeled-pass
197,197,medium-record,1024,candidate-chunked-100-npgsqlbatch-set-plus-getmultiple,True,True,394,3,99.23857868020305,45712,45712,0,2278,2310,-1.404741000877963,394,198,1379,1183,197,197,197,197,197,197,True,True,800331938,modeled-pass
197,197,medium-record,1024,candidate-single-roundtrip-npgsqlbatch-set-and-read,True,True,394,1,99.74619289340102,45712,45712,0,2278,2363,-3.7313432835820897,394,198,1379,1183,197,197,197,197,197,197,True,True,800331938,modeled-pass
197,197,large-record,4096,candidate-current-npgsqlbatch-set-plus-getmultiple,True,True,394,2,99.49238578680203,45712,45712,0,6786,7049,-3.875626289419393,394,198,1379,1183,197,197,197,197,197,197,True,True,1418250142,modeled-pass
197,197,large-record,4096,candidate-chunked-100-npgsqlbatch-set-plus-getmultiple,True,True,394,3,99.23857868020305,45712,45712,0,6786,6474,4.597701149425287,394,198,1379,1183,197,197,197,197,197,197,True,True,1418250142,modeled-pass
197,197,large-record,4096,candidate-single-roundtrip-npgsqlbatch-set-and-read,True,True,394,1,99.74619289340102,45712,45712,0,6786,7157,-5.467138225758916,394,198,1379,1183,197,197,197,197,197,197,True,True,1418250142,modeled-pass
198,198,small-record,128,candidate-current-npgsqlbatch-set-plus-getmultiple,True,True,396,2,99.4949494949495,55120,55120,0,1073,1081,-0.7455731593662628,396,199,1386,1189,198,198,198,198,198,198,True,True,-1538653145,modeled-pass
198,198,small-record,128,candidate-chunked-100-npgsqlbatch-set-plus-getmultiple,True,True,396,3,99.24242424242425,55120,55120,0,1073,1094,-1.95712954333644,396,199,1386,1189,198,198,198,198,198,198,True,True,-1538653145,modeled-pass
198,198,small-record,128,candidate-single-roundtrip-npgsqlbatch-set-and-read,True,True,396,1,99.74747474747475,55120,55120,0,1073,1067,0.5591798695246971,396,199,1386,1189,198,198,198,198,198,198,True,True,-1538653145,modeled-pass
198,198,medium-record,1024,candidate-current-npgsqlbatch-set-plus-getmultiple,True,True,396,2,99.4949494949495,55120,55120,0,2315,2244,3.0669546436285096,396,199,1386,1189,198,198,198,198,198,198,True,True,-438955116,modeled-pass
198,198,medium-record,1024,candidate-chunked-100-npgsqlbatch-set-plus-getmultiple,True,True,396,3,99.24242424242425,55120,55120,0,2315,2318,-0.12958963282937366,396,199,1386,1189,198,198,198,198,198,198,True,True,-438955116,modeled-pass
198,198,medium-record,1024,candidate-single-roundtrip-npgsqlbatch-set-and-read,True,True,396,1,99.74747474747475,55120,55120,0,2315,2253,2.678185745140389,396,199,1386,1189,198,198,198,198,198,198,True,True,-438955116,modeled-pass
198,198,large-record,4096,candidate-current-npgsqlbatch-set-plus-getmultiple,True,True,396,2,99.4949494949495,55120,55120,0,6429,6578,-2.317623269559807,396,199,1386,1189,198,198,198,198,198,198,True,True,-539613328,modeled-pass
198,198,large-record,4096,candidate-chunked-100-npgsqlbatch-set-plus-getmultiple,True,True,396,3,99.24242424242425,55120,55120,0,6429,6820,-6.081816767771038,396,199,1386,1189,198,198,198,198,198,198,True,True,-539613328,modeled-pass
198,198,large-record,4096,candidate-single-roundtrip-npgsqlbatch-set-and-read,True,True,396,1,99.74747474747475,55120,55120,0,6429,6912,-7.512832477834811,396,199,1386,1189,198,198,198,198,198,198,True,True,-539613328,modeled-pass
199,199,small-record,128,candidate-current-npgsqlbatch-set-plus-getmultiple,True,True,398,2,99.49748743718592,55120,55120,0,932,939,-0.7510729613733905,398,200,1393,1195,199,199,199,199,199,199,True,True,-918690672,modeled-pass
199,199,small-record,128,candidate-chunked-100-npgsqlbatch-set-plus-getmultiple,True,True,398,3,99.2462311557789,55120,55120,0,932,934,-0.2145922746781116,398,200,1393,1195,199,199,199,199,199,199,True,True,-918690672,modeled-pass
199,199,small-record,128,candidate-single-roundtrip-npgsqlbatch-set-and-read,True,True,398,1,99.74874371859296,55120,55120,0,932,1369,-46.88841201716738,398,200,1393,1195,199,199,199,199,199,199,True,True,-918690672,modeled-pass
199,199,medium-record,1024,candidate-current-npgsqlbatch-set-plus-getmultiple,True,True,398,2,99.49748743718592,55120,55120,0,2232,2296,-2.867383512544803,398,200,1393,1195,199,199,199,199,199,199,True,True,620505943,modeled-pass
199,199,medium-record,1024,candidate-chunked-100-npgsqlbatch-set-plus-getmultiple,True,True,398,3,99.2462311557789,55120,55120,0,2232,2316,-3.763440860215054,398,200,1393,1195,199,199,199,199,199,199,True,True,620505943,modeled-pass
199,199,medium-record,1024,candidate-single-roundtrip-npgsqlbatch-set-and-read,True,True,398,1,99.74874371859296,55120,55120,0,2232,2293,-2.7329749103942653,398,200,1393,1195,199,199,199,199,199,199,True,True,620505943,modeled-pass
199,199,large-record,4096,candidate-current-npgsqlbatch-set-plus-getmultiple,True,True,398,2,99.49748743718592,55120,55120,0,6837,7112,-4.022231973087612,398,200,1393,1195,199,199,199,199,199,199,True,True,1449197306,modeled-pass
199,199,large-record,4096,candidate-chunked-100-npgsqlbatch-set-plus-getmultiple,True,True,398,3,99.2462311557789,55120,55120,0,6837,7374,-7.854322071083809,398,200,1393,1195,199,199,199,199,199,199,True,True,1449197306,modeled-pass
199,199,large-record,4096,candidate-single-roundtrip-npgsqlbatch-set-and-read,True,True,398,1,99.74874371859296,55120,55120,0,6837,8066,-17.975720345180633,398,200,1393,1195,199,199,199,199,199,199,True,True,1449197306,modeled-pass
200,200,small-record,128,candidate-current-npgsqlbatch-set-plus-getmultiple,True,True,400,2,99.5,55120,55120,0,1165,1198,-2.832618025751073,400,201,1400,1201,200,200,200,200,200,200,True,True,-1595161803,modeled-pass
200,200,small-record,128,candidate-chunked-100-npgsqlbatch-set-plus-getmultiple,True,True,400,3,99.25,55120,55120,0,1165,1147,1.5450643776824033,400,201,1400,1201,200,200,200,200,200,200,True,True,-1595161803,modeled-pass
200,200,small-record,128,candidate-single-roundtrip-npgsqlbatch-set-and-read,True,True,400,1,99.75,55120,55120,0,1165,1032,11.416309012875537,400,201,1400,1201,200,200,200,200,200,200,True,True,-1595161803,modeled-pass
200,200,medium-record,1024,candidate-current-npgsqlbatch-set-plus-getmultiple,True,True,400,2,99.5,55120,55120,0,8163,2426,70.28053411735881,400,201,1400,1201,200,200,200,200,200,200,True,True,-648030708,modeled-pass
200,200,medium-record,1024,candidate-chunked-100-npgsqlbatch-set-plus-getmultiple,True,True,400,3,99.25,55120,55120,0,8163,2403,70.56229327453143,400,201,1400,1201,200,200,200,200,200,200,True,True,-648030708,modeled-pass
200,200,medium-record,1024,candidate-single-roundtrip-npgsqlbatch-set-and-read,True,True,400,1,99.75,55120,55120,0,8163,2647,67.57319612887419,400,201,1400,1201,200,200,200,200,200,200,True,True,-648030708,modeled-pass
200,200,large-record,4096,candidate-current-npgsqlbatch-set-plus-getmultiple,True,True,400,2,99.5,55120,55120,0,7100,7021,1.1126760563380282,400,201,1400,1201,200,200,200,200,200,200,True,True,1029877217,modeled-pass
200,200,large-record,4096,candidate-chunked-100-npgsqlbatch-set-plus-getmultiple,True,True,400,3,99.25,55120,55120,0,7100,6567,7.507042253521127,400,201,1400,1201,200,200,200,200,200,200,True,True,1029877217,modeled-pass
200,200,large-record,4096,candidate-single-roundtrip-npgsqlbatch-set-and-read,True,True,400,1,99.75,55120,55120,0,7100,7147,-0.6619718309859155,400,201,1400,1201,200,200,200,200,200,200,True,True,1029877217,modeled-pass
