iteration,batchSize,payloadName,payloadSize,candidate,accepted,correctnessPassed,baselineRoundTrips,candidateRoundTrips,roundTripReductionPercent,baselineAllocatedBytes,candidateAllocatedBytes,allocationWinPercent,baselineElapsedTicks,candidateElapsedTicks,elapsedWinPercent,baselineCommandCount,candidateCommandCount,baselineParameterCount,candidateParameterCount,baselineRowsWritten,candidateRowsWritten,baselineRowsRead,candidateRowsRead,baselineResultCount,candidateResultCount,resultCountEquality,payloadEquality,payloadFingerprint,postgresqlExecution
1,1,small-record,128,candidate-current-npgsqlbatch-set-plus-getmultiple,False,True,2,2,0,2296,2248,2.0905923344947737,201,60,70.14925373134328,2,2,7,7,1,1,1,1,1,1,True,True,-150643040,modeled-pass
1,1,small-record,128,candidate-chunked-100-npgsqlbatch-set-plus-getmultiple,False,True,2,2,0,2296,2248,2.0905923344947737,201,47,76.61691542288557,2,2,7,7,1,1,1,1,1,1,True,True,-150643040,modeled-pass
1,1,small-record,128,candidate-single-roundtrip-npgsqlbatch-set-and-read,True,True,2,1,50,2296,1960,14.634146341463415,201,41,79.60199004975124,2,2,7,7,1,1,1,1,1,1,True,True,-150643040,modeled-pass
1,1,medium-record,1024,candidate-current-npgsqlbatch-set-plus-getmultiple,False,True,2,2,0,2248,2248,0,45,64,-42.22222222222222,2,2,7,7,1,1,1,1,1,1,True,True,-283532461,modeled-pass
1,1,medium-record,1024,candidate-chunked-100-npgsqlbatch-set-plus-getmultiple,False,True,2,2,0,2248,2248,0,45,55,-22.22222222222222,2,2,7,7,1,1,1,1,1,1,True,True,-283532461,modeled-pass
1,1,medium-record,1024,candidate-single-roundtrip-npgsqlbatch-set-and-read,True,True,2,1,50,2248,2248,0,45,46,-2.2222222222222223,2,2,7,7,1,1,1,1,1,1,True,True,-283532461,modeled-pass
1,1,large-record,4096,candidate-current-npgsqlbatch-set-plus-getmultiple,False,True,2,2,0,2296,2296,0,70,70,0,2,2,7,7,1,1,1,1,1,1,True,True,-676376850,modeled-pass
1,1,large-record,4096,candidate-chunked-100-npgsqlbatch-set-plus-getmultiple,False,True,2,2,0,2296,2248,2.0905923344947737,70,93,-32.857142857142854,2,2,7,7,1,1,1,1,1,1,True,True,-676376850,modeled-pass
1,1,large-record,4096,candidate-single-roundtrip-npgsqlbatch-set-and-read,True,True,2,1,50,2296,2248,2.0905923344947737,70,89,-27.142857142857142,2,2,7,7,1,1,1,1,1,1,True,True,-676376850,modeled-pass
2,2,small-record,128,candidate-current-npgsqlbatch-set-plus-getmultiple,True,True,4,2,50,2248,2248,0,56,56,0,4,3,14,13,2,2,2,2,2,2,True,True,-2118378760,modeled-pass
2,2,small-record,128,candidate-chunked-100-npgsqlbatch-set-plus-getmultiple,True,True,4,2,50,2248,2248,0,56,58,-3.5714285714285716,4,3,14,13,2,2,2,2,2,2,True,True,-2118378760,modeled-pass
2,2,small-record,128,candidate-single-roundtrip-npgsqlbatch-set-and-read,True,True,4,1,75,2248,2248,0,56,73,-30.357142857142858,4,3,14,13,2,2,2,2,2,2,True,True,-2118378760,modeled-pass
2,2,medium-record,1024,candidate-current-npgsqlbatch-set-plus-getmultiple,True,True,4,2,50,2248,2296,-2.1352313167259784,67,70,-4.477611940298507,4,3,14,13,2,2,2,2,2,2,True,True,434266297,modeled-pass
2,2,medium-record,1024,candidate-chunked-100-npgsqlbatch-set-plus-getmultiple,True,True,4,2,50,2248,2296,-2.1352313167259784,67,67,0,4,3,14,13,2,2,2,2,2,2,True,True,434266297,modeled-pass
2,2,medium-record,1024,candidate-single-roundtrip-npgsqlbatch-set-and-read,True,True,4,1,75,2248,2248,0,67,70,-4.477611940298507,4,3,14,13,2,2,2,2,2,2,True,True,434266297,modeled-pass
2,2,large-record,4096,candidate-current-npgsqlbatch-set-plus-getmultiple,True,True,4,2,50,2248,2296,-2.1352313167259784,130,132,-1.5384615384615385,4,3,14,13,2,2,2,2,2,2,True,True,-1529514685,modeled-pass
2,2,large-record,4096,candidate-chunked-100-npgsqlbatch-set-plus-getmultiple,True,True,4,2,50,2248,2296,-2.1352313167259784,130,117,10,4,3,14,13,2,2,2,2,2,2,True,True,-1529514685,modeled-pass
2,2,large-record,4096,candidate-single-roundtrip-npgsqlbatch-set-and-read,True,True,4,1,75,2248,2296,-2.1352313167259784,130,110,15.384615384615385,4,3,14,13,2,2,2,2,2,2,True,True,-1529514685,modeled-pass
3,3,small-record,128,candidate-current-npgsqlbatch-set-plus-getmultiple,True,True,6,2,66.66666666666667,2296,2248,2.0905923344947737,88,90,-2.272727272727273,6,4,21,19,3,3,3,3,3,3,True,True,1663226263,modeled-pass
3,3,small-record,128,candidate-chunked-100-npgsqlbatch-set-plus-getmultiple,True,True,6,2,66.66666666666667,2296,2248,2.0905923344947737,88,94,-6.818181818181818,6,4,21,19,3,3,3,3,3,3,True,True,1663226263,modeled-pass
3,3,small-record,128,candidate-single-roundtrip-npgsqlbatch-set-and-read,True,True,6,1,83.33333333333333,2296,2248,2.0905923344947737,88,69,21.59090909090909,6,4,21,19,3,3,3,3,3,3,True,True,1663226263,modeled-pass
3,3,medium-record,1024,candidate-current-npgsqlbatch-set-plus-getmultiple,True,True,6,2,66.66666666666667,2296,2296,0,86,86,0,6,4,21,19,3,3,3,3,3,3,True,True,-49476107,modeled-pass
3,3,medium-record,1024,candidate-chunked-100-npgsqlbatch-set-plus-getmultiple,True,True,6,2,66.66666666666667,2296,2296,0,86,89,-3.488372093023256,6,4,21,19,3,3,3,3,3,3,True,True,-49476107,modeled-pass
3,3,medium-record,1024,candidate-single-roundtrip-npgsqlbatch-set-and-read,True,True,6,1,83.33333333333333,2296,2296,0,86,197,-129.06976744186048,6,4,21,19,3,3,3,3,3,3,True,True,-49476107,modeled-pass
3,3,large-record,4096,candidate-current-npgsqlbatch-set-plus-getmultiple,True,True,6,2,66.66666666666667,2296,2296,0,181,173,4.419889502762431,6,4,21,19,3,3,3,3,3,3,True,True,641680200,modeled-pass
3,3,large-record,4096,candidate-chunked-100-npgsqlbatch-set-plus-getmultiple,True,True,6,2,66.66666666666667,2296,2296,0,181,158,12.707182320441989,6,4,21,19,3,3,3,3,3,3,True,True,641680200,modeled-pass
3,3,large-record,4096,candidate-single-roundtrip-npgsqlbatch-set-and-read,True,True,6,1,83.33333333333333,2296,2296,0,181,172,4.972375690607735,6,4,21,19,3,3,3,3,3,3,True,True,641680200,modeled-pass
4,4,small-record,128,candidate-current-npgsqlbatch-set-plus-getmultiple,True,True,8,2,75,3144,3192,-1.5267175572519085,103,104,-0.970873786407767,8,5,28,25,4,4,4,4,4,4,True,True,-682241942,modeled-pass
4,4,small-record,128,candidate-chunked-100-npgsqlbatch-set-plus-getmultiple,True,True,8,2,75,3144,3144,0,103,108,-4.854368932038835,8,5,28,25,4,4,4,4,4,4,True,True,-682241942,modeled-pass
4,4,small-record,128,candidate-single-roundtrip-npgsqlbatch-set-and-read,True,True,8,1,87.5,3144,3192,-1.5267175572519085,103,83,19.41747572815534,8,5,28,25,4,4,4,4,4,4,True,True,-682241942,modeled-pass
4,4,medium-record,1024,candidate-current-npgsqlbatch-set-plus-getmultiple,True,True,8,2,75,3144,3192,-1.5267175572519085,145,106,26.896551724137932,8,5,28,25,4,4,4,4,4,4,True,True,-1110282939,modeled-pass
4,4,medium-record,1024,candidate-chunked-100-npgsqlbatch-set-plus-getmultiple,True,True,8,2,75,3144,3192,-1.5267175572519085,145,110,24.137931034482758,8,5,28,25,4,4,4,4,4,4,True,True,-1110282939,modeled-pass
4,4,medium-record,1024,candidate-single-roundtrip-npgsqlbatch-set-and-read,True,True,8,1,87.5,3144,3192,-1.5267175572519085,145,104,28.275862068965516,8,5,28,25,4,4,4,4,4,4,True,True,-1110282939,modeled-pass
4,4,large-record,4096,candidate-current-npgsqlbatch-set-plus-getmultiple,True,True,8,2,75,3192,3192,0,194,196,-1.0309278350515463,8,5,28,25,4,4,4,4,4,4,True,True,-762912167,modeled-pass
4,4,large-record,4096,candidate-chunked-100-npgsqlbatch-set-plus-getmultiple,True,True,8,2,75,3192,3192,0,194,215,-10.824742268041238,8,5,28,25,4,4,4,4,4,4,True,True,-762912167,modeled-pass
4,4,large-record,4096,candidate-single-roundtrip-npgsqlbatch-set-and-read,True,True,8,1,87.5,3192,3192,0,194,195,-0.5154639175257731,8,5,28,25,4,4,4,4,4,4,True,True,-762912167,modeled-pass
5,5,small-record,128,candidate-current-npgsqlbatch-set-plus-getmultiple,True,True,10,2,80,3144,3144,0,94,97,-3.1914893617021276,10,6,35,31,5,5,5,5,5,5,True,True,607072603,modeled-pass
5,5,small-record,128,candidate-chunked-100-npgsqlbatch-set-plus-getmultiple,True,True,10,2,80,3144,3192,-1.5267175572519085,94,101,-7.446808510638298,10,6,35,31,5,5,5,5,5,5,True,True,607072603,modeled-pass
5,5,small-record,128,candidate-single-roundtrip-npgsqlbatch-set-and-read,True,True,10,1,90,3144,3192,-1.5267175572519085,94,96,-2.127659574468085,10,6,35,31,5,5,5,5,5,5,True,True,607072603,modeled-pass
5,5,medium-record,1024,candidate-current-npgsqlbatch-set-plus-getmultiple,True,True,10,2,80,3192,3144,1.5037593984962405,129,127,1.550387596899225,10,6,35,31,5,5,5,5,5,5,True,True,-285198776,modeled-pass
5,5,medium-record,1024,candidate-chunked-100-npgsqlbatch-set-plus-getmultiple,True,True,10,2,80,3192,3192,0,129,132,-2.3255813953488373,10,6,35,31,5,5,5,5,5,5,True,True,-285198776,modeled-pass
5,5,medium-record,1024,candidate-single-roundtrip-npgsqlbatch-set-and-read,True,True,10,1,90,3192,2856,10.526315789473685,129,128,0.7751937984496124,10,6,35,31,5,5,5,5,5,5,True,True,-285198776,modeled-pass
5,5,large-record,4096,candidate-current-npgsqlbatch-set-plus-getmultiple,True,True,10,2,80,3192,3192,0,262,266,-1.5267175572519085,10,6,35,31,5,5,5,5,5,5,True,True,1723537977,modeled-pass
5,5,large-record,4096,candidate-chunked-100-npgsqlbatch-set-plus-getmultiple,True,True,10,2,80,3192,3192,0,262,270,-3.053435114503817,10,6,35,31,5,5,5,5,5,5,True,True,1723537977,modeled-pass
5,5,large-record,4096,candidate-single-roundtrip-npgsqlbatch-set-and-read,True,True,10,1,90,3192,3192,0,262,242,7.633587786259542,10,6,35,31,5,5,5,5,5,5,True,True,1723537977,modeled-pass
6,6,small-record,128,candidate-current-npgsqlbatch-set-plus-getmultiple,True,True,12,2,83.33333333333333,3144,3192,-1.5267175572519085,109,115,-5.504587155963303,12,7,42,37,6,6,6,6,6,6,True,True,-570651992,modeled-pass
6,6,small-record,128,candidate-chunked-100-npgsqlbatch-set-plus-getmultiple,True,True,12,2,83.33333333333333,3144,3192,-1.5267175572519085,109,116,-6.422018348623853,12,7,42,37,6,6,6,6,6,6,True,True,-570651992,modeled-pass
6,6,small-record,128,candidate-single-roundtrip-npgsqlbatch-set-and-read,True,True,12,1,91.66666666666667,3144,3192,-1.5267175572519085,109,139,-27.522935779816514,12,7,42,37,6,6,6,6,6,6,True,True,-570651992,modeled-pass
6,6,medium-record,1024,candidate-current-npgsqlbatch-set-plus-getmultiple,True,True,12,2,83.33333333333333,3192,3192,0,150,176,-17.333333333333332,12,7,42,37,6,6,6,6,6,6,True,True,-1144095225,modeled-pass
6,6,medium-record,1024,candidate-chunked-100-npgsqlbatch-set-plus-getmultiple,True,True,12,2,83.33333333333333,3192,3192,0,150,178,-18.666666666666668,12,7,42,37,6,6,6,6,6,6,True,True,-1144095225,modeled-pass
6,6,medium-record,1024,candidate-single-roundtrip-npgsqlbatch-set-and-read,True,True,12,1,91.66666666666667,3192,3192,0,150,150,0,12,7,42,37,6,6,6,6,6,6,True,True,-1144095225,modeled-pass
6,6,large-record,4096,candidate-current-npgsqlbatch-set-plus-getmultiple,True,True,12,2,83.33333333333333,3192,3192,0,283,287,-1.4134275618374559,12,7,42,37,6,6,6,6,6,6,True,True,1262678450,modeled-pass
6,6,large-record,4096,candidate-chunked-100-npgsqlbatch-set-plus-getmultiple,True,True,12,2,83.33333333333333,3192,3192,0,283,289,-2.1201413427561837,12,7,42,37,6,6,6,6,6,6,True,True,1262678450,modeled-pass
6,6,large-record,4096,candidate-single-roundtrip-npgsqlbatch-set-and-read,True,True,12,1,91.66666666666667,3192,3192,0,283,282,0.35335689045936397,12,7,42,37,6,6,6,6,6,6,True,True,1262678450,modeled-pass
7,7,small-record,128,candidate-current-npgsqlbatch-set-plus-getmultiple,True,True,14,2,85.71428571428571,3192,3192,0,146,125,14.383561643835616,14,8,49,43,7,7,7,7,7,7,True,True,-1596488832,modeled-pass
7,7,small-record,128,candidate-chunked-100-npgsqlbatch-set-plus-getmultiple,True,True,14,2,85.71428571428571,3192,3192,0,146,128,12.32876712328767,14,8,49,43,7,7,7,7,7,7,True,True,-1596488832,modeled-pass
7,7,small-record,128,candidate-single-roundtrip-npgsqlbatch-set-and-read,True,True,14,1,92.85714285714286,3192,3192,0,146,122,16.438356164383563,14,8,49,43,7,7,7,7,7,7,True,True,-1596488832,modeled-pass
7,7,medium-record,1024,candidate-current-npgsqlbatch-set-plus-getmultiple,True,True,14,2,85.71428571428571,3192,3192,0,189,169,10.582010582010582,14,8,49,43,7,7,7,7,7,7,True,True,-1303888400,modeled-pass
7,7,medium-record,1024,candidate-chunked-100-npgsqlbatch-set-plus-getmultiple,True,True,14,2,85.71428571428571,3192,3192,0,189,174,7.936507936507937,14,8,49,43,7,7,7,7,7,7,True,True,-1303888400,modeled-pass
7,7,medium-record,1024,candidate-single-roundtrip-npgsqlbatch-set-and-read,True,True,14,1,92.85714285714286,3192,2904,9.022556390977444,189,198,-4.761904761904762,14,8,49,43,7,7,7,7,7,7,True,True,-1303888400,modeled-pass
7,7,large-record,4096,candidate-current-npgsqlbatch-set-plus-getmultiple,True,True,14,2,85.71428571428571,3192,2904,9.022556390977444,515,350,32.03883495145631,14,8,49,43,7,7,7,7,7,7,True,True,-660534540,modeled-pass
7,7,large-record,4096,candidate-chunked-100-npgsqlbatch-set-plus-getmultiple,True,True,14,2,85.71428571428571,3192,3192,0,515,334,35.14563106796116,14,8,49,43,7,7,7,7,7,7,True,True,-660534540,modeled-pass
7,7,large-record,4096,candidate-single-roundtrip-npgsqlbatch-set-and-read,True,True,14,1,92.85714285714286,3192,3192,0,515,325,36.89320388349515,14,8,49,43,7,7,7,7,7,7,True,True,-660534540,modeled-pass
8,8,small-record,128,candidate-current-npgsqlbatch-set-plus-getmultiple,True,True,16,2,87.5,4088,4088,0,159,140,11.949685534591195,16,9,56,49,8,8,8,8,8,8,True,True,1735129504,modeled-pass
8,8,small-record,128,candidate-chunked-100-npgsqlbatch-set-plus-getmultiple,True,True,16,2,87.5,4088,4088,0,159,139,12.578616352201259,16,9,56,49,8,8,8,8,8,8,True,True,1735129504,modeled-pass
8,8,small-record,128,candidate-single-roundtrip-npgsqlbatch-set-and-read,True,True,16,1,93.75,4088,4088,0,159,134,15.723270440251572,16,9,56,49,8,8,8,8,8,8,True,True,1735129504,modeled-pass
8,8,medium-record,1024,candidate-current-npgsqlbatch-set-plus-getmultiple,True,True,16,2,87.5,4088,4088,0,189,189,0,16,9,56,49,8,8,8,8,8,8,True,True,1768321601,modeled-pass
8,8,medium-record,1024,candidate-chunked-100-npgsqlbatch-set-plus-getmultiple,True,True,16,2,87.5,4088,4088,0,189,191,-1.0582010582010581,16,9,56,49,8,8,8,8,8,8,True,True,1768321601,modeled-pass
8,8,medium-record,1024,candidate-single-roundtrip-npgsqlbatch-set-and-read,True,True,16,1,93.75,4088,4088,0,189,188,0.5291005291005291,16,9,56,49,8,8,8,8,8,8,True,True,1768321601,modeled-pass
8,8,large-record,4096,candidate-current-npgsqlbatch-set-plus-getmultiple,True,True,16,2,87.5,4088,4088,0,363,364,-0.27548209366391185,16,9,56,49,8,8,8,8,8,8,True,True,-329942676,modeled-pass
8,8,large-record,4096,candidate-chunked-100-npgsqlbatch-set-plus-getmultiple,True,True,16,2,87.5,4088,4088,0,363,373,-2.7548209366391183,16,9,56,49,8,8,8,8,8,8,True,True,-329942676,modeled-pass
8,8,large-record,4096,candidate-single-roundtrip-npgsqlbatch-set-and-read,True,True,16,1,93.75,4088,4088,0,363,361,0.5509641873278237,16,9,56,49,8,8,8,8,8,8,True,True,-329942676,modeled-pass
9,9,small-record,128,candidate-current-npgsqlbatch-set-plus-getmultiple,True,True,18,2,88.88888888888889,4088,4088,0,170,176,-3.5294117647058822,18,10,63,55,9,9,9,9,9,9,True,True,-1836223594,modeled-pass
9,9,small-record,128,candidate-chunked-100-npgsqlbatch-set-plus-getmultiple,True,True,18,2,88.88888888888889,4088,4088,0,170,153,10,18,10,63,55,9,9,9,9,9,9,True,True,-1836223594,modeled-pass
9,9,small-record,128,candidate-single-roundtrip-npgsqlbatch-set-and-read,True,True,18,1,94.44444444444444,4088,4088,0,170,173,-1.7647058823529411,18,10,63,55,9,9,9,9,9,9,True,True,-1836223594,modeled-pass
9,9,medium-record,1024,candidate-current-npgsqlbatch-set-plus-getmultiple,True,True,18,2,88.88888888888889,4088,4088,0,205,210,-2.4390243902439024,18,10,63,55,9,9,9,9,9,9,True,True,-850683022,modeled-pass
9,9,medium-record,1024,candidate-chunked-100-npgsqlbatch-set-plus-getmultiple,True,True,18,2,88.88888888888889,4088,4088,0,205,212,-3.4146341463414633,18,10,63,55,9,9,9,9,9,9,True,True,-850683022,modeled-pass
9,9,medium-record,1024,candidate-single-roundtrip-npgsqlbatch-set-and-read,True,True,18,1,94.44444444444444,4088,4088,0,205,209,-1.951219512195122,18,10,63,55,9,9,9,9,9,9,True,True,-850683022,modeled-pass
9,9,large-record,4096,candidate-current-npgsqlbatch-set-plus-getmultiple,True,True,18,2,88.88888888888889,4088,4088,0,403,403,0,18,10,63,55,9,9,9,9,9,9,True,True,641604878,modeled-pass
9,9,large-record,4096,candidate-chunked-100-npgsqlbatch-set-plus-getmultiple,True,True,18,2,88.88888888888889,4088,4088,0,403,407,-0.9925558312655087,18,10,63,55,9,9,9,9,9,9,True,True,641604878,modeled-pass
9,9,large-record,4096,candidate-single-roundtrip-npgsqlbatch-set-and-read,True,True,18,1,94.44444444444444,4088,4088,0,403,401,0.49627791563275436,18,10,63,55,9,9,9,9,9,9,True,True,641604878,modeled-pass
10,10,small-record,128,candidate-current-npgsqlbatch-set-plus-getmultiple,True,True,20,2,90,4088,4088,0,184,187,-1.6304347826086956,20,11,70,61,10,10,10,10,10,10,True,True,597869664,modeled-pass
10,10,small-record,128,candidate-chunked-100-npgsqlbatch-set-plus-getmultiple,True,True,20,2,90,4088,4088,0,184,175,4.891304347826087,20,11,70,61,10,10,10,10,10,10,True,True,597869664,modeled-pass
10,10,small-record,128,candidate-single-roundtrip-npgsqlbatch-set-and-read,True,True,20,1,95,4088,4088,0,184,164,10.869565217391305,20,11,70,61,10,10,10,10,10,10,True,True,597869664,modeled-pass
10,10,medium-record,1024,candidate-current-npgsqlbatch-set-plus-getmultiple,True,True,20,2,90,4088,4088,0,245,225,8.16326530612245,20,11,70,61,10,10,10,10,10,10,True,True,1860603816,modeled-pass
10,10,medium-record,1024,candidate-chunked-100-npgsqlbatch-set-plus-getmultiple,True,True,20,2,90,4088,4088,0,245,226,7.755102040816326,20,11,70,61,10,10,10,10,10,10,True,True,1860603816,modeled-pass
10,10,medium-record,1024,candidate-single-roundtrip-npgsqlbatch-set-and-read,True,True,20,1,95,4088,4088,0,245,247,-0.8163265306122449,20,11,70,61,10,10,10,10,10,10,True,True,1860603816,modeled-pass
10,10,large-record,4096,candidate-current-npgsqlbatch-set-plus-getmultiple,True,True,20,2,90,4088,4088,0,526,448,14.828897338403042,20,11,70,61,10,10,10,10,10,10,True,True,-2072276729,modeled-pass
10,10,large-record,4096,candidate-chunked-100-npgsqlbatch-set-plus-getmultiple,True,True,20,2,90,4088,4088,0,526,478,9.125475285171103,20,11,70,61,10,10,10,10,10,10,True,True,-2072276729,modeled-pass
10,10,large-record,4096,candidate-single-roundtrip-npgsqlbatch-set-and-read,True,True,20,1,95,4088,3800,7.045009784735812,526,471,10.456273764258555,20,11,70,61,10,10,10,10,10,10,True,True,-2072276729,modeled-pass
11,11,small-record,128,candidate-current-npgsqlbatch-set-plus-getmultiple,True,True,22,2,90.9090909090909,4088,4088,0,196,178,9.183673469387756,22,12,77,67,11,11,11,11,11,11,True,True,1741659029,modeled-pass
11,11,small-record,128,candidate-chunked-100-npgsqlbatch-set-plus-getmultiple,True,True,22,2,90.9090909090909,4088,4088,0,196,185,5.612244897959184,22,12,77,67,11,11,11,11,11,11,True,True,1741659029,modeled-pass
11,11,small-record,128,candidate-single-roundtrip-npgsqlbatch-set-and-read,True,True,22,1,95.45454545454545,4088,4088,0,196,177,9.693877551020408,22,12,77,67,11,11,11,11,11,11,True,True,1741659029,modeled-pass
11,11,medium-record,1024,candidate-current-npgsqlbatch-set-plus-getmultiple,True,True,22,2,90.9090909090909,4088,4088,0,243,248,-2.05761316872428,22,12,77,67,11,11,11,11,11,11,True,True,-887803905,modeled-pass
11,11,medium-record,1024,candidate-chunked-100-npgsqlbatch-set-plus-getmultiple,True,True,22,2,90.9090909090909,4088,4088,0,243,252,-3.7037037037037037,22,12,77,67,11,11,11,11,11,11,True,True,-887803905,modeled-pass
11,11,medium-record,1024,candidate-single-roundtrip-npgsqlbatch-set-and-read,True,True,22,1,95.45454545454545,4088,4088,0,243,246,-1.2345679012345678,22,12,77,67,11,11,11,11,11,11,True,True,-887803905,modeled-pass
11,11,large-record,4096,candidate-current-npgsqlbatch-set-plus-getmultiple,True,True,22,2,90.9090909090909,4088,4088,0,487,518,-6.365503080082136,22,12,77,67,11,11,11,11,11,11,True,True,2025883775,modeled-pass
11,11,large-record,4096,candidate-chunked-100-npgsqlbatch-set-plus-getmultiple,True,True,22,2,90.9090909090909,4088,4088,0,487,501,-2.8747433264887063,22,12,77,67,11,11,11,11,11,11,True,True,2025883775,modeled-pass
11,11,large-record,4096,candidate-single-roundtrip-npgsqlbatch-set-and-read,True,True,22,1,95.45454545454545,4088,4088,0,487,492,-1.0266940451745379,22,12,77,67,11,11,11,11,11,11,True,True,2025883775,modeled-pass
12,12,small-record,128,candidate-current-npgsqlbatch-set-plus-getmultiple,True,True,24,2,91.66666666666667,5432,5432,0,181,195,-7.734806629834254,24,13,84,73,12,12,12,12,12,12,True,True,-1682406891,modeled-pass
12,12,small-record,128,candidate-chunked-100-npgsqlbatch-set-plus-getmultiple,True,True,24,2,91.66666666666667,5432,5144,5.3019145802650955,181,223,-23.204419889502763,24,13,84,73,12,12,12,12,12,12,True,True,-1682406891,modeled-pass
12,12,small-record,128,candidate-single-roundtrip-npgsqlbatch-set-and-read,True,True,24,1,95.83333333333333,5432,5432,0,181,192,-6.077348066298343,24,13,84,73,12,12,12,12,12,12,True,True,-1682406891,modeled-pass
12,12,medium-record,1024,candidate-current-npgsqlbatch-set-plus-getmultiple,True,True,24,2,91.66666666666667,5432,5432,0,266,289,-8.646616541353383,24,13,84,73,12,12,12,12,12,12,True,True,297961235,modeled-pass
12,12,medium-record,1024,candidate-chunked-100-npgsqlbatch-set-plus-getmultiple,True,True,24,2,91.66666666666667,5432,5432,0,266,271,-1.8796992481203008,24,13,84,73,12,12,12,12,12,12,True,True,297961235,modeled-pass
12,12,medium-record,1024,candidate-single-roundtrip-npgsqlbatch-set-and-read,True,True,24,1,95.83333333333333,5432,5432,0,266,268,-0.7518796992481203,24,13,84,73,12,12,12,12,12,12,True,True,297961235,modeled-pass
12,12,large-record,4096,candidate-current-npgsqlbatch-set-plus-getmultiple,True,True,24,2,91.66666666666667,5432,5432,0,526,532,-1.1406844106463878,24,13,84,73,12,12,12,12,12,12,True,True,1849183313,modeled-pass
12,12,large-record,4096,candidate-chunked-100-npgsqlbatch-set-plus-getmultiple,True,True,24,2,91.66666666666667,5432,5432,0,526,533,-1.3307984790874525,24,13,84,73,12,12,12,12,12,12,True,True,1849183313,modeled-pass
12,12,large-record,4096,candidate-single-roundtrip-npgsqlbatch-set-and-read,True,True,24,1,95.83333333333333,5432,5432,0,526,530,-0.7604562737642585,24,13,84,73,12,12,12,12,12,12,True,True,1849183313,modeled-pass
13,13,small-record,128,candidate-current-npgsqlbatch-set-plus-getmultiple,True,True,26,2,92.3076923076923,5432,5432,0,199,204,-2.512562814070352,26,14,91,79,13,13,13,13,13,13,True,True,205518825,modeled-pass
13,13,small-record,128,candidate-chunked-100-npgsqlbatch-set-plus-getmultiple,True,True,26,2,92.3076923076923,5432,5432,0,199,210,-5.527638190954774,26,14,91,79,13,13,13,13,13,13,True,True,205518825,modeled-pass
13,13,small-record,128,candidate-single-roundtrip-npgsqlbatch-set-and-read,True,True,26,1,96.15384615384616,5432,5144,5.3019145802650955,199,204,-2.512562814070352,26,14,91,79,13,13,13,13,13,13,True,True,205518825,modeled-pass
13,13,medium-record,1024,candidate-current-npgsqlbatch-set-plus-getmultiple,True,True,26,2,92.3076923076923,5432,5432,0,284,286,-0.704225352112676,26,14,91,79,13,13,13,13,13,13,True,True,1819026861,modeled-pass
13,13,medium-record,1024,candidate-chunked-100-npgsqlbatch-set-plus-getmultiple,True,True,26,2,92.3076923076923,5432,5432,0,284,292,-2.816901408450704,26,14,91,79,13,13,13,13,13,13,True,True,1819026861,modeled-pass
13,13,medium-record,1024,candidate-single-roundtrip-npgsqlbatch-set-and-read,True,True,26,1,96.15384615384616,5432,5432,0,284,285,-0.352112676056338,26,14,91,79,13,13,13,13,13,13,True,True,1819026861,modeled-pass
13,13,large-record,4096,candidate-current-npgsqlbatch-set-plus-getmultiple,True,True,26,2,92.3076923076923,5432,5432,0,573,577,-0.6980802792321117,26,14,91,79,13,13,13,13,13,13,True,True,1193540175,modeled-pass
13,13,large-record,4096,candidate-chunked-100-npgsqlbatch-set-plus-getmultiple,True,True,26,2,92.3076923076923,5432,5432,0,573,611,-6.631762652705061,26,14,91,79,13,13,13,13,13,13,True,True,1193540175,modeled-pass
13,13,large-record,4096,candidate-single-roundtrip-npgsqlbatch-set-and-read,True,True,26,1,96.15384615384616,5432,5432,0,573,579,-1.0471204188481675,26,14,91,79,13,13,13,13,13,13,True,True,1193540175,modeled-pass
14,14,small-record,128,candidate-current-npgsqlbatch-set-plus-getmultiple,True,True,28,2,92.85714285714286,5432,5144,5.3019145802650955,212,244,-15.09433962264151,28,15,98,85,14,14,14,14,14,14,True,True,-173172488,modeled-pass
14,14,small-record,128,candidate-chunked-100-npgsqlbatch-set-plus-getmultiple,True,True,28,2,92.85714285714286,5432,5432,0,212,233,-9.90566037735849,28,15,98,85,14,14,14,14,14,14,True,True,-173172488,modeled-pass
14,14,small-record,128,candidate-single-roundtrip-npgsqlbatch-set-and-read,True,True,28,1,96.42857142857143,5432,5432,0,212,217,-2.358490566037736,28,15,98,85,14,14,14,14,14,14,True,True,-173172488,modeled-pass
14,14,medium-record,1024,candidate-current-npgsqlbatch-set-plus-getmultiple,True,True,28,2,92.85714285714286,5432,5432,0,304,304,0,28,15,98,85,14,14,14,14,14,14,True,True,-944815986,modeled-pass
14,14,medium-record,1024,candidate-chunked-100-npgsqlbatch-set-plus-getmultiple,True,True,28,2,92.85714285714286,5432,5432,0,304,310,-1.9736842105263157,28,15,98,85,14,14,14,14,14,14,True,True,-944815986,modeled-pass
14,14,medium-record,1024,candidate-single-roundtrip-npgsqlbatch-set-and-read,True,True,28,1,96.42857142857143,5432,5432,0,304,330,-8.552631578947368,28,15,98,85,14,14,14,14,14,14,True,True,-944815986,modeled-pass
14,14,large-record,4096,candidate-current-npgsqlbatch-set-plus-getmultiple,True,True,28,2,92.85714285714286,5432,5432,0,609,614,-0.8210180623973727,28,15,98,85,14,14,14,14,14,14,True,True,645594023,modeled-pass
14,14,large-record,4096,candidate-chunked-100-npgsqlbatch-set-plus-getmultiple,True,True,28,2,92.85714285714286,5432,5432,0,609,620,-1.80623973727422,28,15,98,85,14,14,14,14,14,14,True,True,645594023,modeled-pass
14,14,large-record,4096,candidate-single-roundtrip-npgsqlbatch-set-and-read,True,True,28,1,96.42857142857143,5432,5432,0,609,613,-0.6568144499178982,28,15,98,85,14,14,14,14,14,14,True,True,645594023,modeled-pass
15,15,small-record,128,candidate-current-npgsqlbatch-set-plus-getmultiple,True,True,30,2,93.33333333333333,5432,5432,0,232,235,-1.293103448275862,30,16,105,91,15,15,15,15,15,15,True,True,-1705399548,modeled-pass
15,15,small-record,128,candidate-chunked-100-npgsqlbatch-set-plus-getmultiple,True,True,30,2,93.33333333333333,5432,5432,0,232,242,-4.310344827586207,30,16,105,91,15,15,15,15,15,15,True,True,-1705399548,modeled-pass
15,15,small-record,128,candidate-single-roundtrip-npgsqlbatch-set-and-read,True,True,30,1,96.66666666666667,5432,5432,0,232,233,-0.43103448275862066,30,16,105,91,15,15,15,15,15,15,True,True,-1705399548,modeled-pass
15,15,medium-record,1024,candidate-current-npgsqlbatch-set-plus-getmultiple,True,True,30,2,93.33333333333333,5432,5432,0,326,332,-1.8404907975460123,30,16,105,91,15,15,15,15,15,15,True,True,1637075648,modeled-pass
15,15,medium-record,1024,candidate-chunked-100-npgsqlbatch-set-plus-getmultiple,True,True,30,2,93.33333333333333,5432,5432,0,326,337,-3.374233128834356,30,16,105,91,15,15,15,15,15,15,True,True,1637075648,modeled-pass
15,15,medium-record,1024,candidate-single-roundtrip-npgsqlbatch-set-and-read,True,True,30,1,96.66666666666667,5432,5432,0,326,326,0,30,16,105,91,15,15,15,15,15,15,True,True,1637075648,modeled-pass
15,15,large-record,4096,candidate-current-npgsqlbatch-set-plus-getmultiple,True,True,30,2,93.33333333333333,5432,5432,0,659,664,-0.7587253414264037,30,16,105,91,15,15,15,15,15,15,True,True,2010220837,modeled-pass
15,15,large-record,4096,candidate-chunked-100-npgsqlbatch-set-plus-getmultiple,True,True,30,2,93.33333333333333,5432,5432,0,659,710,-7.738998482549317,30,16,105,91,15,15,15,15,15,15,True,True,2010220837,modeled-pass
15,15,large-record,4096,candidate-single-roundtrip-npgsqlbatch-set-and-read,True,True,30,1,96.66666666666667,5432,5432,0,659,697,-5.7663125948406675,30,16,105,91,15,15,15,15,15,15,True,True,2010220837,modeled-pass
16,16,small-record,128,candidate-current-npgsqlbatch-set-plus-getmultiple,True,True,32,2,93.75,5432,5432,0,334,282,15.568862275449101,32,17,112,97,16,16,16,16,16,16,True,True,-828444913,modeled-pass
16,16,small-record,128,candidate-chunked-100-npgsqlbatch-set-plus-getmultiple,True,True,32,2,93.75,5432,5432,0,334,283,15.269461077844312,32,17,112,97,16,16,16,16,16,16,True,True,-828444913,modeled-pass
16,16,small-record,128,candidate-single-roundtrip-npgsqlbatch-set-and-read,True,True,32,1,96.875,5432,5432,0,334,250,25.149700598802394,32,17,112,97,16,16,16,16,16,16,True,True,-828444913,modeled-pass
16,16,medium-record,1024,candidate-current-npgsqlbatch-set-plus-getmultiple,True,True,32,2,93.75,5432,5432,0,347,355,-2.3054755043227666,32,17,112,97,16,16,16,16,16,16,True,True,-1910535251,modeled-pass
16,16,medium-record,1024,candidate-chunked-100-npgsqlbatch-set-plus-getmultiple,True,True,32,2,93.75,5432,5144,5.3019145802650955,347,388,-11.815561959654179,32,17,112,97,16,16,16,16,16,16,True,True,-1910535251,modeled-pass
16,16,medium-record,1024,candidate-single-roundtrip-npgsqlbatch-set-and-read,True,True,32,1,96.875,5432,5432,0,347,379,-9.221902017291066,32,17,112,97,16,16,16,16,16,16,True,True,-1910535251,modeled-pass
16,16,large-record,4096,candidate-current-npgsqlbatch-set-plus-getmultiple,True,True,32,2,93.75,5432,5432,0,708,740,-4.519774011299435,32,17,112,97,16,16,16,16,16,16,True,True,1927210859,modeled-pass
16,16,large-record,4096,candidate-chunked-100-npgsqlbatch-set-plus-getmultiple,True,True,32,2,93.75,5432,5432,0,708,724,-2.2598870056497176,32,17,112,97,16,16,16,16,16,16,True,True,1927210859,modeled-pass
16,16,large-record,4096,candidate-single-roundtrip-npgsqlbatch-set-and-read,True,True,32,1,96.875,5432,5432,0,708,778,-9.887005649717514,32,17,112,97,16,16,16,16,16,16,True,True,1927210859,modeled-pass
17,17,small-record,128,candidate-current-npgsqlbatch-set-plus-getmultiple,True,True,34,2,94.11764705882354,5432,5432,0,270,274,-1.4814814814814814,34,18,119,103,17,17,17,17,17,17,True,True,443855526,modeled-pass
17,17,small-record,128,candidate-chunked-100-npgsqlbatch-set-plus-getmultiple,True,True,34,2,94.11764705882354,5432,5432,0,270,286,-5.925925925925926,34,18,119,103,17,17,17,17,17,17,True,True,443855526,modeled-pass
17,17,small-record,128,candidate-single-roundtrip-npgsqlbatch-set-and-read,True,True,34,1,97.05882352941177,5432,5432,0,270,273,-1.1111111111111112,34,18,119,103,17,17,17,17,17,17,True,True,443855526,modeled-pass
17,17,medium-record,1024,candidate-current-npgsqlbatch-set-plus-getmultiple,True,True,34,2,94.11764705882354,5432,5432,0,379,381,-0.5277044854881267,34,18,119,103,17,17,17,17,17,17,True,True,1414390136,modeled-pass
17,17,medium-record,1024,candidate-chunked-100-npgsqlbatch-set-plus-getmultiple,True,True,34,2,94.11764705882354,5432,5432,0,379,388,-2.37467018469657,34,18,119,103,17,17,17,17,17,17,True,True,1414390136,modeled-pass
17,17,medium-record,1024,candidate-single-roundtrip-npgsqlbatch-set-and-read,True,True,34,1,97.05882352941177,5432,5432,0,379,390,-2.9023746701846966,34,18,119,103,17,17,17,17,17,17,True,True,1414390136,modeled-pass
17,17,large-record,4096,candidate-current-npgsqlbatch-set-plus-getmultiple,True,True,34,2,94.11764705882354,5432,5432,0,759,757,0.2635046113306983,34,18,119,103,17,17,17,17,17,17,True,True,1185814258,modeled-pass
17,17,large-record,4096,candidate-chunked-100-npgsqlbatch-set-plus-getmultiple,True,True,34,2,94.11764705882354,5432,5432,0,759,769,-1.3175230566534915,34,18,119,103,17,17,17,17,17,17,True,True,1185814258,modeled-pass
17,17,large-record,4096,candidate-single-roundtrip-npgsqlbatch-set-and-read,True,True,34,1,97.05882352941177,5432,5432,0,759,759,0,34,18,119,103,17,17,17,17,17,17,True,True,1185814258,modeled-pass
18,18,small-record,128,candidate-current-npgsqlbatch-set-plus-getmultiple,True,True,36,2,94.44444444444444,6776,6776,0,278,289,-3.9568345323741005,36,19,126,109,18,18,18,18,18,18,True,True,1279161303,modeled-pass
18,18,small-record,128,candidate-chunked-100-npgsqlbatch-set-plus-getmultiple,True,True,36,2,94.44444444444444,6776,6776,0,278,293,-5.39568345323741,36,19,126,109,18,18,18,18,18,18,True,True,1279161303,modeled-pass
18,18,small-record,128,candidate-single-roundtrip-npgsqlbatch-set-and-read,True,True,36,1,97.22222222222223,6776,6776,0,278,284,-2.158273381294964,36,19,126,109,18,18,18,18,18,18,True,True,1279161303,modeled-pass
18,18,medium-record,1024,candidate-current-npgsqlbatch-set-plus-getmultiple,True,True,36,2,94.44444444444444,6776,6776,0,403,401,0.49627791563275436,36,19,126,109,18,18,18,18,18,18,True,True,-193768288,modeled-pass
18,18,medium-record,1024,candidate-chunked-100-npgsqlbatch-set-plus-getmultiple,True,True,36,2,94.44444444444444,6776,6776,0,403,422,-4.714640198511166,36,19,126,109,18,18,18,18,18,18,True,True,-193768288,modeled-pass
18,18,medium-record,1024,candidate-single-roundtrip-npgsqlbatch-set-and-read,True,True,36,1,97.22222222222223,6776,6776,0,403,405,-0.49627791563275436,36,19,126,109,18,18,18,18,18,18,True,True,-193768288,modeled-pass
18,18,large-record,4096,candidate-current-npgsqlbatch-set-plus-getmultiple,True,True,36,2,94.44444444444444,6776,6776,0,794,805,-1.385390428211587,36,19,126,109,18,18,18,18,18,18,True,True,-502377051,modeled-pass
18,18,large-record,4096,candidate-chunked-100-npgsqlbatch-set-plus-getmultiple,True,True,36,2,94.44444444444444,6776,6776,0,794,810,-2.0151133501259446,36,19,126,109,18,18,18,18,18,18,True,True,-502377051,modeled-pass
18,18,large-record,4096,candidate-single-roundtrip-npgsqlbatch-set-and-read,True,True,36,1,97.22222222222223,6776,6776,0,794,802,-1.0075566750629723,36,19,126,109,18,18,18,18,18,18,True,True,-502377051,modeled-pass
19,19,small-record,128,candidate-current-npgsqlbatch-set-plus-getmultiple,True,True,38,2,94.73684210526316,6776,6776,0,292,302,-3.4246575342465753,38,20,133,115,19,19,19,19,19,19,True,True,1536985218,modeled-pass
19,19,small-record,128,candidate-chunked-100-npgsqlbatch-set-plus-getmultiple,True,True,38,2,94.73684210526316,6776,6776,0,292,309,-5.821917808219178,38,20,133,115,19,19,19,19,19,19,True,True,1536985218,modeled-pass
19,19,small-record,128,candidate-single-roundtrip-npgsqlbatch-set-and-read,True,True,38,1,97.36842105263158,6776,6776,0,292,299,-2.3972602739726026,38,20,133,115,19,19,19,19,19,19,True,True,1536985218,modeled-pass
19,19,medium-record,1024,candidate-current-npgsqlbatch-set-plus-getmultiple,True,True,38,2,94.73684210526316,6776,6776,0,422,423,-0.23696682464454977,38,20,133,115,19,19,19,19,19,19,True,True,1237435588,modeled-pass
19,19,medium-record,1024,candidate-chunked-100-npgsqlbatch-set-plus-getmultiple,True,True,38,2,94.73684210526316,6776,6776,0,422,462,-9.47867298578199,38,20,133,115,19,19,19,19,19,19,True,True,1237435588,modeled-pass
19,19,medium-record,1024,candidate-single-roundtrip-npgsqlbatch-set-and-read,True,True,38,1,97.36842105263158,6776,6488,4.250295159386068,422,439,-4.028436018957346,38,20,133,115,19,19,19,19,19,19,True,True,1237435588,modeled-pass
19,19,large-record,4096,candidate-current-npgsqlbatch-set-plus-getmultiple,True,True,38,2,94.73684210526316,6776,6776,0,842,857,-1.7814726840855106,38,20,133,115,19,19,19,19,19,19,True,True,-137335881,modeled-pass
19,19,large-record,4096,candidate-chunked-100-npgsqlbatch-set-plus-getmultiple,True,True,38,2,94.73684210526316,6776,6776,0,842,857,-1.7814726840855106,38,20,133,115,19,19,19,19,19,19,True,True,-137335881,modeled-pass
19,19,large-record,4096,candidate-single-roundtrip-npgsqlbatch-set-and-read,True,True,38,1,97.36842105263158,6776,6776,0,842,892,-5.938242280285036,38,20,133,115,19,19,19,19,19,19,True,True,-137335881,modeled-pass
20,20,small-record,128,candidate-current-npgsqlbatch-set-plus-getmultiple,True,True,40,2,95,6776,6776,0,308,327,-6.1688311688311686,40,21,140,121,20,20,20,20,20,20,True,True,1288559783,modeled-pass
20,20,small-record,128,candidate-chunked-100-npgsqlbatch-set-plus-getmultiple,True,True,40,2,95,6776,6776,0,308,361,-17.207792207792206,40,21,140,121,20,20,20,20,20,20,True,True,1288559783,modeled-pass
20,20,small-record,128,candidate-single-roundtrip-npgsqlbatch-set-and-read,True,True,40,1,97.5,6776,6776,0,308,330,-7.142857142857143,40,21,140,121,20,20,20,20,20,20,True,True,1288559783,modeled-pass
20,20,medium-record,1024,candidate-current-npgsqlbatch-set-plus-getmultiple,True,True,40,2,95,6776,6776,0,464,485,-4.525862068965517,40,21,140,121,20,20,20,20,20,20,True,True,1658997878,modeled-pass
20,20,medium-record,1024,candidate-chunked-100-npgsqlbatch-set-plus-getmultiple,True,True,40,2,95,6776,6776,0,464,482,-3.8793103448275863,40,21,140,121,20,20,20,20,20,20,True,True,1658997878,modeled-pass
20,20,medium-record,1024,candidate-single-roundtrip-npgsqlbatch-set-and-read,True,True,40,1,97.5,6776,6776,0,464,542,-16.810344827586206,40,21,140,121,20,20,20,20,20,20,True,True,1658997878,modeled-pass
20,20,large-record,4096,candidate-current-npgsqlbatch-set-plus-getmultiple,True,True,40,2,95,6776,6776,0,893,911,-2.015677491601344,40,21,140,121,20,20,20,20,20,20,True,True,-746371801,modeled-pass
20,20,large-record,4096,candidate-chunked-100-npgsqlbatch-set-plus-getmultiple,True,True,40,2,95,6776,6776,0,893,917,-2.687569988801792,40,21,140,121,20,20,20,20,20,20,True,True,-746371801,modeled-pass
20,20,large-record,4096,candidate-single-roundtrip-npgsqlbatch-set-and-read,True,True,40,1,97.5,6776,6776,0,893,908,-1.6797312430011198,40,21,140,121,20,20,20,20,20,20,True,True,-746371801,modeled-pass
21,21,small-record,128,candidate-current-npgsqlbatch-set-plus-getmultiple,True,True,42,2,95.23809523809524,6776,6776,0,329,349,-6.079027355623101,42,22,147,127,21,21,21,21,21,21,True,True,869059419,modeled-pass
21,21,small-record,128,candidate-chunked-100-npgsqlbatch-set-plus-getmultiple,True,True,42,2,95.23809523809524,6776,6776,0,329,358,-8.814589665653495,42,22,147,127,21,21,21,21,21,21,True,True,869059419,modeled-pass
21,21,small-record,128,candidate-single-roundtrip-npgsqlbatch-set-and-read,True,True,42,1,97.61904761904762,6776,6776,0,329,350,-6.382978723404255,42,22,147,127,21,21,21,21,21,21,True,True,869059419,modeled-pass
21,21,medium-record,1024,candidate-current-npgsqlbatch-set-plus-getmultiple,True,True,42,2,95.23809523809524,6776,6776,0,465,489,-5.161290322580645,42,22,147,127,21,21,21,21,21,21,True,True,-1467180733,modeled-pass
21,21,medium-record,1024,candidate-chunked-100-npgsqlbatch-set-plus-getmultiple,True,True,42,2,95.23809523809524,6776,6776,0,465,494,-6.236559139784946,42,22,147,127,21,21,21,21,21,21,True,True,-1467180733,modeled-pass
21,21,medium-record,1024,candidate-single-roundtrip-npgsqlbatch-set-and-read,True,True,42,1,97.61904761904762,6776,6776,0,465,483,-3.870967741935484,42,22,147,127,21,21,21,21,21,21,True,True,-1467180733,modeled-pass
21,21,large-record,4096,candidate-current-npgsqlbatch-set-plus-getmultiple,True,True,42,2,95.23809523809524,6488,6776,-4.438964241676942,930,951,-2.2580645161290325,42,22,147,127,21,21,21,21,21,21,True,True,796165383,modeled-pass
21,21,large-record,4096,candidate-chunked-100-npgsqlbatch-set-plus-getmultiple,True,True,42,2,95.23809523809524,6488,6776,-4.438964241676942,930,962,-3.4408602150537635,42,22,147,127,21,21,21,21,21,21,True,True,796165383,modeled-pass
21,21,large-record,4096,candidate-single-roundtrip-npgsqlbatch-set-and-read,True,True,42,1,97.61904761904762,6488,6776,-4.438964241676942,930,1103,-18.602150537634408,42,22,147,127,21,21,21,21,21,21,True,True,796165383,modeled-pass
22,22,small-record,128,candidate-current-npgsqlbatch-set-plus-getmultiple,True,True,44,2,95.45454545454545,6776,6776,0,410,421,-2.682926829268293,44,23,154,133,22,22,22,22,22,22,True,True,-1841270603,modeled-pass
22,22,small-record,128,candidate-chunked-100-npgsqlbatch-set-plus-getmultiple,True,True,44,2,95.45454545454545,6776,6776,0,410,378,7.804878048780488,44,23,154,133,22,22,22,22,22,22,True,True,-1841270603,modeled-pass
22,22,small-record,128,candidate-single-roundtrip-npgsqlbatch-set-and-read,True,True,44,1,97.72727272727273,6776,6488,4.250295159386068,410,362,11.707317073170731,44,23,154,133,22,22,22,22,22,22,True,True,-1841270603,modeled-pass
22,22,medium-record,1024,candidate-current-npgsqlbatch-set-plus-getmultiple,True,True,44,2,95.45454545454545,6776,6776,0,483,504,-4.3478260869565215,44,23,154,133,22,22,22,22,22,22,True,True,97900303,modeled-pass
22,22,medium-record,1024,candidate-chunked-100-npgsqlbatch-set-plus-getmultiple,True,True,44,2,95.45454545454545,6776,6776,0,483,509,-5.383022774327122,44,23,154,133,22,22,22,22,22,22,True,True,97900303,modeled-pass
22,22,medium-record,1024,candidate-single-roundtrip-npgsqlbatch-set-and-read,True,True,44,1,97.72727272727273,6776,6776,0,483,505,-4.554865424430642,44,23,154,133,22,22,22,22,22,22,True,True,97900303,modeled-pass
22,22,large-record,4096,candidate-current-npgsqlbatch-set-plus-getmultiple,True,True,44,2,95.45454545454545,6776,6776,0,1043,996,4.506232023010546,44,23,154,133,22,22,22,22,22,22,True,True,-1542448816,modeled-pass
22,22,large-record,4096,candidate-chunked-100-npgsqlbatch-set-plus-getmultiple,True,True,44,2,95.45454545454545,6776,6488,4.250295159386068,1043,1036,0.6711409395973155,44,23,154,133,22,22,22,22,22,22,True,True,-1542448816,modeled-pass
22,22,large-record,4096,candidate-single-roundtrip-npgsqlbatch-set-and-read,True,True,44,1,97.72727272727273,6776,6776,0,1043,1001,4.026845637583893,44,23,154,133,22,22,22,22,22,22,True,True,-1542448816,modeled-pass
23,23,small-record,128,candidate-current-npgsqlbatch-set-plus-getmultiple,True,True,46,2,95.65217391304348,6776,6776,0,529,393,25.708884688090738,46,24,161,139,23,23,23,23,23,23,True,True,989714652,modeled-pass
23,23,small-record,128,candidate-chunked-100-npgsqlbatch-set-plus-getmultiple,True,True,46,2,95.65217391304348,6776,6776,0,529,384,27.410207939508506,46,24,161,139,23,23,23,23,23,23,True,True,989714652,modeled-pass
23,23,small-record,128,candidate-single-roundtrip-npgsqlbatch-set-and-read,True,True,46,1,97.82608695652173,6776,6776,0,529,333,37.051039697542535,46,24,161,139,23,23,23,23,23,23,True,True,989714652,modeled-pass
23,23,medium-record,1024,candidate-current-npgsqlbatch-set-plus-getmultiple,True,True,46,2,95.65217391304348,6776,6776,0,536,555,-3.544776119402985,46,24,161,139,23,23,23,23,23,23,True,True,-1930244501,modeled-pass
23,23,medium-record,1024,candidate-chunked-100-npgsqlbatch-set-plus-getmultiple,True,True,46,2,95.65217391304348,6776,6488,4.250295159386068,536,558,-4.104477611940299,46,24,161,139,23,23,23,23,23,23,True,True,-1930244501,modeled-pass
23,23,medium-record,1024,candidate-single-roundtrip-npgsqlbatch-set-and-read,True,True,46,1,97.82608695652173,6776,6776,0,536,551,-2.798507462686567,46,24,161,139,23,23,23,23,23,23,True,True,-1930244501,modeled-pass
23,23,large-record,4096,candidate-current-npgsqlbatch-set-plus-getmultiple,True,True,46,2,95.65217391304348,6776,6776,0,1074,1072,0.186219739292365,46,24,161,139,23,23,23,23,23,23,True,True,1947879961,modeled-pass
23,23,large-record,4096,candidate-chunked-100-npgsqlbatch-set-plus-getmultiple,True,True,46,2,95.65217391304348,6776,6776,0,1074,1061,1.2104283054003724,46,24,161,139,23,23,23,23,23,23,True,True,1947879961,modeled-pass
23,23,large-record,4096,candidate-single-roundtrip-npgsqlbatch-set-and-read,True,True,46,1,97.82608695652173,6776,6776,0,1074,1035,3.631284916201117,46,24,161,139,23,23,23,23,23,23,True,True,1947879961,modeled-pass
24,24,small-record,128,candidate-current-npgsqlbatch-set-plus-getmultiple,True,True,48,2,95.83333333333333,8120,8120,0,396,398,-0.5050505050505051,48,25,168,145,24,24,24,24,24,24,True,True,-684497870,modeled-pass
24,24,small-record,128,candidate-chunked-100-npgsqlbatch-set-plus-getmultiple,True,True,48,2,95.83333333333333,8120,8120,0,396,432,-9.090909090909092,48,25,168,145,24,24,24,24,24,24,True,True,-684497870,modeled-pass
24,24,small-record,128,candidate-single-roundtrip-npgsqlbatch-set-and-read,True,True,48,1,97.91666666666667,8120,8120,0,396,395,0.25252525252525254,48,25,168,145,24,24,24,24,24,24,True,True,-684497870,modeled-pass
24,24,medium-record,1024,candidate-current-npgsqlbatch-set-plus-getmultiple,True,True,48,2,95.83333333333333,8120,8120,0,521,539,-3.45489443378119,48,25,168,145,24,24,24,24,24,24,True,True,-1628840107,modeled-pass
24,24,medium-record,1024,candidate-chunked-100-npgsqlbatch-set-plus-getmultiple,True,True,48,2,95.83333333333333,8120,8120,0,521,546,-4.798464491362764,48,25,168,145,24,24,24,24,24,24,True,True,-1628840107,modeled-pass
24,24,medium-record,1024,candidate-single-roundtrip-npgsqlbatch-set-and-read,True,True,48,1,97.91666666666667,8120,8120,0,521,538,-3.2629558541266794,48,25,168,145,24,24,24,24,24,24,True,True,-1628840107,modeled-pass
24,24,large-record,4096,candidate-current-npgsqlbatch-set-plus-getmultiple,True,True,48,2,95.83333333333333,8120,8120,0,1128,1088,3.5460992907801416,48,25,168,145,24,24,24,24,24,24,True,True,660619481,modeled-pass
24,24,large-record,4096,candidate-chunked-100-npgsqlbatch-set-plus-getmultiple,True,True,48,2,95.83333333333333,8120,8120,0,1128,1092,3.1914893617021276,48,25,168,145,24,24,24,24,24,24,True,True,660619481,modeled-pass
24,24,large-record,4096,candidate-single-roundtrip-npgsqlbatch-set-and-read,True,True,48,1,97.91666666666667,8120,8120,0,1128,1079,4.343971631205674,48,25,168,145,24,24,24,24,24,24,True,True,660619481,modeled-pass
25,25,small-record,128,candidate-current-npgsqlbatch-set-plus-getmultiple,True,True,50,2,96,8120,8120,0,383,410,-7.049608355091384,50,26,175,151,25,25,25,25,25,25,True,True,2094810083,modeled-pass
25,25,small-record,128,candidate-chunked-100-npgsqlbatch-set-plus-getmultiple,True,True,50,2,96,8120,8120,0,383,416,-8.616187989556137,50,26,175,151,25,25,25,25,25,25,True,True,2094810083,modeled-pass
25,25,small-record,128,candidate-single-roundtrip-npgsqlbatch-set-and-read,True,True,50,1,98,8120,8120,0,383,406,-6.005221932114883,50,26,175,151,25,25,25,25,25,25,True,True,2094810083,modeled-pass
25,25,medium-record,1024,candidate-current-npgsqlbatch-set-plus-getmultiple,True,True,50,2,96,8120,8120,0,540,563,-4.2592592592592595,50,26,175,151,25,25,25,25,25,25,True,True,-1868706680,modeled-pass
25,25,medium-record,1024,candidate-chunked-100-npgsqlbatch-set-plus-getmultiple,True,True,50,2,96,8120,8120,0,540,573,-6.111111111111111,50,26,175,151,25,25,25,25,25,25,True,True,-1868706680,modeled-pass
25,25,medium-record,1024,candidate-single-roundtrip-npgsqlbatch-set-and-read,True,True,50,1,98,8120,8120,0,540,564,-4.444444444444445,50,26,175,151,25,25,25,25,25,25,True,True,-1868706680,modeled-pass
25,25,large-record,4096,candidate-current-npgsqlbatch-set-plus-getmultiple,True,True,50,2,96,8120,8120,0,1098,1126,-2.5500910746812386,50,26,175,151,25,25,25,25,25,25,True,True,1292204578,modeled-pass
25,25,large-record,4096,candidate-chunked-100-npgsqlbatch-set-plus-getmultiple,True,True,50,2,96,8120,8120,0,1098,1242,-13.114754098360656,50,26,175,151,25,25,25,25,25,25,True,True,1292204578,modeled-pass
25,25,large-record,4096,candidate-single-roundtrip-npgsqlbatch-set-and-read,True,True,50,1,98,8120,8120,0,1098,1124,-2.3679417122040074,50,26,175,151,25,25,25,25,25,25,True,True,1292204578,modeled-pass
26,26,small-record,128,candidate-current-npgsqlbatch-set-plus-getmultiple,True,True,52,2,96.15384615384616,8120,8120,0,394,424,-7.614213197969543,52,27,182,157,26,26,26,26,26,26,True,True,539169024,modeled-pass
26,26,small-record,128,candidate-chunked-100-npgsqlbatch-set-plus-getmultiple,True,True,52,2,96.15384615384616,8120,8120,0,394,428,-8.629441624365482,52,27,182,157,26,26,26,26,26,26,True,True,539169024,modeled-pass
26,26,small-record,128,candidate-single-roundtrip-npgsqlbatch-set-and-read,True,True,52,1,98.07692307692308,8120,8120,0,394,460,-16.751269035532996,52,27,182,157,26,26,26,26,26,26,True,True,539169024,modeled-pass
26,26,medium-record,1024,candidate-current-npgsqlbatch-set-plus-getmultiple,True,True,52,2,96.15384615384616,8120,8120,0,802,634,20.947630922693268,52,27,182,157,26,26,26,26,26,26,True,True,-901722042,modeled-pass
26,26,medium-record,1024,candidate-chunked-100-npgsqlbatch-set-plus-getmultiple,True,True,52,2,96.15384615384616,8120,8120,0,802,628,21.69576059850374,52,27,182,157,26,26,26,26,26,26,True,True,-901722042,modeled-pass
26,26,medium-record,1024,candidate-single-roundtrip-npgsqlbatch-set-and-read,True,True,52,1,98.07692307692308,8120,8120,0,802,582,27.43142144638404,52,27,182,157,26,26,26,26,26,26,True,True,-901722042,modeled-pass
26,26,large-record,4096,candidate-current-npgsqlbatch-set-plus-getmultiple,True,True,52,2,96.15384615384616,8120,8120,0,1160,1229,-5.948275862068965,52,27,182,157,26,26,26,26,26,26,True,True,1929648390,modeled-pass
26,26,large-record,4096,candidate-chunked-100-npgsqlbatch-set-plus-getmultiple,True,True,52,2,96.15384615384616,8120,8120,0,1160,1235,-6.4655172413793105,52,27,182,157,26,26,26,26,26,26,True,True,1929648390,modeled-pass
26,26,large-record,4096,candidate-single-roundtrip-npgsqlbatch-set-and-read,True,True,52,1,98.07692307692308,8120,8120,0,1160,1224,-5.517241379310345,52,27,182,157,26,26,26,26,26,26,True,True,1929648390,modeled-pass
27,27,small-record,128,candidate-current-npgsqlbatch-set-plus-getmultiple,True,True,54,2,96.29629629629629,8120,8120,0,463,494,-6.695464362850972,54,28,189,163,27,27,27,27,27,27,True,True,-133189081,modeled-pass
27,27,small-record,128,candidate-chunked-100-npgsqlbatch-set-plus-getmultiple,True,True,54,2,96.29629629629629,8120,8120,0,463,530,-14.47084233261339,54,28,189,163,27,27,27,27,27,27,True,True,-133189081,modeled-pass
27,27,small-record,128,candidate-single-roundtrip-npgsqlbatch-set-and-read,True,True,54,1,98.14814814814815,8120,8120,0,463,499,-7.775377969762419,54,28,189,163,27,27,27,27,27,27,True,True,-133189081,modeled-pass
27,27,medium-record,1024,candidate-current-npgsqlbatch-set-plus-getmultiple,True,True,54,2,96.29629629629629,8120,8120,0,645,676,-4.8062015503875966,54,28,189,163,27,27,27,27,27,27,True,True,1220127102,modeled-pass
27,27,medium-record,1024,candidate-chunked-100-npgsqlbatch-set-plus-getmultiple,True,True,54,2,96.29629629629629,8120,8120,0,645,680,-5.426356589147287,54,28,189,163,27,27,27,27,27,27,True,True,1220127102,modeled-pass
27,27,medium-record,1024,candidate-single-roundtrip-npgsqlbatch-set-and-read,True,True,54,1,98.14814814814815,8120,8120,0,645,665,-3.10077519379845,54,28,189,163,27,27,27,27,27,27,True,True,1220127102,modeled-pass
27,27,large-record,4096,candidate-current-npgsqlbatch-set-plus-getmultiple,True,True,54,2,96.29629629629629,7832,8120,-3.6772216547497445,1313,1276,2.817974105102818,54,28,189,163,27,27,27,27,27,27,True,True,-1016819737,modeled-pass
27,27,large-record,4096,candidate-chunked-100-npgsqlbatch-set-plus-getmultiple,True,True,54,2,96.29629629629629,7832,8120,-3.6772216547497445,1313,1274,2.9702970297029703,54,28,189,163,27,27,27,27,27,27,True,True,-1016819737,modeled-pass
27,27,large-record,4096,candidate-single-roundtrip-npgsqlbatch-set-and-read,True,True,54,1,98.14814814814815,7832,8120,-3.6772216547497445,1313,1259,4.112718964204113,54,28,189,163,27,27,27,27,27,27,True,True,-1016819737,modeled-pass
28,28,small-record,128,candidate-current-npgsqlbatch-set-plus-getmultiple,True,True,56,2,96.42857142857143,8120,8120,0,507,463,8.678500986193294,56,29,196,169,28,28,28,28,28,28,True,True,-1059368274,modeled-pass
28,28,small-record,128,candidate-chunked-100-npgsqlbatch-set-plus-getmultiple,True,True,56,2,96.42857142857143,8120,8120,0,507,458,9.664694280078896,56,29,196,169,28,28,28,28,28,28,True,True,-1059368274,modeled-pass
28,28,small-record,128,candidate-single-roundtrip-npgsqlbatch-set-and-read,True,True,56,1,98.21428571428571,8120,8120,0,507,484,4.536489151873767,56,29,196,169,28,28,28,28,28,28,True,True,-1059368274,modeled-pass
28,28,medium-record,1024,candidate-current-npgsqlbatch-set-plus-getmultiple,True,True,56,2,96.42857142857143,8120,8120,0,627,625,0.3189792663476874,56,29,196,169,28,28,28,28,28,28,True,True,95081437,modeled-pass
28,28,medium-record,1024,candidate-chunked-100-npgsqlbatch-set-plus-getmultiple,True,True,56,2,96.42857142857143,8120,8120,0,627,627,0,56,29,196,169,28,28,28,28,28,28,True,True,95081437,modeled-pass
28,28,medium-record,1024,candidate-single-roundtrip-npgsqlbatch-set-and-read,True,True,56,1,98.21428571428571,8120,8120,0,627,626,0.1594896331738437,56,29,196,169,28,28,28,28,28,28,True,True,95081437,modeled-pass
28,28,large-record,4096,candidate-current-npgsqlbatch-set-plus-getmultiple,True,True,56,2,96.42857142857143,8120,8120,0,1310,1314,-0.3053435114503817,56,29,196,169,28,28,28,28,28,28,True,True,633066587,modeled-pass
28,28,large-record,4096,candidate-chunked-100-npgsqlbatch-set-plus-getmultiple,True,True,56,2,96.42857142857143,8120,8120,0,1310,1362,-3.969465648854962,56,29,196,169,28,28,28,28,28,28,True,True,633066587,modeled-pass
28,28,large-record,4096,candidate-single-roundtrip-npgsqlbatch-set-and-read,True,True,56,1,98.21428571428571,8120,8120,0,1310,1351,-3.1297709923664123,56,29,196,169,28,28,28,28,28,28,True,True,633066587,modeled-pass
29,29,small-record,128,candidate-current-npgsqlbatch-set-plus-getmultiple,True,True,58,2,96.55172413793103,8120,8120,0,498,523,-5.020080321285141,58,30,203,175,29,29,29,29,29,29,True,True,406660333,modeled-pass
29,29,small-record,128,candidate-chunked-100-npgsqlbatch-set-plus-getmultiple,True,True,58,2,96.55172413793103,8120,8120,0,498,567,-13.855421686746988,58,30,203,175,29,29,29,29,29,29,True,True,406660333,modeled-pass
29,29,small-record,128,candidate-single-roundtrip-npgsqlbatch-set-and-read,True,True,58,1,98.27586206896552,8120,8120,0,498,532,-6.827309236947791,58,30,203,175,29,29,29,29,29,29,True,True,406660333,modeled-pass
29,29,medium-record,1024,candidate-current-npgsqlbatch-set-plus-getmultiple,True,True,58,2,96.55172413793103,8120,8120,0,715,748,-4.615384615384615,58,30,203,175,29,29,29,29,29,29,True,True,-12871937,modeled-pass
29,29,medium-record,1024,candidate-chunked-100-npgsqlbatch-set-plus-getmultiple,True,True,58,2,96.55172413793103,8120,8120,0,715,745,-4.195804195804196,58,30,203,175,29,29,29,29,29,29,True,True,-12871937,modeled-pass
29,29,medium-record,1024,candidate-single-roundtrip-npgsqlbatch-set-and-read,True,True,58,1,98.27586206896552,8120,8120,0,715,720,-0.6993006993006993,58,30,203,175,29,29,29,29,29,29,True,True,-12871937,modeled-pass
29,29,large-record,4096,candidate-current-npgsqlbatch-set-plus-getmultiple,True,True,58,2,96.55172413793103,8120,8120,0,1326,1423,-7.315233785822021,58,30,203,175,29,29,29,29,29,29,True,True,590557591,modeled-pass
29,29,large-record,4096,candidate-chunked-100-npgsqlbatch-set-plus-getmultiple,True,True,58,2,96.55172413793103,8120,8120,0,1326,1360,-2.5641025641025643,58,30,203,175,29,29,29,29,29,29,True,True,590557591,modeled-pass
29,29,large-record,4096,candidate-single-roundtrip-npgsqlbatch-set-and-read,True,True,58,1,98.27586206896552,8120,8120,0,1326,1355,-2.1870286576168927,58,30,203,175,29,29,29,29,29,29,True,True,590557591,modeled-pass
30,30,small-record,128,candidate-current-npgsqlbatch-set-plus-getmultiple,True,True,60,2,96.66666666666667,9912,9912,0,510,543,-6.470588235294118,60,31,210,181,30,30,30,30,30,30,True,True,-282864144,modeled-pass
30,30,small-record,128,candidate-chunked-100-npgsqlbatch-set-plus-getmultiple,True,True,60,2,96.66666666666667,9912,9912,0,510,540,-5.882352941176471,60,31,210,181,30,30,30,30,30,30,True,True,-282864144,modeled-pass
30,30,small-record,128,candidate-single-roundtrip-npgsqlbatch-set-and-read,True,True,60,1,98.33333333333333,9912,9912,0,510,533,-4.509803921568627,60,31,210,181,30,30,30,30,30,30,True,True,-282864144,modeled-pass
30,30,medium-record,1024,candidate-current-npgsqlbatch-set-plus-getmultiple,True,True,60,2,96.66666666666667,9912,9912,0,713,731,-2.524544179523142,60,31,210,181,30,30,30,30,30,30,True,True,1757709955,modeled-pass
30,30,medium-record,1024,candidate-chunked-100-npgsqlbatch-set-plus-getmultiple,True,True,60,2,96.66666666666667,9912,9912,0,713,772,-8.274894810659186,60,31,210,181,30,30,30,30,30,30,True,True,1757709955,modeled-pass
30,30,medium-record,1024,candidate-single-roundtrip-npgsqlbatch-set-and-read,True,True,60,1,98.33333333333333,9912,9912,0,713,822,-15.287517531556801,60,31,210,181,30,30,30,30,30,30,True,True,1757709955,modeled-pass
30,30,large-record,4096,candidate-current-npgsqlbatch-set-plus-getmultiple,True,True,60,2,96.66666666666667,9912,9912,0,1418,1320,6.91114245416079,60,31,210,181,30,30,30,30,30,30,True,True,1097069620,modeled-pass
30,30,large-record,4096,candidate-chunked-100-npgsqlbatch-set-plus-getmultiple,True,True,60,2,96.66666666666667,9912,9912,0,1418,1493,-5.289139633286319,60,31,210,181,30,30,30,30,30,30,True,True,1097069620,modeled-pass
30,30,large-record,4096,candidate-single-roundtrip-npgsqlbatch-set-and-read,True,True,60,1,98.33333333333333,9912,9912,0,1418,1444,-1.8335684062059239,60,31,210,181,30,30,30,30,30,30,True,True,1097069620,modeled-pass
31,31,small-record,128,candidate-current-npgsqlbatch-set-plus-getmultiple,True,True,62,2,96.7741935483871,9912,9912,0,616,559,9.253246753246753,62,32,217,187,31,31,31,31,31,31,True,True,1309783289,modeled-pass
31,31,small-record,128,candidate-chunked-100-npgsqlbatch-set-plus-getmultiple,True,True,62,2,96.7741935483871,9912,9912,0,616,607,1.4610389610389611,62,32,217,187,31,31,31,31,31,31,True,True,1309783289,modeled-pass
31,31,small-record,128,candidate-single-roundtrip-npgsqlbatch-set-and-read,True,True,62,1,98.38709677419355,9912,9912,0,616,642,-4.220779220779221,62,32,217,187,31,31,31,31,31,31,True,True,1309783289,modeled-pass
31,31,medium-record,1024,candidate-current-npgsqlbatch-set-plus-getmultiple,True,True,62,2,96.7741935483871,9912,9912,0,732,814,-11.202185792349727,62,32,217,187,31,31,31,31,31,31,True,True,1930062674,modeled-pass
31,31,medium-record,1024,candidate-chunked-100-npgsqlbatch-set-plus-getmultiple,True,True,62,2,96.7741935483871,9912,9912,0,732,780,-6.557377049180328,62,32,217,187,31,31,31,31,31,31,True,True,1930062674,modeled-pass
31,31,medium-record,1024,candidate-single-roundtrip-npgsqlbatch-set-and-read,True,True,62,1,98.38709677419355,9912,9912,0,732,771,-5.327868852459017,62,32,217,187,31,31,31,31,31,31,True,True,1930062674,modeled-pass
31,31,large-record,4096,candidate-current-npgsqlbatch-set-plus-getmultiple,True,True,62,2,96.7741935483871,9912,9912,0,1426,1527,-7.082748948106592,62,32,217,187,31,31,31,31,31,31,True,True,871916682,modeled-pass
31,31,large-record,4096,candidate-chunked-100-npgsqlbatch-set-plus-getmultiple,True,True,62,2,96.7741935483871,9912,9912,0,1426,1463,-2.594670406732118,62,32,217,187,31,31,31,31,31,31,True,True,871916682,modeled-pass
31,31,large-record,4096,candidate-single-roundtrip-npgsqlbatch-set-and-read,True,True,62,1,98.38709677419355,9912,9912,0,1426,1456,-2.1037868162692845,62,32,217,187,31,31,31,31,31,31,True,True,871916682,modeled-pass
32,32,small-record,128,candidate-current-npgsqlbatch-set-plus-getmultiple,True,True,64,2,96.875,9912,9912,0,576,767,-33.15972222222222,64,33,224,193,32,32,32,32,32,32,True,True,1322909890,modeled-pass
32,32,small-record,128,candidate-chunked-100-npgsqlbatch-set-plus-getmultiple,True,True,64,2,96.875,9912,9912,0,576,584,-1.3888888888888888,64,33,224,193,32,32,32,32,32,32,True,True,1322909890,modeled-pass
32,32,small-record,128,candidate-single-roundtrip-npgsqlbatch-set-and-read,True,True,64,1,98.4375,9912,9912,0,576,577,-0.1736111111111111,64,33,224,193,32,32,32,32,32,32,True,True,1322909890,modeled-pass
32,32,medium-record,1024,candidate-current-npgsqlbatch-set-plus-getmultiple,True,True,64,2,96.875,9912,9912,0,747,777,-4.016064257028113,64,33,224,193,32,32,32,32,32,32,True,True,1570525449,modeled-pass
32,32,medium-record,1024,candidate-chunked-100-npgsqlbatch-set-plus-getmultiple,True,True,64,2,96.875,9912,9912,0,747,817,-9.370816599732262,64,33,224,193,32,32,32,32,32,32,True,True,1570525449,modeled-pass
32,32,medium-record,1024,candidate-single-roundtrip-npgsqlbatch-set-and-read,True,True,64,1,98.4375,9912,9912,0,747,856,-14.591700133868809,64,33,224,193,32,32,32,32,32,32,True,True,1570525449,modeled-pass
32,32,large-record,4096,candidate-current-npgsqlbatch-set-plus-getmultiple,True,True,64,2,96.875,9912,9912,0,1455,1480,-1.7182130584192439,64,33,224,193,32,32,32,32,32,32,True,True,875936376,modeled-pass
32,32,large-record,4096,candidate-chunked-100-npgsqlbatch-set-plus-getmultiple,True,True,64,2,96.875,9912,9912,0,1455,3152,-116.63230240549828,64,33,224,193,32,32,32,32,32,32,True,True,875936376,modeled-pass
32,32,large-record,4096,candidate-single-roundtrip-npgsqlbatch-set-and-read,True,True,64,1,98.4375,9912,9912,0,1455,1554,-6.804123711340206,64,33,224,193,32,32,32,32,32,32,True,True,875936376,modeled-pass
33,33,small-record,128,candidate-current-npgsqlbatch-set-plus-getmultiple,True,True,66,2,96.96969696969697,9912,9912,0,588,638,-8.503401360544217,66,34,231,199,33,33,33,33,33,33,True,True,-767028229,modeled-pass
33,33,small-record,128,candidate-chunked-100-npgsqlbatch-set-plus-getmultiple,True,True,66,2,96.96969696969697,9912,9912,0,588,642,-9.183673469387756,66,34,231,199,33,33,33,33,33,33,True,True,-767028229,modeled-pass
33,33,small-record,128,candidate-single-roundtrip-npgsqlbatch-set-and-read,True,True,66,1,98.48484848484848,9912,9624,2.9055690072639226,588,571,2.891156462585034,66,34,231,199,33,33,33,33,33,33,True,True,-767028229,modeled-pass
33,33,medium-record,1024,candidate-current-npgsqlbatch-set-plus-getmultiple,True,True,66,2,96.96969696969697,9912,9912,0,863,838,2.8968713789107765,66,34,231,199,33,33,33,33,33,33,True,True,-313748986,modeled-pass
33,33,medium-record,1024,candidate-chunked-100-npgsqlbatch-set-plus-getmultiple,True,True,66,2,96.96969696969697,9912,9912,0,863,817,5.330243337195829,66,34,231,199,33,33,33,33,33,33,True,True,-313748986,modeled-pass
33,33,medium-record,1024,candidate-single-roundtrip-npgsqlbatch-set-and-read,True,True,66,1,98.48484848484848,9912,9912,0,863,784,9.154113557358054,66,34,231,199,33,33,33,33,33,33,True,True,-313748986,modeled-pass
33,33,large-record,4096,candidate-current-npgsqlbatch-set-plus-getmultiple,True,True,66,2,96.96969696969697,9912,9912,0,1495,1519,-1.605351170568562,66,34,231,199,33,33,33,33,33,33,True,True,-1565883897,modeled-pass
33,33,large-record,4096,candidate-chunked-100-npgsqlbatch-set-plus-getmultiple,True,True,66,2,96.96969696969697,9912,9912,0,1495,1501,-0.4013377926421405,66,34,231,199,33,33,33,33,33,33,True,True,-1565883897,modeled-pass
33,33,large-record,4096,candidate-single-roundtrip-npgsqlbatch-set-and-read,True,True,66,1,98.48484848484848,9912,9912,0,1495,1518,-1.5384615384615385,66,34,231,199,33,33,33,33,33,33,True,True,-1565883897,modeled-pass
34,34,small-record,128,candidate-current-npgsqlbatch-set-plus-getmultiple,True,True,68,2,97.05882352941177,9912,9912,0,552,585,-5.978260869565218,68,35,238,205,34,34,34,34,34,34,True,True,1469098496,modeled-pass
34,34,small-record,128,candidate-chunked-100-npgsqlbatch-set-plus-getmultiple,True,True,68,2,97.05882352941177,9912,9912,0,552,666,-20.652173913043477,68,35,238,205,34,34,34,34,34,34,True,True,1469098496,modeled-pass
34,34,small-record,128,candidate-single-roundtrip-npgsqlbatch-set-and-read,True,True,68,1,98.52941176470588,9912,9912,0,552,582,-5.434782608695652,68,35,238,205,34,34,34,34,34,34,True,True,1469098496,modeled-pass
34,34,medium-record,1024,candidate-current-npgsqlbatch-set-plus-getmultiple,True,True,68,2,97.05882352941177,9912,9912,0,786,803,-2.162849872773537,68,35,238,205,34,34,34,34,34,34,True,True,410118035,modeled-pass
34,34,medium-record,1024,candidate-chunked-100-npgsqlbatch-set-plus-getmultiple,True,True,68,2,97.05882352941177,9912,9912,0,786,803,-2.162849872773537,68,35,238,205,34,34,34,34,34,34,True,True,410118035,modeled-pass
34,34,medium-record,1024,candidate-single-roundtrip-npgsqlbatch-set-and-read,True,True,68,1,98.52941176470588,9912,9912,0,786,798,-1.5267175572519085,68,35,238,205,34,34,34,34,34,34,True,True,410118035,modeled-pass
34,34,large-record,4096,candidate-current-npgsqlbatch-set-plus-getmultiple,True,True,68,2,97.05882352941177,9912,9912,0,1521,1402,7.8238001314924395,68,35,238,205,34,34,34,34,34,34,True,True,-1364336597,modeled-pass
34,34,large-record,4096,candidate-chunked-100-npgsqlbatch-set-plus-getmultiple,True,True,68,2,97.05882352941177,9912,9912,0,1521,1743,-14.595660749506903,68,35,238,205,34,34,34,34,34,34,True,True,-1364336597,modeled-pass
34,34,large-record,4096,candidate-single-roundtrip-npgsqlbatch-set-and-read,True,True,68,1,98.52941176470588,9912,9912,0,1521,1553,-2.10387902695595,68,35,238,205,34,34,34,34,34,34,True,True,-1364336597,modeled-pass
35,35,small-record,128,candidate-current-npgsqlbatch-set-plus-getmultiple,True,True,70,2,97.14285714285714,9912,9912,0,611,642,-5.073649754500818,70,36,245,211,35,35,35,35,35,35,True,True,-680042669,modeled-pass
35,35,small-record,128,candidate-chunked-100-npgsqlbatch-set-plus-getmultiple,True,True,70,2,97.14285714285714,9912,9624,2.9055690072639226,611,609,0.32733224222585927,70,36,245,211,35,35,35,35,35,35,True,True,-680042669,modeled-pass
35,35,small-record,128,candidate-single-roundtrip-npgsqlbatch-set-and-read,True,True,70,1,98.57142857142857,9912,9912,0,611,598,2.127659574468085,70,36,245,211,35,35,35,35,35,35,True,True,-680042669,modeled-pass
35,35,medium-record,1024,candidate-current-npgsqlbatch-set-plus-getmultiple,True,True,70,2,97.14285714285714,9624,9912,-2.9925187032418954,802,831,-3.6159600997506236,70,36,245,211,35,35,35,35,35,35,True,True,-1563670482,modeled-pass
35,35,medium-record,1024,candidate-chunked-100-npgsqlbatch-set-plus-getmultiple,True,True,70,2,97.14285714285714,9624,9912,-2.9925187032418954,802,810,-0.9975062344139651,70,36,245,211,35,35,35,35,35,35,True,True,-1563670482,modeled-pass
35,35,medium-record,1024,candidate-single-roundtrip-npgsqlbatch-set-and-read,True,True,70,1,98.57142857142857,9624,9912,-2.9925187032418954,802,795,0.8728179551122195,70,36,245,211,35,35,35,35,35,35,True,True,-1563670482,modeled-pass
35,35,large-record,4096,candidate-current-npgsqlbatch-set-plus-getmultiple,True,True,70,2,97.14285714285714,9912,9912,0,1564,1617,-3.3887468030690537,70,36,245,211,35,35,35,35,35,35,True,True,-319598533,modeled-pass
35,35,large-record,4096,candidate-chunked-100-npgsqlbatch-set-plus-getmultiple,True,True,70,2,97.14285714285714,9912,9912,0,1564,1606,-2.6854219948849103,70,36,245,211,35,35,35,35,35,35,True,True,-319598533,modeled-pass
35,35,large-record,4096,candidate-single-roundtrip-npgsqlbatch-set-and-read,True,True,70,1,98.57142857142857,9912,9912,0,1564,1574,-0.639386189258312,70,36,245,211,35,35,35,35,35,35,True,True,-319598533,modeled-pass
36,36,small-record,128,candidate-current-npgsqlbatch-set-plus-getmultiple,True,True,72,2,97.22222222222223,9912,9912,0,587,611,-4.088586030664395,72,37,252,217,36,36,36,36,36,36,True,True,1790953244,modeled-pass
36,36,small-record,128,candidate-chunked-100-npgsqlbatch-set-plus-getmultiple,True,True,72,2,97.22222222222223,9912,9912,0,587,590,-0.5110732538330494,72,37,252,217,36,36,36,36,36,36,True,True,1790953244,modeled-pass
36,36,small-record,128,candidate-single-roundtrip-npgsqlbatch-set-and-read,True,True,72,1,98.61111111111111,9912,9912,0,587,635,-8.17717206132879,72,37,252,217,36,36,36,36,36,36,True,True,1790953244,modeled-pass
36,36,medium-record,1024,candidate-current-npgsqlbatch-set-plus-getmultiple,True,True,72,2,97.22222222222223,9912,9912,0,847,865,-2.125147579693034,72,37,252,217,36,36,36,36,36,36,True,True,-1396743232,modeled-pass
36,36,medium-record,1024,candidate-chunked-100-npgsqlbatch-set-plus-getmultiple,True,True,72,2,97.22222222222223,9912,9912,0,847,850,-0.3541912632821724,72,37,252,217,36,36,36,36,36,36,True,True,-1396743232,modeled-pass
36,36,medium-record,1024,candidate-single-roundtrip-npgsqlbatch-set-and-read,True,True,72,1,98.61111111111111,9912,9912,0,847,830,2.0070838252656436,72,37,252,217,36,36,36,36,36,36,True,True,-1396743232,modeled-pass
36,36,large-record,4096,candidate-current-npgsqlbatch-set-plus-getmultiple,True,True,72,2,97.22222222222223,9912,9912,0,1657,1686,-1.7501508750754375,72,37,252,217,36,36,36,36,36,36,True,True,-324284530,modeled-pass
36,36,large-record,4096,candidate-chunked-100-npgsqlbatch-set-plus-getmultiple,True,True,72,2,97.22222222222223,9912,9912,0,1657,1633,1.448400724200362,72,37,252,217,36,36,36,36,36,36,True,True,-324284530,modeled-pass
36,36,large-record,4096,candidate-single-roundtrip-npgsqlbatch-set-and-read,True,True,72,1,98.61111111111111,9912,9912,0,1657,1613,2.655401327700664,72,37,252,217,36,36,36,36,36,36,True,True,-324284530,modeled-pass
37,37,small-record,128,candidate-current-npgsqlbatch-set-plus-getmultiple,True,True,74,2,97.29729729729729,9912,9912,0,594,627,-5.555555555555555,74,38,259,223,37,37,37,37,37,37,True,True,1784724207,modeled-pass
37,37,small-record,128,candidate-chunked-100-npgsqlbatch-set-plus-getmultiple,True,True,74,2,97.29729729729729,9912,9912,0,594,607,-2.1885521885521886,74,38,259,223,37,37,37,37,37,37,True,True,1784724207,modeled-pass
37,37,small-record,128,candidate-single-roundtrip-npgsqlbatch-set-and-read,True,True,74,1,98.64864864864865,9912,9912,0,594,595,-0.16835016835016836,74,38,259,223,37,37,37,37,37,37,True,True,1784724207,modeled-pass
37,37,medium-record,1024,candidate-current-npgsqlbatch-set-plus-getmultiple,True,True,74,2,97.29729729729729,9912,9912,0,848,906,-6.839622641509434,74,38,259,223,37,37,37,37,37,37,True,True,-1082907821,modeled-pass
37,37,medium-record,1024,candidate-chunked-100-npgsqlbatch-set-plus-getmultiple,True,True,74,2,97.29729729729729,9912,9912,0,848,859,-1.2971698113207548,74,38,259,223,37,37,37,37,37,37,True,True,-1082907821,modeled-pass
37,37,medium-record,1024,candidate-single-roundtrip-npgsqlbatch-set-and-read,True,True,74,1,98.64864864864865,9912,9912,0,848,902,-6.367924528301887,74,38,259,223,37,37,37,37,37,37,True,True,-1082907821,modeled-pass
37,37,large-record,4096,candidate-current-npgsqlbatch-set-plus-getmultiple,True,True,74,2,97.29729729729729,9912,9912,0,1689,1693,-0.23682652457075193,74,38,259,223,37,37,37,37,37,37,True,True,312271804,modeled-pass
37,37,large-record,4096,candidate-chunked-100-npgsqlbatch-set-plus-getmultiple,True,True,74,2,97.29729729729729,9912,9912,0,1689,1707,-1.0657193605683837,74,38,259,223,37,37,37,37,37,37,True,True,312271804,modeled-pass
37,37,large-record,4096,candidate-single-roundtrip-npgsqlbatch-set-and-read,True,True,74,1,98.64864864864865,9912,9912,0,1689,1789,-5.920663114268798,74,38,259,223,37,37,37,37,37,37,True,True,312271804,modeled-pass
38,38,small-record,128,candidate-current-npgsqlbatch-set-plus-getmultiple,True,True,76,2,97.36842105263158,12152,12152,0,622,760,-22.186495176848876,76,39,266,229,38,38,38,38,38,38,True,True,-1122619247,modeled-pass
38,38,small-record,128,candidate-chunked-100-npgsqlbatch-set-plus-getmultiple,True,True,76,2,97.36842105263158,12152,12152,0,622,652,-4.823151125401929,76,39,266,229,38,38,38,38,38,38,True,True,-1122619247,modeled-pass
38,38,small-record,128,candidate-single-roundtrip-npgsqlbatch-set-and-read,True,True,76,1,98.6842105263158,12152,12152,0,622,640,-2.8938906752411575,76,39,266,229,38,38,38,38,38,38,True,True,-1122619247,modeled-pass
38,38,medium-record,1024,candidate-current-npgsqlbatch-set-plus-getmultiple,True,True,76,2,97.36842105263158,12152,12152,0,877,786,10.376282782212087,76,39,266,229,38,38,38,38,38,38,True,True,889219459,modeled-pass
38,38,medium-record,1024,candidate-chunked-100-npgsqlbatch-set-plus-getmultiple,True,True,76,2,97.36842105263158,12152,12152,0,877,865,1.3683010262257698,76,39,266,229,38,38,38,38,38,38,True,True,889219459,modeled-pass
38,38,medium-record,1024,candidate-single-roundtrip-npgsqlbatch-set-and-read,True,True,76,1,98.6842105263158,12152,12152,0,877,915,-4.3329532497149374,76,39,266,229,38,38,38,38,38,38,True,True,889219459,modeled-pass
38,38,large-record,4096,candidate-current-npgsqlbatch-set-plus-getmultiple,True,True,76,2,97.36842105263158,12152,12152,0,1691,1752,-3.607332939089296,76,39,266,229,38,38,38,38,38,38,True,True,-1776538565,modeled-pass
38,38,large-record,4096,candidate-chunked-100-npgsqlbatch-set-plus-getmultiple,True,True,76,2,97.36842105263158,12152,12152,0,1691,1704,-0.768775872264932,76,39,266,229,38,38,38,38,38,38,True,True,-1776538565,modeled-pass
38,38,large-record,4096,candidate-single-roundtrip-npgsqlbatch-set-and-read,True,True,76,1,98.6842105263158,12152,12152,0,1691,1737,-2.7202838557066826,76,39,266,229,38,38,38,38,38,38,True,True,-1776538565,modeled-pass
39,39,small-record,128,candidate-current-npgsqlbatch-set-plus-getmultiple,True,True,78,2,97.43589743589743,12152,12152,0,728,702,3.5714285714285716,78,40,273,235,39,39,39,39,39,39,True,True,1681071626,modeled-pass
39,39,small-record,128,candidate-chunked-100-npgsqlbatch-set-plus-getmultiple,True,True,78,2,97.43589743589743,12152,12152,0,728,709,2.60989010989011,78,40,273,235,39,39,39,39,39,39,True,True,1681071626,modeled-pass
39,39,small-record,128,candidate-single-roundtrip-npgsqlbatch-set-and-read,True,True,78,1,98.71794871794872,12152,12152,0,728,697,4.258241758241758,78,40,273,235,39,39,39,39,39,39,True,True,1681071626,modeled-pass
39,39,medium-record,1024,candidate-current-npgsqlbatch-set-plus-getmultiple,True,True,78,2,97.43589743589743,12152,12152,0,988,995,-0.708502024291498,78,40,273,235,39,39,39,39,39,39,True,True,1945070693,modeled-pass
39,39,medium-record,1024,candidate-chunked-100-npgsqlbatch-set-plus-getmultiple,True,True,78,2,97.43589743589743,12152,12152,0,988,1072,-8.502024291497976,78,40,273,235,39,39,39,39,39,39,True,True,1945070693,modeled-pass
39,39,medium-record,1024,candidate-single-roundtrip-npgsqlbatch-set-and-read,True,True,78,1,98.71794871794872,12152,12152,0,988,992,-0.4048582995951417,78,40,273,235,39,39,39,39,39,39,True,True,1945070693,modeled-pass
39,39,large-record,4096,candidate-current-npgsqlbatch-set-plus-getmultiple,True,True,78,2,97.43589743589743,12152,12152,0,1828,1829,-0.05470459518599562,78,40,273,235,39,39,39,39,39,39,True,True,1877328943,modeled-pass
39,39,large-record,4096,candidate-chunked-100-npgsqlbatch-set-plus-getmultiple,True,True,78,2,97.43589743589743,12152,12152,0,1828,1830,-0.10940919037199125,78,40,273,235,39,39,39,39,39,39,True,True,1877328943,modeled-pass
39,39,large-record,4096,candidate-single-roundtrip-npgsqlbatch-set-and-read,True,True,78,1,98.71794871794872,12152,12152,0,1828,1876,-2.62582056892779,78,40,273,235,39,39,39,39,39,39,True,True,1877328943,modeled-pass
40,40,small-record,128,candidate-current-npgsqlbatch-set-plus-getmultiple,True,True,80,2,97.5,12152,12152,0,1311,797,39.20671243325705,80,41,280,241,40,40,40,40,40,40,True,True,2036443285,modeled-pass
40,40,small-record,128,candidate-chunked-100-npgsqlbatch-set-plus-getmultiple,True,True,80,2,97.5,12152,12152,0,1311,821,37.376048817696415,80,41,280,241,40,40,40,40,40,40,True,True,2036443285,modeled-pass
40,40,small-record,128,candidate-single-roundtrip-npgsqlbatch-set-and-read,True,True,80,1,98.75,12152,12152,0,1311,770,41.26620900076278,80,41,280,241,40,40,40,40,40,40,True,True,2036443285,modeled-pass
40,40,medium-record,1024,candidate-current-npgsqlbatch-set-plus-getmultiple,True,True,80,2,97.5,12152,12152,0,1215,1021,15.96707818930041,80,41,280,241,40,40,40,40,40,40,True,True,-1821383985,modeled-pass
40,40,medium-record,1024,candidate-chunked-100-npgsqlbatch-set-plus-getmultiple,True,True,80,2,97.5,12152,11864,2.369980250164582,1215,948,21.97530864197531,80,41,280,241,40,40,40,40,40,40,True,True,-1821383985,modeled-pass
40,40,medium-record,1024,candidate-single-roundtrip-npgsqlbatch-set-and-read,True,True,80,1,98.75,12152,12152,0,1215,929,23.53909465020576,80,41,280,241,40,40,40,40,40,40,True,True,-1821383985,modeled-pass
40,40,large-record,4096,candidate-current-npgsqlbatch-set-plus-getmultiple,True,True,80,2,97.5,12152,12152,0,1807,1866,-3.2650802434975095,80,41,280,241,40,40,40,40,40,40,True,True,1720150290,modeled-pass
40,40,large-record,4096,candidate-chunked-100-npgsqlbatch-set-plus-getmultiple,True,True,80,2,97.5,12152,12152,0,1807,1725,4.537908135030437,80,41,280,241,40,40,40,40,40,40,True,True,1720150290,modeled-pass
40,40,large-record,4096,candidate-single-roundtrip-npgsqlbatch-set-and-read,True,True,80,1,98.75,12152,12152,0,1807,2208,-22.19147758716104,80,41,280,241,40,40,40,40,40,40,True,True,1720150290,modeled-pass
41,41,small-record,128,candidate-current-npgsqlbatch-set-plus-getmultiple,True,True,82,2,97.5609756097561,12152,12152,0,738,778,-5.420054200542006,82,42,287,247,41,41,41,41,41,41,True,True,2125978035,modeled-pass
41,41,small-record,128,candidate-chunked-100-npgsqlbatch-set-plus-getmultiple,True,True,82,2,97.5609756097561,12152,12152,0,738,979,-32.65582655826558,82,42,287,247,41,41,41,41,41,41,True,True,2125978035,modeled-pass
41,41,small-record,128,candidate-single-roundtrip-npgsqlbatch-set-and-read,True,True,82,1,98.78048780487805,12152,12152,0,738,807,-9.34959349593496,82,42,287,247,41,41,41,41,41,41,True,True,2125978035,modeled-pass
41,41,medium-record,1024,candidate-current-npgsqlbatch-set-plus-getmultiple,True,True,82,2,97.5609756097561,12152,12152,0,1102,1068,3.0852994555353903,82,42,287,247,41,41,41,41,41,41,True,True,-858944939,modeled-pass
41,41,medium-record,1024,candidate-chunked-100-npgsqlbatch-set-plus-getmultiple,True,True,82,2,97.5609756097561,12152,12152,0,1102,1080,1.9963702359346642,82,42,287,247,41,41,41,41,41,41,True,True,-858944939,modeled-pass
41,41,medium-record,1024,candidate-single-roundtrip-npgsqlbatch-set-and-read,True,True,82,1,98.78048780487805,12152,12152,0,1102,1080,1.9963702359346642,82,42,287,247,41,41,41,41,41,41,True,True,-858944939,modeled-pass
41,41,large-record,4096,candidate-current-npgsqlbatch-set-plus-getmultiple,True,True,82,2,97.5609756097561,12152,12152,0,2051,2008,2.096538274012677,82,42,287,247,41,41,41,41,41,41,True,True,-170250810,modeled-pass
41,41,large-record,4096,candidate-chunked-100-npgsqlbatch-set-plus-getmultiple,True,True,82,2,97.5609756097561,12152,12152,0,2051,2016,1.7064846416382253,82,42,287,247,41,41,41,41,41,41,True,True,-170250810,modeled-pass
41,41,large-record,4096,candidate-single-roundtrip-npgsqlbatch-set-and-read,True,True,82,1,98.78048780487805,12152,12152,0,2051,1985,3.217942467089225,82,42,287,247,41,41,41,41,41,41,True,True,-170250810,modeled-pass
42,42,small-record,128,candidate-current-npgsqlbatch-set-plus-getmultiple,True,True,84,2,97.61904761904762,12152,12152,0,785,790,-0.6369426751592356,84,43,294,253,42,42,42,42,42,42,True,True,-1435576542,modeled-pass
42,42,small-record,128,candidate-chunked-100-npgsqlbatch-set-plus-getmultiple,True,True,84,2,97.61904761904762,12152,12152,0,785,803,-2.2929936305732483,84,43,294,253,42,42,42,42,42,42,True,True,-1435576542,modeled-pass
42,42,small-record,128,candidate-single-roundtrip-npgsqlbatch-set-and-read,True,True,84,1,98.80952380952381,12152,12152,0,785,812,-3.4394904458598727,84,43,294,253,42,42,42,42,42,42,True,True,-1435576542,modeled-pass
42,42,medium-record,1024,candidate-current-npgsqlbatch-set-plus-getmultiple,True,True,84,2,97.61904761904762,12152,12152,0,1060,1173,-10.660377358490566,84,43,294,253,42,42,42,42,42,42,True,True,934065686,modeled-pass
42,42,medium-record,1024,candidate-chunked-100-npgsqlbatch-set-plus-getmultiple,True,True,84,2,97.61904761904762,12152,12152,0,1060,1096,-3.3962264150943398,84,43,294,253,42,42,42,42,42,42,True,True,934065686,modeled-pass
42,42,medium-record,1024,candidate-single-roundtrip-npgsqlbatch-set-and-read,True,True,84,1,98.80952380952381,12152,12152,0,1060,1139,-7.452830188679245,84,43,294,253,42,42,42,42,42,42,True,True,934065686,modeled-pass
42,42,large-record,4096,candidate-current-npgsqlbatch-set-plus-getmultiple,True,True,84,2,97.61904761904762,12152,12152,0,2174,2147,1.2419503219871204,84,43,294,253,42,42,42,42,42,42,True,True,-292097111,modeled-pass
42,42,large-record,4096,candidate-chunked-100-npgsqlbatch-set-plus-getmultiple,True,True,84,2,97.61904761904762,12152,12152,0,2174,1960,9.84360625574977,84,43,294,253,42,42,42,42,42,42,True,True,-292097111,modeled-pass
42,42,large-record,4096,candidate-single-roundtrip-npgsqlbatch-set-and-read,True,True,84,1,98.80952380952381,12152,12152,0,2174,2043,6.025758969641214,84,43,294,253,42,42,42,42,42,42,True,True,-292097111,modeled-pass
43,43,small-record,128,candidate-current-npgsqlbatch-set-plus-getmultiple,True,True,86,2,97.67441860465117,12152,12152,0,1018,877,13.850687622789783,86,44,301,259,43,43,43,43,43,43,True,True,738433240,modeled-pass
43,43,small-record,128,candidate-chunked-100-npgsqlbatch-set-plus-getmultiple,True,True,86,2,97.67441860465117,12152,12152,0,1018,926,9.037328094302554,86,44,301,259,43,43,43,43,43,43,True,True,738433240,modeled-pass
43,43,small-record,128,candidate-single-roundtrip-npgsqlbatch-set-and-read,True,True,86,1,98.83720930232558,12152,12152,0,1018,857,15.81532416502947,86,44,301,259,43,43,43,43,43,43,True,True,738433240,modeled-pass
43,43,medium-record,1024,candidate-current-npgsqlbatch-set-plus-getmultiple,True,True,86,2,97.67441860465117,12152,12152,0,1123,1147,-2.13713268032057,86,44,301,259,43,43,43,43,43,43,True,True,252416651,modeled-pass
43,43,medium-record,1024,candidate-chunked-100-npgsqlbatch-set-plus-getmultiple,True,True,86,2,97.67441860465117,12152,12152,0,1123,1094,2.5823686553873553,86,44,301,259,43,43,43,43,43,43,True,True,252416651,modeled-pass
43,43,medium-record,1024,candidate-single-roundtrip-npgsqlbatch-set-and-read,True,True,86,1,98.83720930232558,12152,12152,0,1123,1328,-18.2546749777382,86,44,301,259,43,43,43,43,43,43,True,True,252416651,modeled-pass
43,43,large-record,4096,candidate-current-npgsqlbatch-set-plus-getmultiple,True,True,86,2,97.67441860465117,12152,12152,0,2046,2043,0.1466275659824047,86,44,301,259,43,43,43,43,43,43,True,True,-1119640481,modeled-pass
43,43,large-record,4096,candidate-chunked-100-npgsqlbatch-set-plus-getmultiple,True,True,86,2,97.67441860465117,12152,12152,0,2046,2044,0.09775171065493646,86,44,301,259,43,43,43,43,43,43,True,True,-1119640481,modeled-pass
43,43,large-record,4096,candidate-single-roundtrip-npgsqlbatch-set-and-read,True,True,86,1,98.83720930232558,12152,12152,0,2046,2036,0.4887585532746823,86,44,301,259,43,43,43,43,43,43,True,True,-1119640481,modeled-pass
44,44,small-record,128,candidate-current-npgsqlbatch-set-plus-getmultiple,True,True,88,2,97.72727272727273,12152,12152,0,814,891,-9.45945945945946,88,45,308,265,44,44,44,44,44,44,True,True,-1011626543,modeled-pass
44,44,small-record,128,candidate-chunked-100-npgsqlbatch-set-plus-getmultiple,True,True,88,2,97.72727272727273,12152,12152,0,814,905,-11.17936117936118,88,45,308,265,44,44,44,44,44,44,True,True,-1011626543,modeled-pass
44,44,small-record,128,candidate-single-roundtrip-npgsqlbatch-set-and-read,True,True,88,1,98.86363636363636,12152,12152,0,814,894,-9.828009828009828,88,45,308,265,44,44,44,44,44,44,True,True,-1011626543,modeled-pass
44,44,medium-record,1024,candidate-current-npgsqlbatch-set-plus-getmultiple,True,True,88,2,97.72727272727273,12152,12152,0,1164,1188,-2.0618556701030926,88,45,308,265,44,44,44,44,44,44,True,True,-587819966,modeled-pass
44,44,medium-record,1024,candidate-chunked-100-npgsqlbatch-set-plus-getmultiple,True,True,88,2,97.72727272727273,12152,12152,0,1164,1186,-1.8900343642611683,88,45,308,265,44,44,44,44,44,44,True,True,-587819966,modeled-pass
44,44,medium-record,1024,candidate-single-roundtrip-npgsqlbatch-set-and-read,True,True,88,1,98.86363636363636,12152,12152,0,1164,1272,-9.278350515463918,88,45,308,265,44,44,44,44,44,44,True,True,-587819966,modeled-pass
44,44,large-record,4096,candidate-current-npgsqlbatch-set-plus-getmultiple,True,True,88,2,97.72727272727273,12152,12152,0,2339,2152,7.994869602394186,88,45,308,265,44,44,44,44,44,44,True,True,1719533612,modeled-pass
44,44,large-record,4096,candidate-chunked-100-npgsqlbatch-set-plus-getmultiple,True,True,88,2,97.72727272727273,12152,12152,0,2339,2095,10.431808465156049,88,45,308,265,44,44,44,44,44,44,True,True,1719533612,modeled-pass
44,44,large-record,4096,candidate-single-roundtrip-npgsqlbatch-set-and-read,True,True,88,1,98.86363636363636,12152,12152,0,2339,2065,11.714407866609662,88,45,308,265,44,44,44,44,44,44,True,True,1719533612,modeled-pass
45,45,small-record,128,candidate-current-npgsqlbatch-set-plus-getmultiple,True,True,90,2,97.77777777777777,12152,12152,0,826,817,1.089588377723971,90,46,315,271,45,45,45,45,45,45,True,True,-1824048590,modeled-pass
45,45,small-record,128,candidate-chunked-100-npgsqlbatch-set-plus-getmultiple,True,True,90,2,97.77777777777777,12152,12152,0,826,820,0.7263922518159807,90,46,315,271,45,45,45,45,45,45,True,True,-1824048590,modeled-pass
45,45,small-record,128,candidate-single-roundtrip-npgsqlbatch-set-and-read,True,True,90,1,98.88888888888889,12152,12152,0,826,872,-5.5690072639225185,90,46,315,271,45,45,45,45,45,45,True,True,-1824048590,modeled-pass
45,45,medium-record,1024,candidate-current-npgsqlbatch-set-plus-getmultiple,True,True,90,2,97.77777777777777,12152,12152,0,1237,1205,2.5869037995149555,90,46,315,271,45,45,45,45,45,45,True,True,-409313010,modeled-pass
45,45,medium-record,1024,candidate-chunked-100-npgsqlbatch-set-plus-getmultiple,True,True,90,2,97.77777777777777,12152,12152,0,1237,1270,-2.667744543249798,90,46,315,271,45,45,45,45,45,45,True,True,-409313010,modeled-pass
45,45,medium-record,1024,candidate-single-roundtrip-npgsqlbatch-set-and-read,True,True,90,1,98.88888888888889,12152,12152,0,1237,1412,-14.147130153597413,90,46,315,271,45,45,45,45,45,45,True,True,-409313010,modeled-pass
45,45,large-record,4096,candidate-current-npgsqlbatch-set-plus-getmultiple,True,True,90,2,97.77777777777777,12152,12152,0,2155,2148,0.3248259860788863,90,46,315,271,45,45,45,45,45,45,True,True,703754414,modeled-pass
45,45,large-record,4096,candidate-chunked-100-npgsqlbatch-set-plus-getmultiple,True,True,90,2,97.77777777777777,12152,12152,0,2155,2149,0.27842227378190254,90,46,315,271,45,45,45,45,45,45,True,True,703754414,modeled-pass
45,45,large-record,4096,candidate-single-roundtrip-npgsqlbatch-set-and-read,True,True,90,1,98.88888888888889,12152,12152,0,2155,2132,1.0672853828306264,90,46,315,271,45,45,45,45,45,45,True,True,703754414,modeled-pass
46,46,small-record,128,candidate-current-npgsqlbatch-set-plus-getmultiple,True,True,92,2,97.82608695652173,12152,12152,0,868,1027,-18.317972350230416,92,47,322,277,46,46,46,46,46,46,True,True,1017572336,modeled-pass
46,46,small-record,128,candidate-chunked-100-npgsqlbatch-set-plus-getmultiple,True,True,92,2,97.82608695652173,12152,12152,0,868,1074,-23.732718894009217,92,47,322,277,46,46,46,46,46,46,True,True,1017572336,modeled-pass
46,46,small-record,128,candidate-single-roundtrip-npgsqlbatch-set-and-read,True,True,92,1,98.91304347826087,12152,12152,0,868,882,-1.6129032258064515,92,47,322,277,46,46,46,46,46,46,True,True,1017572336,modeled-pass
46,46,medium-record,1024,candidate-current-npgsqlbatch-set-plus-getmultiple,True,True,92,2,97.82608695652173,12152,12152,0,1185,1160,2.109704641350211,92,47,322,277,46,46,46,46,46,46,True,True,1167720318,modeled-pass
46,46,medium-record,1024,candidate-chunked-100-npgsqlbatch-set-plus-getmultiple,True,True,92,2,97.82608695652173,12152,12152,0,1185,1162,1.9409282700421941,92,47,322,277,46,46,46,46,46,46,True,True,1167720318,modeled-pass
46,46,medium-record,1024,candidate-single-roundtrip-npgsqlbatch-set-and-read,True,True,92,1,98.91304347826087,12152,12152,0,1185,1140,3.7974683544303796,92,47,322,277,46,46,46,46,46,46,True,True,1167720318,modeled-pass
46,46,large-record,4096,candidate-current-npgsqlbatch-set-plus-getmultiple,True,True,92,2,97.82608695652173,12152,12152,0,2311,2385,-3.202077022933795,92,47,322,277,46,46,46,46,46,46,True,True,-1967688770,modeled-pass
46,46,large-record,4096,candidate-chunked-100-npgsqlbatch-set-plus-getmultiple,True,True,92,2,97.82608695652173,12152,12152,0,2311,2205,4.586758978797057,92,47,322,277,46,46,46,46,46,46,True,True,-1967688770,modeled-pass
46,46,large-record,4096,candidate-single-roundtrip-npgsqlbatch-set-and-read,True,True,92,1,98.91304347826087,12152,12152,0,2311,2150,6.96668109043704,92,47,322,277,46,46,46,46,46,46,True,True,-1967688770,modeled-pass
47,47,small-record,128,candidate-current-npgsqlbatch-set-plus-getmultiple,True,True,94,2,97.87234042553192,12152,12152,0,863,869,-0.6952491309385863,94,48,329,283,47,47,47,47,47,47,True,True,-377277243,modeled-pass
47,47,small-record,128,candidate-chunked-100-npgsqlbatch-set-plus-getmultiple,True,True,94,2,97.87234042553192,12152,12152,0,863,882,-2.20162224797219,94,48,329,283,47,47,47,47,47,47,True,True,-377277243,modeled-pass
47,47,small-record,128,candidate-single-roundtrip-npgsqlbatch-set-and-read,True,True,94,1,98.93617021276596,12152,12152,0,863,849,1.6222479721900347,94,48,329,283,47,47,47,47,47,47,True,True,-377277243,modeled-pass
47,47,medium-record,1024,candidate-current-npgsqlbatch-set-plus-getmultiple,True,True,94,2,97.87234042553192,12152,12152,0,1160,1165,-0.43103448275862066,94,48,329,283,47,47,47,47,47,47,True,True,-2040348789,modeled-pass
47,47,medium-record,1024,candidate-chunked-100-npgsqlbatch-set-plus-getmultiple,True,True,94,2,97.87234042553192,12152,12152,0,1160,1169,-0.7758620689655172,94,48,329,283,47,47,47,47,47,47,True,True,-2040348789,modeled-pass
47,47,medium-record,1024,candidate-single-roundtrip-npgsqlbatch-set-and-read,True,True,94,1,98.93617021276596,12152,12152,0,1160,1154,0.5172413793103449,94,48,329,283,47,47,47,47,47,47,True,True,-2040348789,modeled-pass
47,47,large-record,4096,candidate-current-npgsqlbatch-set-plus-getmultiple,True,True,94,2,97.87234042553192,12152,12152,0,2170,1921,11.474654377880185,94,48,329,283,47,47,47,47,47,47,True,True,-2124471515,modeled-pass
47,47,large-record,4096,candidate-chunked-100-npgsqlbatch-set-plus-getmultiple,True,True,94,2,97.87234042553192,12152,12152,0,2170,2239,-3.1797235023041477,94,48,329,283,47,47,47,47,47,47,True,True,-2124471515,modeled-pass
47,47,large-record,4096,candidate-single-roundtrip-npgsqlbatch-set-and-read,True,True,94,1,98.93617021276596,12152,12152,0,2170,2358,-8.663594470046084,94,48,329,283,47,47,47,47,47,47,True,True,-2124471515,modeled-pass
48,48,small-record,128,candidate-current-npgsqlbatch-set-plus-getmultiple,True,True,96,2,97.91666666666667,14840,14840,0,831,841,-1.203369434416366,96,49,336,289,48,48,48,48,48,48,True,True,475980802,modeled-pass
48,48,small-record,128,candidate-chunked-100-npgsqlbatch-set-plus-getmultiple,True,True,96,2,97.91666666666667,14840,14840,0,831,844,-1.5643802647412757,96,49,336,289,48,48,48,48,48,48,True,True,475980802,modeled-pass
48,48,small-record,128,candidate-single-roundtrip-npgsqlbatch-set-and-read,True,True,96,1,98.95833333333333,14840,14840,0,831,827,0.4813477737665463,96,49,336,289,48,48,48,48,48,48,True,True,475980802,modeled-pass
48,48,medium-record,1024,candidate-current-npgsqlbatch-set-plus-getmultiple,True,True,96,2,97.91666666666667,14840,14840,0,1184,1131,4.476351351351352,96,49,336,289,48,48,48,48,48,48,True,True,301125213,modeled-pass
48,48,medium-record,1024,candidate-chunked-100-npgsqlbatch-set-plus-getmultiple,True,True,96,2,97.91666666666667,14840,14840,0,1184,1207,-1.9425675675675675,96,49,336,289,48,48,48,48,48,48,True,True,301125213,modeled-pass
48,48,medium-record,1024,candidate-single-roundtrip-npgsqlbatch-set-and-read,True,True,96,1,98.95833333333333,14840,14840,0,1184,1129,4.64527027027027,96,49,336,289,48,48,48,48,48,48,True,True,301125213,modeled-pass
48,48,large-record,4096,candidate-current-npgsqlbatch-set-plus-getmultiple,True,True,96,2,97.91666666666667,14840,14840,0,2189,2190,-0.04568296025582458,96,49,336,289,48,48,48,48,48,48,True,True,-460309797,modeled-pass
48,48,large-record,4096,candidate-chunked-100-npgsqlbatch-set-plus-getmultiple,True,True,96,2,97.91666666666667,14840,14840,0,2189,2201,-0.5481955230698949,96,49,336,289,48,48,48,48,48,48,True,True,-460309797,modeled-pass
48,48,large-record,4096,candidate-single-roundtrip-npgsqlbatch-set-and-read,True,True,96,1,98.95833333333333,14840,14840,0,2189,2378,-8.634079488350846,96,49,336,289,48,48,48,48,48,48,True,True,-460309797,modeled-pass
49,49,small-record,128,candidate-current-npgsqlbatch-set-plus-getmultiple,True,True,98,2,97.95918367346938,14840,14840,0,839,979,-16.6865315852205,98,50,343,295,49,49,49,49,49,49,True,True,-701414020,modeled-pass
49,49,small-record,128,candidate-chunked-100-npgsqlbatch-set-plus-getmultiple,True,True,98,2,97.95918367346938,14840,14840,0,839,1066,-27.056019070321813,98,50,343,295,49,49,49,49,49,49,True,True,-701414020,modeled-pass
49,49,small-record,128,candidate-single-roundtrip-npgsqlbatch-set-and-read,True,True,98,1,98.9795918367347,14840,14840,0,839,1126,-34.207389749702024,98,50,343,295,49,49,49,49,49,49,True,True,-701414020,modeled-pass
49,49,medium-record,1024,candidate-current-npgsqlbatch-set-plus-getmultiple,True,True,98,2,97.95918367346938,14840,14840,0,1379,1358,1.5228426395939085,98,50,343,295,49,49,49,49,49,49,True,True,-1762764436,modeled-pass
49,49,medium-record,1024,candidate-chunked-100-npgsqlbatch-set-plus-getmultiple,True,True,98,2,97.95918367346938,14840,14840,0,1379,1306,5.293691080493111,98,50,343,295,49,49,49,49,49,49,True,True,-1762764436,modeled-pass
49,49,medium-record,1024,candidate-single-roundtrip-npgsqlbatch-set-and-read,True,True,98,1,98.9795918367347,14840,14840,0,1379,1312,4.85859318346628,98,50,343,295,49,49,49,49,49,49,True,True,-1762764436,modeled-pass
49,49,large-record,4096,candidate-current-npgsqlbatch-set-plus-getmultiple,True,True,98,2,97.95918367346938,14840,14840,0,2367,2763,-16.730038022813687,98,50,343,295,49,49,49,49,49,49,True,True,842219275,modeled-pass
49,49,large-record,4096,candidate-chunked-100-npgsqlbatch-set-plus-getmultiple,True,True,98,2,97.95918367346938,14840,14840,0,2367,2506,-5.8724123362906635,98,50,343,295,49,49,49,49,49,49,True,True,842219275,modeled-pass
49,49,large-record,4096,candidate-single-roundtrip-npgsqlbatch-set-and-read,True,True,98,1,98.9795918367347,14840,14840,0,2367,2403,-1.520912547528517,98,50,343,295,49,49,49,49,49,49,True,True,842219275,modeled-pass
50,50,small-record,128,candidate-current-npgsqlbatch-set-plus-getmultiple,True,True,100,2,98,14840,14840,0,1088,1066,2.0220588235294117,100,51,350,301,50,50,50,50,50,50,True,True,898941775,modeled-pass
50,50,small-record,128,candidate-chunked-100-npgsqlbatch-set-plus-getmultiple,True,True,100,2,98,14840,14840,0,1088,1072,1.4705882352941178,100,51,350,301,50,50,50,50,50,50,True,True,898941775,modeled-pass
50,50,small-record,128,candidate-single-roundtrip-npgsqlbatch-set-and-read,True,True,100,1,99,14840,14840,0,1088,942,13.419117647058824,100,51,350,301,50,50,50,50,50,50,True,True,898941775,modeled-pass
50,50,medium-record,1024,candidate-current-npgsqlbatch-set-plus-getmultiple,True,True,100,2,98,14840,14840,0,1273,1272,0.07855459544383346,100,51,350,301,50,50,50,50,50,50,True,True,-1839166607,modeled-pass
50,50,medium-record,1024,candidate-chunked-100-npgsqlbatch-set-plus-getmultiple,True,True,100,2,98,14840,14840,0,1273,1312,-3.063629222309505,100,51,350,301,50,50,50,50,50,50,True,True,-1839166607,modeled-pass
50,50,medium-record,1024,candidate-single-roundtrip-npgsqlbatch-set-and-read,True,True,100,1,99,14840,14552,1.940700808625337,1273,1367,-7.384131971720346,100,51,350,301,50,50,50,50,50,50,True,True,-1839166607,modeled-pass
50,50,large-record,4096,candidate-current-npgsqlbatch-set-plus-getmultiple,True,True,100,2,98,14840,14840,0,2466,2473,-0.28386050283860503,100,51,350,301,50,50,50,50,50,50,True,True,-192537687,modeled-pass
50,50,large-record,4096,candidate-chunked-100-npgsqlbatch-set-plus-getmultiple,True,True,100,2,98,14840,14840,0,2466,2490,-0.9732360097323601,100,51,350,301,50,50,50,50,50,50,True,True,-192537687,modeled-pass
50,50,large-record,4096,candidate-single-roundtrip-npgsqlbatch-set-and-read,True,True,100,1,99,14840,14840,0,2466,2561,-3.8523925385239255,100,51,350,301,50,50,50,50,50,50,True,True,-192537687,modeled-pass
51,51,small-record,128,candidate-current-npgsqlbatch-set-plus-getmultiple,True,True,102,2,98.03921568627452,14840,14840,0,1050,1095,-4.285714285714286,102,52,357,307,51,51,51,51,51,51,True,True,-1116507877,modeled-pass
51,51,small-record,128,candidate-chunked-100-npgsqlbatch-set-plus-getmultiple,True,True,102,2,98.03921568627452,14840,14840,0,1050,1090,-3.8095238095238093,102,52,357,307,51,51,51,51,51,51,True,True,-1116507877,modeled-pass
51,51,small-record,128,candidate-single-roundtrip-npgsqlbatch-set-and-read,True,True,102,1,99.01960784313725,14840,14840,0,1050,1072,-2.0952380952380953,102,52,357,307,51,51,51,51,51,51,True,True,-1116507877,modeled-pass
51,51,medium-record,1024,candidate-current-npgsqlbatch-set-plus-getmultiple,True,True,102,2,98.03921568627452,14840,14840,0,1306,1526,-16.84532924961715,102,52,357,307,51,51,51,51,51,51,True,True,1372998773,modeled-pass
51,51,medium-record,1024,candidate-chunked-100-npgsqlbatch-set-plus-getmultiple,True,True,102,2,98.03921568627452,14840,14840,0,1306,1415,-8.346094946401225,102,52,357,307,51,51,51,51,51,51,True,True,1372998773,modeled-pass
51,51,medium-record,1024,candidate-single-roundtrip-npgsqlbatch-set-and-read,True,True,102,1,99.01960784313725,14840,14840,0,1306,1416,-8.422664624808576,102,52,357,307,51,51,51,51,51,51,True,True,1372998773,modeled-pass
51,51,large-record,4096,candidate-current-npgsqlbatch-set-plus-getmultiple,True,True,102,2,98.03921568627452,14840,14840,0,2541,2379,6.375442739079102,102,52,357,307,51,51,51,51,51,51,True,True,-1011427561,modeled-pass
51,51,large-record,4096,candidate-chunked-100-npgsqlbatch-set-plus-getmultiple,True,True,102,2,98.03921568627452,14840,14840,0,2541,2647,-4.171585989767808,102,52,357,307,51,51,51,51,51,51,True,True,-1011427561,modeled-pass
51,51,large-record,4096,candidate-single-roundtrip-npgsqlbatch-set-and-read,True,True,102,1,99.01960784313725,14840,14840,0,2541,2546,-0.19677292404565133,102,52,357,307,51,51,51,51,51,51,True,True,-1011427561,modeled-pass
52,52,small-record,128,candidate-current-npgsqlbatch-set-plus-getmultiple,True,True,104,2,98.07692307692308,14840,14840,0,1126,1142,-1.4209591474245116,104,53,364,313,52,52,52,52,52,52,True,True,-1944419320,modeled-pass
52,52,small-record,128,candidate-chunked-100-npgsqlbatch-set-plus-getmultiple,True,True,104,2,98.07692307692308,14840,14840,0,1126,1135,-0.7992895204262878,104,53,364,313,52,52,52,52,52,52,True,True,-1944419320,modeled-pass
52,52,small-record,128,candidate-single-roundtrip-npgsqlbatch-set-and-read,True,True,104,1,99.03846153846153,14840,14840,0,1126,1282,-13.854351687388988,104,53,364,313,52,52,52,52,52,52,True,True,-1944419320,modeled-pass
52,52,medium-record,1024,candidate-current-npgsqlbatch-set-plus-getmultiple,True,True,104,2,98.07692307692308,14840,14840,0,1526,1530,-0.2621231979030144,104,53,364,313,52,52,52,52,52,52,True,True,502772929,modeled-pass
52,52,medium-record,1024,candidate-chunked-100-npgsqlbatch-set-plus-getmultiple,True,True,104,2,98.07692307692308,14840,14840,0,1526,1744,-14.285714285714286,104,53,364,313,52,52,52,52,52,52,True,True,502772929,modeled-pass
52,52,medium-record,1024,candidate-single-roundtrip-npgsqlbatch-set-and-read,True,True,104,1,99.03846153846153,14840,14840,0,1526,1548,-1.4416775884665793,104,53,364,313,52,52,52,52,52,52,True,True,502772929,modeled-pass
52,52,large-record,4096,candidate-current-npgsqlbatch-set-plus-getmultiple,True,True,104,2,98.07692307692308,14840,14840,0,2704,2732,-1.0355029585798816,104,53,364,313,52,52,52,52,52,52,True,True,1882065538,modeled-pass
52,52,large-record,4096,candidate-chunked-100-npgsqlbatch-set-plus-getmultiple,True,True,104,2,98.07692307692308,14840,14840,0,2704,2753,-1.8121301775147929,104,53,364,313,52,52,52,52,52,52,True,True,1882065538,modeled-pass
52,52,large-record,4096,candidate-single-roundtrip-npgsqlbatch-set-and-read,True,True,104,1,99.03846153846153,14840,14840,0,2704,2718,-0.5177514792899408,104,53,364,313,52,52,52,52,52,52,True,True,1882065538,modeled-pass
53,53,small-record,128,candidate-current-npgsqlbatch-set-plus-getmultiple,True,True,106,2,98.11320754716981,14840,14840,0,1231,1232,-0.08123476848090982,106,54,371,319,53,53,53,53,53,53,True,True,806367742,modeled-pass
53,53,small-record,128,candidate-chunked-100-npgsqlbatch-set-plus-getmultiple,True,True,106,2,98.11320754716981,14840,14840,0,1231,1248,-1.380991064175467,106,54,371,319,53,53,53,53,53,53,True,True,806367742,modeled-pass
53,53,small-record,128,candidate-single-roundtrip-npgsqlbatch-set-and-read,True,True,106,1,99.05660377358491,14840,14840,0,1231,1253,-1.7871649065800161,106,54,371,319,53,53,53,53,53,53,True,True,806367742,modeled-pass
53,53,medium-record,1024,candidate-current-npgsqlbatch-set-plus-getmultiple,True,True,106,2,98.11320754716981,14840,14840,0,1640,1579,3.7195121951219514,106,54,371,319,53,53,53,53,53,53,True,True,1476397495,modeled-pass
53,53,medium-record,1024,candidate-chunked-100-npgsqlbatch-set-plus-getmultiple,True,True,106,2,98.11320754716981,14840,14840,0,1640,1601,2.3780487804878048,106,54,371,319,53,53,53,53,53,53,True,True,1476397495,modeled-pass
53,53,medium-record,1024,candidate-single-roundtrip-npgsqlbatch-set-and-read,True,True,106,1,99.05660377358491,14840,14840,0,1640,1570,4.2682926829268295,106,54,371,319,53,53,53,53,53,53,True,True,1476397495,modeled-pass
53,53,large-record,4096,candidate-current-npgsqlbatch-set-plus-getmultiple,True,True,106,2,98.11320754716981,14840,14840,0,2932,3077,-4.945429740791269,106,54,371,319,53,53,53,53,53,53,True,True,-1174929494,modeled-pass
53,53,large-record,4096,candidate-chunked-100-npgsqlbatch-set-plus-getmultiple,True,True,106,2,98.11320754716981,14840,14840,0,2932,2821,3.7858117326057297,106,54,371,319,53,53,53,53,53,53,True,True,-1174929494,modeled-pass
53,53,large-record,4096,candidate-single-roundtrip-npgsqlbatch-set-and-read,True,True,106,1,99.05660377358491,14840,14840,0,2932,2802,4.433833560709413,106,54,371,319,53,53,53,53,53,53,True,True,-1174929494,modeled-pass
54,54,small-record,128,candidate-current-npgsqlbatch-set-plus-getmultiple,True,True,108,2,98.14814814814815,14840,14840,0,1308,1315,-0.5351681957186545,108,55,378,325,54,54,54,54,54,54,True,True,-1137003047,modeled-pass
54,54,small-record,128,candidate-chunked-100-npgsqlbatch-set-plus-getmultiple,True,True,108,2,98.14814814814815,14840,14840,0,1308,1293,1.146788990825688,108,55,378,325,54,54,54,54,54,54,True,True,-1137003047,modeled-pass
54,54,small-record,128,candidate-single-roundtrip-npgsqlbatch-set-and-read,True,True,108,1,99.07407407407408,14840,14840,0,1308,1305,0.22935779816513763,108,55,378,325,54,54,54,54,54,54,True,True,-1137003047,modeled-pass
54,54,medium-record,1024,candidate-current-npgsqlbatch-set-plus-getmultiple,True,True,108,2,98.14814814814815,14840,14840,0,1779,1710,3.87858347386172,108,55,378,325,54,54,54,54,54,54,True,True,1082579679,modeled-pass
54,54,medium-record,1024,candidate-chunked-100-npgsqlbatch-set-plus-getmultiple,True,True,108,2,98.14814814814815,14840,14840,0,1779,1626,8.600337268128161,108,55,378,325,54,54,54,54,54,54,True,True,1082579679,modeled-pass
54,54,medium-record,1024,candidate-single-roundtrip-npgsqlbatch-set-and-read,True,True,108,1,99.07407407407408,14840,14840,0,1779,1599,10.118043844856661,108,55,378,325,54,54,54,54,54,54,True,True,1082579679,modeled-pass
54,54,large-record,4096,candidate-current-npgsqlbatch-set-plus-getmultiple,True,True,108,2,98.14814814814815,14840,14840,0,2899,2896,0.10348395998620213,108,55,378,325,54,54,54,54,54,54,True,True,1394429683,modeled-pass
54,54,large-record,4096,candidate-chunked-100-npgsqlbatch-set-plus-getmultiple,True,True,108,2,98.14814814814815,14840,14840,0,2899,2846,1.8282166264229045,108,55,378,325,54,54,54,54,54,54,True,True,1394429683,modeled-pass
54,54,large-record,4096,candidate-single-roundtrip-npgsqlbatch-set-and-read,True,True,108,1,99.07407407407408,14840,14840,0,2899,2890,0.3104518799586064,108,55,378,325,54,54,54,54,54,54,True,True,1394429683,modeled-pass
55,55,small-record,128,candidate-current-npgsqlbatch-set-plus-getmultiple,True,True,110,2,98.18181818181819,14840,14840,0,1295,1299,-0.3088803088803089,110,56,385,331,55,55,55,55,55,55,True,True,-513113664,modeled-pass
55,55,small-record,128,candidate-chunked-100-npgsqlbatch-set-plus-getmultiple,True,True,110,2,98.18181818181819,14840,14840,0,1295,1414,-9.18918918918919,110,56,385,331,55,55,55,55,55,55,True,True,-513113664,modeled-pass
55,55,small-record,128,candidate-single-roundtrip-npgsqlbatch-set-and-read,True,True,110,1,99.0909090909091,14840,14840,0,1295,1313,-1.38996138996139,110,56,385,331,55,55,55,55,55,55,True,True,-513113664,modeled-pass
55,55,medium-record,1024,candidate-current-npgsqlbatch-set-plus-getmultiple,True,True,110,2,98.18181818181819,14840,14840,0,1619,1625,-0.3705991352686844,110,56,385,331,55,55,55,55,55,55,True,True,1974381841,modeled-pass
55,55,medium-record,1024,candidate-chunked-100-npgsqlbatch-set-plus-getmultiple,True,True,110,2,98.18181818181819,14840,14840,0,1619,1707,-5.435453983940704,110,56,385,331,55,55,55,55,55,55,True,True,1974381841,modeled-pass
55,55,medium-record,1024,candidate-single-roundtrip-npgsqlbatch-set-and-read,True,True,110,1,99.0909090909091,14840,14840,0,1619,1673,-3.335392217418159,110,56,385,331,55,55,55,55,55,55,True,True,1974381841,modeled-pass
55,55,large-record,4096,candidate-current-npgsqlbatch-set-plus-getmultiple,True,True,110,2,98.18181818181819,14840,14840,0,2940,3223,-9.625850340136054,110,56,385,331,55,55,55,55,55,55,True,True,313829370,modeled-pass
55,55,large-record,4096,candidate-chunked-100-npgsqlbatch-set-plus-getmultiple,True,True,110,2,98.18181818181819,14840,14840,0,2940,3257,-10.782312925170068,110,56,385,331,55,55,55,55,55,55,True,True,313829370,modeled-pass
55,55,large-record,4096,candidate-single-roundtrip-npgsqlbatch-set-and-read,True,True,110,1,99.0909090909091,14840,14840,0,2940,3158,-7.414965986394558,110,56,385,331,55,55,55,55,55,55,True,True,313829370,modeled-pass
56,56,small-record,128,candidate-current-npgsqlbatch-set-plus-getmultiple,True,True,112,2,98.21428571428571,14840,14840,0,1416,1554,-9.745762711864407,112,57,392,337,56,56,56,56,56,56,True,True,389883651,modeled-pass
56,56,small-record,128,candidate-chunked-100-npgsqlbatch-set-plus-getmultiple,True,True,112,2,98.21428571428571,14840,14840,0,1416,1461,-3.1779661016949152,112,57,392,337,56,56,56,56,56,56,True,True,389883651,modeled-pass
56,56,small-record,128,candidate-single-roundtrip-npgsqlbatch-set-and-read,True,True,112,1,99.10714285714286,14840,14840,0,1416,1367,3.4604519774011298,112,57,392,337,56,56,56,56,56,56,True,True,389883651,modeled-pass
56,56,medium-record,1024,candidate-current-npgsqlbatch-set-plus-getmultiple,True,True,112,2,98.21428571428571,14840,14840,0,1728,1752,-1.3888888888888888,112,57,392,337,56,56,56,56,56,56,True,True,-684782206,modeled-pass
56,56,medium-record,1024,candidate-chunked-100-npgsqlbatch-set-plus-getmultiple,True,True,112,2,98.21428571428571,14840,14840,0,1728,1747,-1.099537037037037,112,57,392,337,56,56,56,56,56,56,True,True,-684782206,modeled-pass
56,56,medium-record,1024,candidate-single-roundtrip-npgsqlbatch-set-and-read,True,True,112,1,99.10714285714286,14840,14840,0,1728,1719,0.5208333333333334,112,57,392,337,56,56,56,56,56,56,True,True,-684782206,modeled-pass
56,56,large-record,4096,candidate-current-npgsqlbatch-set-plus-getmultiple,True,True,112,2,98.21428571428571,14840,14840,0,3035,3005,0.9884678747940692,112,57,392,337,56,56,56,56,56,56,True,True,939839296,modeled-pass
56,56,large-record,4096,candidate-chunked-100-npgsqlbatch-set-plus-getmultiple,True,True,112,2,98.21428571428571,14840,14840,0,3035,3074,-1.28500823723229,112,57,392,337,56,56,56,56,56,56,True,True,939839296,modeled-pass
56,56,large-record,4096,candidate-single-roundtrip-npgsqlbatch-set-and-read,True,True,112,1,99.10714285714286,14840,14840,0,3035,3059,-0.7907742998352554,112,57,392,337,56,56,56,56,56,56,True,True,939839296,modeled-pass
57,57,small-record,128,candidate-current-npgsqlbatch-set-plus-getmultiple,True,True,114,2,98.24561403508773,14840,14840,0,1412,1394,1.274787535410765,114,58,399,343,57,57,57,57,57,57,True,True,-2123780502,modeled-pass
57,57,small-record,128,candidate-chunked-100-npgsqlbatch-set-plus-getmultiple,True,True,114,2,98.24561403508773,14840,14840,0,1412,1393,1.3456090651558075,114,58,399,343,57,57,57,57,57,57,True,True,-2123780502,modeled-pass
57,57,small-record,128,candidate-single-roundtrip-npgsqlbatch-set-and-read,True,True,114,1,99.12280701754386,14840,14840,0,1412,1411,0.0708215297450425,114,58,399,343,57,57,57,57,57,57,True,True,-2123780502,modeled-pass
57,57,medium-record,1024,candidate-current-npgsqlbatch-set-plus-getmultiple,True,True,114,2,98.24561403508773,14840,14840,0,1866,1830,1.9292604501607717,114,58,399,343,57,57,57,57,57,57,True,True,-1622028711,modeled-pass
57,57,medium-record,1024,candidate-chunked-100-npgsqlbatch-set-plus-getmultiple,True,True,114,2,98.24561403508773,14840,14840,0,1866,1789,4.126473740621651,114,58,399,343,57,57,57,57,57,57,True,True,-1622028711,modeled-pass
57,57,medium-record,1024,candidate-single-roundtrip-npgsqlbatch-set-and-read,True,True,114,1,99.12280701754386,14840,14840,0,1866,1863,0.1607717041800643,114,58,399,343,57,57,57,57,57,57,True,True,-1622028711,modeled-pass
57,57,large-record,4096,candidate-current-npgsqlbatch-set-plus-getmultiple,True,True,114,2,98.24561403508773,14840,14840,0,3192,3086,3.3208020050125313,114,58,399,343,57,57,57,57,57,57,True,True,671780241,modeled-pass
57,57,large-record,4096,candidate-chunked-100-npgsqlbatch-set-plus-getmultiple,True,True,114,2,98.24561403508773,14840,14840,0,3192,3082,3.4461152882205512,114,58,399,343,57,57,57,57,57,57,True,True,671780241,modeled-pass
57,57,large-record,4096,candidate-single-roundtrip-npgsqlbatch-set-and-read,True,True,114,1,99.12280701754386,14840,14840,0,3192,3135,1.7857142857142858,114,58,399,343,57,57,57,57,57,57,True,True,671780241,modeled-pass
58,58,small-record,128,candidate-current-npgsqlbatch-set-plus-getmultiple,True,True,116,2,98.27586206896552,14840,14840,0,1386,1501,-8.297258297258297,116,59,406,349,58,58,58,58,58,58,True,True,783934121,modeled-pass
58,58,small-record,128,candidate-chunked-100-npgsqlbatch-set-plus-getmultiple,True,True,116,2,98.27586206896552,14840,14840,0,1386,1461,-5.411255411255412,116,59,406,349,58,58,58,58,58,58,True,True,783934121,modeled-pass
58,58,small-record,128,candidate-single-roundtrip-npgsqlbatch-set-and-read,True,True,116,1,99.13793103448276,14840,14840,0,1386,1409,-1.6594516594516595,116,59,406,349,58,58,58,58,58,58,True,True,783934121,modeled-pass
58,58,medium-record,1024,candidate-current-npgsqlbatch-set-plus-getmultiple,True,True,116,2,98.27586206896552,14840,14840,0,1808,1822,-0.7743362831858407,116,59,406,349,58,58,58,58,58,58,True,True,933094701,modeled-pass
58,58,medium-record,1024,candidate-chunked-100-npgsqlbatch-set-plus-getmultiple,True,True,116,2,98.27586206896552,14840,14840,0,1808,1817,-0.497787610619469,116,59,406,349,58,58,58,58,58,58,True,True,933094701,modeled-pass
58,58,medium-record,1024,candidate-single-roundtrip-npgsqlbatch-set-and-read,True,True,116,1,99.13793103448276,14840,14840,0,1808,1842,-1.8805309734513274,116,59,406,349,58,58,58,58,58,58,True,True,933094701,modeled-pass
58,58,large-record,4096,candidate-current-npgsqlbatch-set-plus-getmultiple,True,True,116,2,98.27586206896552,14840,14840,0,3151,3333,-5.775944144715964,116,59,406,349,58,58,58,58,58,58,True,True,1056980030,modeled-pass
58,58,large-record,4096,candidate-chunked-100-npgsqlbatch-set-plus-getmultiple,True,True,116,2,98.27586206896552,14840,14840,0,3151,3336,-5.8711520152332595,116,59,406,349,58,58,58,58,58,58,True,True,1056980030,modeled-pass
58,58,large-record,4096,candidate-single-roundtrip-npgsqlbatch-set-and-read,True,True,116,1,99.13793103448276,14840,14840,0,3151,3110,1.3011742304030467,116,59,406,349,58,58,58,58,58,58,True,True,1056980030,modeled-pass
59,59,small-record,128,candidate-current-npgsqlbatch-set-plus-getmultiple,True,True,118,2,98.30508474576271,14840,14840,0,1405,1489,-5.9786476868327405,118,60,413,355,59,59,59,59,59,59,True,True,-222436293,modeled-pass
59,59,small-record,128,candidate-chunked-100-npgsqlbatch-set-plus-getmultiple,True,True,118,2,98.30508474576271,14840,14840,0,1405,1416,-0.7829181494661922,118,60,413,355,59,59,59,59,59,59,True,True,-222436293,modeled-pass
59,59,small-record,128,candidate-single-roundtrip-npgsqlbatch-set-and-read,True,True,118,1,99.15254237288136,14840,14840,0,1405,1414,-0.6405693950177936,118,60,413,355,59,59,59,59,59,59,True,True,-222436293,modeled-pass
59,59,medium-record,1024,candidate-current-npgsqlbatch-set-plus-getmultiple,True,True,118,2,98.30508474576271,14840,14840,0,1776,1885,-6.137387387387387,118,60,413,355,59,59,59,59,59,59,True,True,1719130809,modeled-pass
59,59,medium-record,1024,candidate-chunked-100-npgsqlbatch-set-plus-getmultiple,True,True,118,2,98.30508474576271,14840,14840,0,1776,1801,-1.4076576576576576,118,60,413,355,59,59,59,59,59,59,True,True,1719130809,modeled-pass
59,59,medium-record,1024,candidate-single-roundtrip-npgsqlbatch-set-and-read,True,True,118,1,99.15254237288136,14840,14840,0,1776,1890,-6.418918918918919,118,60,413,355,59,59,59,59,59,59,True,True,1719130809,modeled-pass
59,59,large-record,4096,candidate-current-npgsqlbatch-set-plus-getmultiple,True,True,118,2,98.30508474576271,14840,14840,0,3082,3145,-2.044127190136275,118,60,413,355,59,59,59,59,59,59,True,True,43944714,modeled-pass
59,59,large-record,4096,candidate-chunked-100-npgsqlbatch-set-plus-getmultiple,True,True,118,2,98.30508474576271,14840,14840,0,3082,3088,-0.1946787800129786,118,60,413,355,59,59,59,59,59,59,True,True,43944714,modeled-pass
59,59,large-record,4096,candidate-single-roundtrip-npgsqlbatch-set-and-read,True,True,118,1,99.15254237288136,14840,14840,0,3082,3049,1.0707332900713822,118,60,413,355,59,59,59,59,59,59,True,True,43944714,modeled-pass
60,60,small-record,128,candidate-current-npgsqlbatch-set-plus-getmultiple,True,True,120,2,98.33333333333333,17528,17528,0,1375,1414,-2.8363636363636364,120,61,420,361,60,60,60,60,60,60,True,True,1753436631,modeled-pass
60,60,small-record,128,candidate-chunked-100-npgsqlbatch-set-plus-getmultiple,True,True,120,2,98.33333333333333,17528,17528,0,1375,1392,-1.2363636363636363,120,61,420,361,60,60,60,60,60,60,True,True,1753436631,modeled-pass
60,60,small-record,128,candidate-single-roundtrip-npgsqlbatch-set-and-read,True,True,120,1,99.16666666666667,17528,17528,0,1375,1438,-4.581818181818182,120,61,420,361,60,60,60,60,60,60,True,True,1753436631,modeled-pass
60,60,medium-record,1024,candidate-current-npgsqlbatch-set-plus-getmultiple,True,True,120,2,98.33333333333333,17528,17528,0,1835,1870,-1.9073569482288828,120,61,420,361,60,60,60,60,60,60,True,True,-1885009672,modeled-pass
60,60,medium-record,1024,candidate-chunked-100-npgsqlbatch-set-plus-getmultiple,True,True,120,2,98.33333333333333,17528,17528,0,1835,1862,-1.4713896457765667,120,61,420,361,60,60,60,60,60,60,True,True,-1885009672,modeled-pass
60,60,medium-record,1024,candidate-single-roundtrip-npgsqlbatch-set-and-read,True,True,120,1,99.16666666666667,17528,17528,0,1835,1855,-1.0899182561307903,120,61,420,361,60,60,60,60,60,60,True,True,-1885009672,modeled-pass
60,60,large-record,4096,candidate-current-npgsqlbatch-set-plus-getmultiple,True,True,120,2,98.33333333333333,17528,17528,0,3185,3165,0.6279434850863422,120,61,420,361,60,60,60,60,60,60,True,True,-1003563856,modeled-pass
60,60,large-record,4096,candidate-chunked-100-npgsqlbatch-set-plus-getmultiple,True,True,120,2,98.33333333333333,17528,17528,0,3185,3132,1.664050235478807,120,61,420,361,60,60,60,60,60,60,True,True,-1003563856,modeled-pass
60,60,large-record,4096,candidate-single-roundtrip-npgsqlbatch-set-and-read,True,True,120,1,99.16666666666667,17528,17528,0,3185,3183,0.06279434850863422,120,61,420,361,60,60,60,60,60,60,True,True,-1003563856,modeled-pass
61,61,small-record,128,candidate-current-npgsqlbatch-set-plus-getmultiple,True,True,122,2,98.36065573770492,17528,17528,0,1515,1422,6.138613861386139,122,62,427,367,61,61,61,61,61,61,True,True,1696470320,modeled-pass
61,61,small-record,128,candidate-chunked-100-npgsqlbatch-set-plus-getmultiple,True,True,122,2,98.36065573770492,17528,17528,0,1515,1440,4.9504950495049505,122,62,427,367,61,61,61,61,61,61,True,True,1696470320,modeled-pass
61,61,small-record,128,candidate-single-roundtrip-npgsqlbatch-set-and-read,True,True,122,1,99.18032786885246,17528,17528,0,1515,1420,6.270627062706271,122,62,427,367,61,61,61,61,61,61,True,True,1696470320,modeled-pass
61,61,medium-record,1024,candidate-current-npgsqlbatch-set-plus-getmultiple,True,True,122,2,98.36065573770492,17528,17528,0,1966,1881,4.323499491353001,122,62,427,367,61,61,61,61,61,61,True,True,-1790206818,modeled-pass
61,61,medium-record,1024,candidate-chunked-100-npgsqlbatch-set-plus-getmultiple,True,True,122,2,98.36065573770492,17528,17528,0,1966,2560,-30.213631739572737,122,62,427,367,61,61,61,61,61,61,True,True,-1790206818,modeled-pass
61,61,medium-record,1024,candidate-single-roundtrip-npgsqlbatch-set-and-read,True,True,122,1,99.18032786885246,17528,17528,0,1966,1879,4.425228891149542,122,62,427,367,61,61,61,61,61,61,True,True,-1790206818,modeled-pass
61,61,large-record,4096,candidate-current-npgsqlbatch-set-plus-getmultiple,True,True,122,2,98.36065573770492,17528,17528,0,3286,3206,2.4345709068776626,122,62,427,367,61,61,61,61,61,61,True,True,-957178346,modeled-pass
61,61,large-record,4096,candidate-chunked-100-npgsqlbatch-set-plus-getmultiple,True,True,122,2,98.36065573770492,17528,17528,0,3286,5289,-60.95556908094948,122,62,427,367,61,61,61,61,61,61,True,True,-957178346,modeled-pass
61,61,large-record,4096,candidate-single-roundtrip-npgsqlbatch-set-and-read,True,True,122,1,99.18032786885246,17528,17528,0,3286,3222,1.9476567255021302,122,62,427,367,61,61,61,61,61,61,True,True,-957178346,modeled-pass
62,62,small-record,128,candidate-current-npgsqlbatch-set-plus-getmultiple,True,True,124,2,98.38709677419355,17528,17528,0,1528,1465,4.12303664921466,124,63,434,373,62,62,62,62,62,62,True,True,-218913798,modeled-pass
62,62,small-record,128,candidate-chunked-100-npgsqlbatch-set-plus-getmultiple,True,True,124,2,98.38709677419355,17528,17528,0,1528,1443,5.56282722513089,124,63,434,373,62,62,62,62,62,62,True,True,-218913798,modeled-pass
62,62,small-record,128,candidate-single-roundtrip-npgsqlbatch-set-and-read,True,True,124,1,99.19354838709677,17528,17528,0,1528,1431,6.348167539267016,124,63,434,373,62,62,62,62,62,62,True,True,-218913798,modeled-pass
62,62,medium-record,1024,candidate-current-npgsqlbatch-set-plus-getmultiple,True,True,124,2,98.38709677419355,17528,17528,0,1866,1916,-2.679528403001072,124,63,434,373,62,62,62,62,62,62,True,True,-816826261,modeled-pass
62,62,medium-record,1024,candidate-chunked-100-npgsqlbatch-set-plus-getmultiple,True,True,124,2,98.38709677419355,17528,17528,0,1866,1936,-3.7513397642015005,124,63,434,373,62,62,62,62,62,62,True,True,-816826261,modeled-pass
62,62,medium-record,1024,candidate-single-roundtrip-npgsqlbatch-set-and-read,True,True,124,1,99.19354838709677,17528,17528,0,1866,1889,-1.232583065380493,124,63,434,373,62,62,62,62,62,62,True,True,-816826261,modeled-pass
62,62,large-record,4096,candidate-current-npgsqlbatch-set-plus-getmultiple,True,True,124,2,98.38709677419355,17528,17528,0,8477,7012,17.282057331603163,124,63,434,373,62,62,62,62,62,62,True,True,1896520677,modeled-pass
62,62,large-record,4096,candidate-chunked-100-npgsqlbatch-set-plus-getmultiple,True,True,124,2,98.38709677419355,17528,17528,0,8477,8117,4.2467854193700605,124,63,434,373,62,62,62,62,62,62,True,True,1896520677,modeled-pass
62,62,large-record,4096,candidate-single-roundtrip-npgsqlbatch-set-and-read,True,True,124,1,99.19354838709677,17528,17528,0,8477,7788,8.127875427627698,124,63,434,373,62,62,62,62,62,62,True,True,1896520677,modeled-pass
63,63,small-record,128,candidate-current-npgsqlbatch-set-plus-getmultiple,True,True,126,2,98.41269841269842,17528,17528,0,1675,1839,-9.791044776119403,126,64,441,379,63,63,63,63,63,63,True,True,1253028520,modeled-pass
63,63,small-record,128,candidate-chunked-100-npgsqlbatch-set-plus-getmultiple,True,True,126,2,98.41269841269842,17528,17528,0,1675,1853,-10.626865671641792,126,64,441,379,63,63,63,63,63,63,True,True,1253028520,modeled-pass
63,63,small-record,128,candidate-single-roundtrip-npgsqlbatch-set-and-read,True,True,126,1,99.2063492063492,17528,17528,0,1675,1802,-7.582089552238806,126,64,441,379,63,63,63,63,63,63,True,True,1253028520,modeled-pass
63,63,medium-record,1024,candidate-current-npgsqlbatch-set-plus-getmultiple,True,True,126,2,98.41269841269842,17528,17528,0,3250,3373,-3.7846153846153845,126,64,441,379,63,63,63,63,63,63,True,True,1333262034,modeled-pass
63,63,medium-record,1024,candidate-chunked-100-npgsqlbatch-set-plus-getmultiple,True,True,126,2,98.41269841269842,17528,17528,0,3250,3335,-2.6153846153846154,126,64,441,379,63,63,63,63,63,63,True,True,1333262034,modeled-pass
63,63,medium-record,1024,candidate-single-roundtrip-npgsqlbatch-set-and-read,True,True,126,1,99.2063492063492,17528,17528,0,3250,3381,-4.030769230769231,126,64,441,379,63,63,63,63,63,63,True,True,1333262034,modeled-pass
63,63,large-record,4096,candidate-current-npgsqlbatch-set-plus-getmultiple,True,True,126,2,98.41269841269842,17528,17528,0,7553,8068,-6.81848272209718,126,64,441,379,63,63,63,63,63,63,True,True,-754181547,modeled-pass
63,63,large-record,4096,candidate-chunked-100-npgsqlbatch-set-plus-getmultiple,True,True,126,2,98.41269841269842,17528,17528,0,7553,8254,-9.281080365417715,126,64,441,379,63,63,63,63,63,63,True,True,-754181547,modeled-pass
63,63,large-record,4096,candidate-single-roundtrip-npgsqlbatch-set-and-read,True,True,126,1,99.2063492063492,17528,17528,0,7553,7727,-2.3037203760095326,126,64,441,379,63,63,63,63,63,63,True,True,-754181547,modeled-pass
64,64,small-record,128,candidate-current-npgsqlbatch-set-plus-getmultiple,True,True,128,2,98.4375,17528,17528,0,1753,1790,-2.110667427267541,128,65,448,385,64,64,64,64,64,64,True,True,-462055320,modeled-pass
64,64,small-record,128,candidate-chunked-100-npgsqlbatch-set-plus-getmultiple,True,True,128,2,98.4375,17528,17528,0,1753,1782,-1.6543069024529378,128,65,448,385,64,64,64,64,64,64,True,True,-462055320,modeled-pass
64,64,small-record,128,candidate-single-roundtrip-npgsqlbatch-set-and-read,True,True,128,1,99.21875,17528,17528,0,1753,1613,7.986309184255562,128,65,448,385,64,64,64,64,64,64,True,True,-462055320,modeled-pass
64,64,medium-record,1024,candidate-current-npgsqlbatch-set-plus-getmultiple,True,True,128,2,98.4375,17528,17528,0,3126,3361,-7.517594369801664,128,65,448,385,64,64,64,64,64,64,True,True,1188996525,modeled-pass
64,64,medium-record,1024,candidate-chunked-100-npgsqlbatch-set-plus-getmultiple,True,True,128,2,98.4375,17528,17528,0,3126,2778,11.132437619961612,128,65,448,385,64,64,64,64,64,64,True,True,1188996525,modeled-pass
64,64,medium-record,1024,candidate-single-roundtrip-npgsqlbatch-set-and-read,True,True,128,1,99.21875,17528,17528,0,3126,3247,-3.870761356365963,128,65,448,385,64,64,64,64,64,64,True,True,1188996525,modeled-pass
64,64,large-record,4096,candidate-current-npgsqlbatch-set-plus-getmultiple,True,True,128,2,98.4375,17528,17528,0,8172,8082,1.1013215859030836,128,65,448,385,64,64,64,64,64,64,True,True,-1876401653,modeled-pass
64,64,large-record,4096,candidate-chunked-100-npgsqlbatch-set-plus-getmultiple,True,True,128,2,98.4375,17528,17528,0,8172,7942,2.8144884973078805,128,65,448,385,64,64,64,64,64,64,True,True,-1876401653,modeled-pass
64,64,large-record,4096,candidate-single-roundtrip-npgsqlbatch-set-and-read,True,True,128,1,99.21875,17528,17528,0,8172,7968,2.4963289280469896,128,65,448,385,64,64,64,64,64,64,True,True,-1876401653,modeled-pass
65,65,small-record,128,candidate-current-npgsqlbatch-set-plus-getmultiple,True,True,130,2,98.46153846153847,17528,17528,0,1926,1839,4.517133956386293,130,66,455,391,65,65,65,65,65,65,True,True,2028785697,modeled-pass
65,65,small-record,128,candidate-chunked-100-npgsqlbatch-set-plus-getmultiple,True,True,130,2,98.46153846153847,17528,17528,0,1926,1897,1.505711318795431,130,66,455,391,65,65,65,65,65,65,True,True,2028785697,modeled-pass
65,65,small-record,128,candidate-single-roundtrip-npgsqlbatch-set-and-read,True,True,130,1,99.23076923076923,17528,17528,0,1926,1893,1.7133956386292835,130,66,455,391,65,65,65,65,65,65,True,True,2028785697,modeled-pass
65,65,medium-record,1024,candidate-current-npgsqlbatch-set-plus-getmultiple,True,True,130,2,98.46153846153847,17528,17528,0,3105,3347,-7.793880837359098,130,66,455,391,65,65,65,65,65,65,True,True,-1965247263,modeled-pass
65,65,medium-record,1024,candidate-chunked-100-npgsqlbatch-set-plus-getmultiple,True,True,130,2,98.46153846153847,17528,17528,0,3105,3312,-6.666666666666667,130,66,455,391,65,65,65,65,65,65,True,True,-1965247263,modeled-pass
65,65,medium-record,1024,candidate-single-roundtrip-npgsqlbatch-set-and-read,True,True,130,1,99.23076923076923,17528,17528,0,3105,3275,-5.475040257648954,130,66,455,391,65,65,65,65,65,65,True,True,-1965247263,modeled-pass
65,65,large-record,4096,candidate-current-npgsqlbatch-set-plus-getmultiple,True,True,130,2,98.46153846153847,17528,17528,0,8059,8179,-1.489018488646234,130,66,455,391,65,65,65,65,65,65,True,True,-845604694,modeled-pass
65,65,large-record,4096,candidate-chunked-100-npgsqlbatch-set-plus-getmultiple,True,True,130,2,98.46153846153847,17528,17528,0,8059,8181,-1.5138354634570046,130,66,455,391,65,65,65,65,65,65,True,True,-845604694,modeled-pass
65,65,large-record,4096,candidate-single-roundtrip-npgsqlbatch-set-and-read,True,True,130,1,99.23076923076923,17528,17528,0,8059,8064,-0.06204243702692642,130,66,455,391,65,65,65,65,65,65,True,True,-845604694,modeled-pass
66,66,small-record,128,candidate-current-npgsqlbatch-set-plus-getmultiple,True,True,132,2,98.48484848484848,17528,17528,0,2188,2053,6.170018281535649,132,67,462,397,66,66,66,66,66,66,True,True,1460494786,modeled-pass
66,66,small-record,128,candidate-chunked-100-npgsqlbatch-set-plus-getmultiple,True,True,132,2,98.48484848484848,17528,17528,0,2188,1918,12.340036563071298,132,67,462,397,66,66,66,66,66,66,True,True,1460494786,modeled-pass
66,66,small-record,128,candidate-single-roundtrip-npgsqlbatch-set-and-read,True,True,132,1,99.24242424242425,17528,17528,0,2188,1919,12.294332723948811,132,67,462,397,66,66,66,66,66,66,True,True,1460494786,modeled-pass
66,66,medium-record,1024,candidate-current-npgsqlbatch-set-plus-getmultiple,True,True,132,2,98.48484848484848,17528,17528,0,3336,3354,-0.539568345323741,132,67,462,397,66,66,66,66,66,66,True,True,889588198,modeled-pass
66,66,medium-record,1024,candidate-chunked-100-npgsqlbatch-set-plus-getmultiple,True,True,132,2,98.48484848484848,17528,17528,0,3336,3391,-1.6486810551558753,132,67,462,397,66,66,66,66,66,66,True,True,889588198,modeled-pass
66,66,medium-record,1024,candidate-single-roundtrip-npgsqlbatch-set-and-read,True,True,132,1,99.24242424242425,17528,17528,0,3336,3415,-2.36810551558753,132,67,462,397,66,66,66,66,66,66,True,True,889588198,modeled-pass
66,66,large-record,4096,candidate-current-npgsqlbatch-set-plus-getmultiple,True,True,132,2,98.48484848484848,17528,17528,0,8084,8336,-3.1172686788718456,132,67,462,397,66,66,66,66,66,66,True,True,346057022,modeled-pass
66,66,large-record,4096,candidate-chunked-100-npgsqlbatch-set-plus-getmultiple,True,True,132,2,98.48484848484848,17528,17528,0,8084,8480,-4.898565066798614,132,67,462,397,66,66,66,66,66,66,True,True,346057022,modeled-pass
66,66,large-record,4096,candidate-single-roundtrip-npgsqlbatch-set-and-read,True,True,132,1,99.24242424242425,17528,17528,0,8084,8304,-2.7214250371103414,132,67,462,397,66,66,66,66,66,66,True,True,346057022,modeled-pass
67,67,small-record,128,candidate-current-npgsqlbatch-set-plus-getmultiple,True,True,134,2,98.50746268656717,17528,17528,0,1940,2020,-4.123711340206185,134,68,469,403,67,67,67,67,67,67,True,True,1841049488,modeled-pass
67,67,small-record,128,candidate-chunked-100-npgsqlbatch-set-plus-getmultiple,True,True,134,2,98.50746268656717,17528,17528,0,1940,1959,-0.979381443298969,134,68,469,403,67,67,67,67,67,67,True,True,1841049488,modeled-pass
67,67,small-record,128,candidate-single-roundtrip-npgsqlbatch-set-and-read,True,True,134,1,99.25373134328358,17528,17528,0,1940,1944,-0.20618556701030927,134,68,469,403,67,67,67,67,67,67,True,True,1841049488,modeled-pass
67,67,medium-record,1024,candidate-current-npgsqlbatch-set-plus-getmultiple,True,True,134,2,98.50746268656717,17528,17528,0,3562,3563,-0.02807411566535654,134,68,469,403,67,67,67,67,67,67,True,True,155240353,modeled-pass
67,67,medium-record,1024,candidate-chunked-100-npgsqlbatch-set-plus-getmultiple,True,True,134,2,98.50746268656717,17528,17528,0,3562,3535,0.7580011229646266,134,68,469,403,67,67,67,67,67,67,True,True,155240353,modeled-pass
67,67,medium-record,1024,candidate-single-roundtrip-npgsqlbatch-set-and-read,True,True,134,1,99.25373134328358,17528,17528,0,3562,3448,3.200449185850646,134,68,469,403,67,67,67,67,67,67,True,True,155240353,modeled-pass
67,67,large-record,4096,candidate-current-npgsqlbatch-set-plus-getmultiple,True,True,134,2,98.50746268656717,17528,17528,0,8319,8332,-0.15626878230556557,134,68,469,403,67,67,67,67,67,67,True,True,1413820773,modeled-pass
67,67,large-record,4096,candidate-chunked-100-npgsqlbatch-set-plus-getmultiple,True,True,134,2,98.50746268656717,17528,17528,0,8319,8398,-0.94963336939536,134,68,469,403,67,67,67,67,67,67,True,True,1413820773,modeled-pass
67,67,large-record,4096,candidate-single-roundtrip-npgsqlbatch-set-and-read,True,True,134,1,99.25373134328358,17528,17528,0,8319,8800,-5.781944945305926,134,68,469,403,67,67,67,67,67,67,True,True,1413820773,modeled-pass
68,68,small-record,128,candidate-current-npgsqlbatch-set-plus-getmultiple,True,True,136,2,98.52941176470588,17528,17528,0,2004,1954,2.4950099800399204,136,69,476,409,68,68,68,68,68,68,True,True,-1519001052,modeled-pass
68,68,small-record,128,candidate-chunked-100-npgsqlbatch-set-plus-getmultiple,True,True,136,2,98.52941176470588,17528,17528,0,2004,1974,1.4970059880239521,136,69,476,409,68,68,68,68,68,68,True,True,-1519001052,modeled-pass
68,68,small-record,128,candidate-single-roundtrip-npgsqlbatch-set-and-read,True,True,136,1,99.26470588235294,17528,17528,0,2004,1977,1.347305389221557,136,69,476,409,68,68,68,68,68,68,True,True,-1519001052,modeled-pass
68,68,medium-record,1024,candidate-current-npgsqlbatch-set-plus-getmultiple,True,True,136,2,98.52941176470588,17528,17528,0,3409,3482,-2.141390437078322,136,69,476,409,68,68,68,68,68,68,True,True,-1955745004,modeled-pass
68,68,medium-record,1024,candidate-chunked-100-npgsqlbatch-set-plus-getmultiple,True,True,136,2,98.52941176470588,17528,17528,0,3409,3538,-3.784100909357583,136,69,476,409,68,68,68,68,68,68,True,True,-1955745004,modeled-pass
68,68,medium-record,1024,candidate-single-roundtrip-npgsqlbatch-set-and-read,True,True,136,1,99.26470588235294,17528,17528,0,3409,3594,-5.426811381636844,136,69,476,409,68,68,68,68,68,68,True,True,-1955745004,modeled-pass
68,68,large-record,4096,candidate-current-npgsqlbatch-set-plus-getmultiple,True,True,136,2,98.52941176470588,17528,17528,0,8493,8718,-2.6492405510420345,136,69,476,409,68,68,68,68,68,68,True,True,1332340157,modeled-pass
68,68,large-record,4096,candidate-chunked-100-npgsqlbatch-set-plus-getmultiple,True,True,136,2,98.52941176470588,17528,17528,0,8493,8817,-3.81490639350053,136,69,476,409,68,68,68,68,68,68,True,True,1332340157,modeled-pass
68,68,large-record,4096,candidate-single-roundtrip-npgsqlbatch-set-and-read,True,True,136,1,99.26470588235294,17528,17528,0,8493,8763,-3.1790886612504416,136,69,476,409,68,68,68,68,68,68,True,True,1332340157,modeled-pass
69,69,small-record,128,candidate-current-npgsqlbatch-set-plus-getmultiple,True,True,138,2,98.55072463768116,17528,17528,0,2071,1779,14.099468855625302,138,70,483,415,69,69,69,69,69,69,True,True,761523514,modeled-pass
69,69,small-record,128,candidate-chunked-100-npgsqlbatch-set-plus-getmultiple,True,True,138,2,98.55072463768116,17528,17528,0,2071,2045,1.2554321583775954,138,70,483,415,69,69,69,69,69,69,True,True,761523514,modeled-pass
69,69,small-record,128,candidate-single-roundtrip-npgsqlbatch-set-and-read,True,True,138,1,99.27536231884058,17528,17528,0,2071,2225,-7.436021245774988,138,70,483,415,69,69,69,69,69,69,True,True,761523514,modeled-pass
69,69,medium-record,1024,candidate-current-npgsqlbatch-set-plus-getmultiple,True,True,138,2,98.55072463768116,17528,17528,0,3772,3206,15.005302226935314,138,70,483,415,69,69,69,69,69,69,True,True,-190833309,modeled-pass
69,69,medium-record,1024,candidate-chunked-100-npgsqlbatch-set-plus-getmultiple,True,True,138,2,98.55072463768116,17528,17528,0,3772,3819,-1.2460233297985153,138,70,483,415,69,69,69,69,69,69,True,True,-190833309,modeled-pass
69,69,medium-record,1024,candidate-single-roundtrip-npgsqlbatch-set-and-read,True,True,138,1,99.27536231884058,17528,17240,1.6430853491556368,3772,3275,13.176033934252386,138,70,483,415,69,69,69,69,69,69,True,True,-190833309,modeled-pass
69,69,large-record,4096,candidate-current-npgsqlbatch-set-plus-getmultiple,True,True,138,2,98.55072463768116,17528,17528,0,9405,9035,3.9340776182881445,138,70,483,415,69,69,69,69,69,69,True,True,-2109478496,modeled-pass
69,69,large-record,4096,candidate-chunked-100-npgsqlbatch-set-plus-getmultiple,True,True,138,2,98.55072463768116,17528,17528,0,9405,8960,4.7315257841573635,138,70,483,415,69,69,69,69,69,69,True,True,-2109478496,modeled-pass
69,69,large-record,4096,candidate-single-roundtrip-npgsqlbatch-set-and-read,True,True,138,1,99.27536231884058,17528,17528,0,9405,8945,4.891015417331206,138,70,483,415,69,69,69,69,69,69,True,True,-2109478496,modeled-pass
70,70,small-record,128,candidate-current-npgsqlbatch-set-plus-getmultiple,True,True,140,2,98.57142857142857,17528,17528,0,2071,2181,-5.3114437469821345,140,71,490,421,70,70,70,70,70,70,True,True,-1440634367,modeled-pass
70,70,small-record,128,candidate-chunked-100-npgsqlbatch-set-plus-getmultiple,True,True,140,2,98.57142857142857,17528,17528,0,2071,2143,-3.4765813616610335,140,71,490,421,70,70,70,70,70,70,True,True,-1440634367,modeled-pass
70,70,small-record,128,candidate-single-roundtrip-npgsqlbatch-set-and-read,True,True,140,1,99.28571428571429,17528,17528,0,2071,2202,-6.325446644133269,140,71,490,421,70,70,70,70,70,70,True,True,-1440634367,modeled-pass
70,70,medium-record,1024,candidate-current-npgsqlbatch-set-plus-getmultiple,True,True,140,2,98.57142857142857,17528,17528,0,3607,3747,-3.8813418353202107,140,71,490,421,70,70,70,70,70,70,True,True,-200047865,modeled-pass
70,70,medium-record,1024,candidate-chunked-100-npgsqlbatch-set-plus-getmultiple,True,True,140,2,98.57142857142857,17528,17528,0,3607,3693,-2.384252841696701,140,71,490,421,70,70,70,70,70,70,True,True,-200047865,modeled-pass
70,70,medium-record,1024,candidate-single-roundtrip-npgsqlbatch-set-and-read,True,True,140,1,99.28571428571429,17528,17528,0,3607,3637,-0.8317161075686166,140,71,490,421,70,70,70,70,70,70,True,True,-200047865,modeled-pass
70,70,large-record,4096,candidate-current-npgsqlbatch-set-plus-getmultiple,True,True,140,2,98.57142857142857,17528,17528,0,8519,9281,-8.944711820636225,140,71,490,421,70,70,70,70,70,70,True,True,644909778,modeled-pass
70,70,large-record,4096,candidate-chunked-100-npgsqlbatch-set-plus-getmultiple,True,True,140,2,98.57142857142857,17528,17528,0,8519,9043,-6.150956685056932,140,71,490,421,70,70,70,70,70,70,True,True,644909778,modeled-pass
70,70,large-record,4096,candidate-single-roundtrip-npgsqlbatch-set-and-read,True,True,140,1,99.28571428571429,17528,17528,0,8519,9102,-6.8435262354736475,140,71,490,421,70,70,70,70,70,70,True,True,644909778,modeled-pass
71,71,small-record,128,candidate-current-npgsqlbatch-set-plus-getmultiple,True,True,142,2,98.59154929577464,17528,17528,0,2066,2106,-1.936108422071636,142,72,497,427,71,71,71,71,71,71,True,True,936238705,modeled-pass
71,71,small-record,128,candidate-chunked-100-npgsqlbatch-set-plus-getmultiple,True,True,142,2,98.59154929577464,17528,17528,0,2066,2111,-2.1781219748305904,142,72,497,427,71,71,71,71,71,71,True,True,936238705,modeled-pass
71,71,small-record,128,candidate-single-roundtrip-npgsqlbatch-set-and-read,True,True,142,1,99.29577464788733,17528,17528,0,2066,2448,-18.489835430784122,142,72,497,427,71,71,71,71,71,71,True,True,936238705,modeled-pass
71,71,medium-record,1024,candidate-current-npgsqlbatch-set-plus-getmultiple,True,True,142,2,98.59154929577464,17528,17528,0,3764,3842,-2.0722635494155153,142,72,497,427,71,71,71,71,71,71,True,True,-882157247,modeled-pass
71,71,medium-record,1024,candidate-chunked-100-npgsqlbatch-set-plus-getmultiple,True,True,142,2,98.59154929577464,17528,17528,0,3764,3809,-1.1955366631243358,142,72,497,427,71,71,71,71,71,71,True,True,-882157247,modeled-pass
71,71,medium-record,1024,candidate-single-roundtrip-npgsqlbatch-set-and-read,True,True,142,1,99.29577464788733,17528,17528,0,3764,3757,0.18597236981934112,142,72,497,427,71,71,71,71,71,71,True,True,-882157247,modeled-pass
71,71,large-record,4096,candidate-current-npgsqlbatch-set-plus-getmultiple,True,True,142,2,98.59154929577464,17528,17528,0,9034,8776,2.855877794996679,142,72,497,427,71,71,71,71,71,71,True,True,665187594,modeled-pass
71,71,large-record,4096,candidate-chunked-100-npgsqlbatch-set-plus-getmultiple,True,True,142,2,98.59154929577464,17528,17528,0,9034,8807,2.5127296878459155,142,72,497,427,71,71,71,71,71,71,True,True,665187594,modeled-pass
71,71,large-record,4096,candidate-single-roundtrip-npgsqlbatch-set-and-read,True,True,142,1,99.29577464788733,17528,17528,0,9034,8949,0.9408899712198362,142,72,497,427,71,71,71,71,71,71,True,True,665187594,modeled-pass
72,72,small-record,128,candidate-current-npgsqlbatch-set-plus-getmultiple,True,True,144,2,98.61111111111111,21560,21560,0,2030,2098,-3.3497536945812807,144,73,504,433,72,72,72,72,72,72,True,True,1273412668,modeled-pass
72,72,small-record,128,candidate-chunked-100-npgsqlbatch-set-plus-getmultiple,True,True,144,2,98.61111111111111,21560,21560,0,2030,2155,-6.157635467980295,144,73,504,433,72,72,72,72,72,72,True,True,1273412668,modeled-pass
72,72,small-record,128,candidate-single-roundtrip-npgsqlbatch-set-and-read,True,True,144,1,99.30555555555556,21560,21560,0,2030,2079,-2.413793103448276,144,73,504,433,72,72,72,72,72,72,True,True,1273412668,modeled-pass
72,72,medium-record,1024,candidate-current-npgsqlbatch-set-plus-getmultiple,True,True,144,2,98.61111111111111,21560,21560,0,3793,3509,7.487476931189033,144,73,504,433,72,72,72,72,72,72,True,True,-344634293,modeled-pass
72,72,medium-record,1024,candidate-chunked-100-npgsqlbatch-set-plus-getmultiple,True,True,144,2,98.61111111111111,21560,21560,0,3793,3817,-0.6327445293962563,144,73,504,433,72,72,72,72,72,72,True,True,-344634293,modeled-pass
72,72,medium-record,1024,candidate-single-roundtrip-npgsqlbatch-set-and-read,True,True,144,1,99.30555555555556,21560,21560,0,3793,3821,-0.738201950962299,144,73,504,433,72,72,72,72,72,72,True,True,-344634293,modeled-pass
72,72,large-record,4096,candidate-current-npgsqlbatch-set-plus-getmultiple,True,True,144,2,98.61111111111111,21560,21560,0,9476,9495,-0.20050654284508232,144,73,504,433,72,72,72,72,72,72,True,True,-1204124112,modeled-pass
72,72,large-record,4096,candidate-chunked-100-npgsqlbatch-set-plus-getmultiple,True,True,144,2,98.61111111111111,21560,21560,0,9476,9429,0.49598986914309834,144,73,504,433,72,72,72,72,72,72,True,True,-1204124112,modeled-pass
72,72,large-record,4096,candidate-single-roundtrip-npgsqlbatch-set-and-read,True,True,144,1,99.30555555555556,21560,21560,0,9476,9105,3.9151540734487127,144,73,504,433,72,72,72,72,72,72,True,True,-1204124112,modeled-pass
73,73,small-record,128,candidate-current-npgsqlbatch-set-plus-getmultiple,True,True,146,2,98.63013698630137,21560,21560,0,2166,2237,-3.2779316712834716,146,74,511,439,73,73,73,73,73,73,True,True,-984620650,modeled-pass
73,73,small-record,128,candidate-chunked-100-npgsqlbatch-set-plus-getmultiple,True,True,146,2,98.63013698630137,21560,21560,0,2166,1940,10.43397968605725,146,74,511,439,73,73,73,73,73,73,True,True,-984620650,modeled-pass
73,73,small-record,128,candidate-single-roundtrip-npgsqlbatch-set-and-read,True,True,146,1,99.31506849315069,21560,21560,0,2166,1907,11.95752539242844,146,74,511,439,73,73,73,73,73,73,True,True,-984620650,modeled-pass
73,73,medium-record,1024,candidate-current-npgsqlbatch-set-plus-getmultiple,True,True,146,2,98.63013698630137,21272,21560,-1.3538924407672057,3261,3347,-2.6372278442195647,146,74,511,439,73,73,73,73,73,73,True,True,434923260,modeled-pass
73,73,medium-record,1024,candidate-chunked-100-npgsqlbatch-set-plus-getmultiple,True,True,146,2,98.63013698630137,21272,21560,-1.3538924407672057,3261,3394,-4.078503526525606,146,74,511,439,73,73,73,73,73,73,True,True,434923260,modeled-pass
73,73,medium-record,1024,candidate-single-roundtrip-npgsqlbatch-set-and-read,True,True,146,1,99.31506849315069,21272,21560,-1.3538924407672057,3261,3253,0.24532352039251762,146,74,511,439,73,73,73,73,73,73,True,True,434923260,modeled-pass
73,73,large-record,4096,candidate-current-npgsqlbatch-set-plus-getmultiple,True,True,146,2,98.63013698630137,21560,21560,0,7229,7413,-2.545303638124222,146,74,511,439,73,73,73,73,73,73,True,True,1763187241,modeled-pass
73,73,large-record,4096,candidate-chunked-100-npgsqlbatch-set-plus-getmultiple,True,True,146,2,98.63013698630137,21560,21560,0,7229,3469,52.01272651819062,146,74,511,439,73,73,73,73,73,73,True,True,1763187241,modeled-pass
73,73,large-record,4096,candidate-single-roundtrip-npgsqlbatch-set-and-read,True,True,146,1,99.31506849315069,21560,21560,0,7229,3305,54.281366717388295,146,74,511,439,73,73,73,73,73,73,True,True,1763187241,modeled-pass
74,74,small-record,128,candidate-current-npgsqlbatch-set-plus-getmultiple,True,True,148,2,98.64864864864865,21560,21560,0,1048,1153,-10.01908396946565,148,75,518,445,74,74,74,74,74,74,True,True,2041392468,modeled-pass
74,74,small-record,128,candidate-chunked-100-npgsqlbatch-set-plus-getmultiple,True,True,148,2,98.64864864864865,21560,21560,0,1048,1122,-7.061068702290076,148,75,518,445,74,74,74,74,74,74,True,True,2041392468,modeled-pass
74,74,small-record,128,candidate-single-roundtrip-npgsqlbatch-set-and-read,True,True,148,1,99.32432432432432,21560,21560,0,1048,1190,-13.549618320610687,148,75,518,445,74,74,74,74,74,74,True,True,2041392468,modeled-pass
74,74,medium-record,1024,candidate-current-npgsqlbatch-set-plus-getmultiple,True,True,148,2,98.64864864864865,21560,21560,0,1579,1569,0.6333122229259025,148,75,518,445,74,74,74,74,74,74,True,True,-242607221,modeled-pass
74,74,medium-record,1024,candidate-chunked-100-npgsqlbatch-set-plus-getmultiple,True,True,148,2,98.64864864864865,21560,21560,0,1579,1741,-10.25965801139962,148,75,518,445,74,74,74,74,74,74,True,True,-242607221,modeled-pass
74,74,medium-record,1024,candidate-single-roundtrip-npgsqlbatch-set-and-read,True,True,148,1,99.32432432432432,21560,21560,0,1579,1614,-2.2165927802406586,148,75,518,445,74,74,74,74,74,74,True,True,-242607221,modeled-pass
74,74,large-record,4096,candidate-current-npgsqlbatch-set-plus-getmultiple,True,True,148,2,98.64864864864865,21560,21560,0,3368,3503,-4.008313539192399,148,75,518,445,74,74,74,74,74,74,True,True,-1320083548,modeled-pass
74,74,large-record,4096,candidate-chunked-100-npgsqlbatch-set-plus-getmultiple,True,True,148,2,98.64864864864865,21560,21272,1.3358070500927643,3368,3317,1.5142517814726841,148,75,518,445,74,74,74,74,74,74,True,True,-1320083548,modeled-pass
74,74,large-record,4096,candidate-single-roundtrip-npgsqlbatch-set-and-read,True,True,148,1,99.32432432432432,21560,21560,0,3368,3807,-13.034441805225653,148,75,518,445,74,74,74,74,74,74,True,True,-1320083548,modeled-pass
75,75,small-record,128,candidate-current-npgsqlbatch-set-plus-getmultiple,True,True,150,2,98.66666666666667,21560,21560,0,1018,1058,-3.9292730844793713,150,76,525,451,75,75,75,75,75,75,True,True,2052523477,modeled-pass
75,75,small-record,128,candidate-chunked-100-npgsqlbatch-set-plus-getmultiple,True,True,150,2,98.66666666666667,21560,21560,0,1018,1050,-3.143418467583497,150,76,525,451,75,75,75,75,75,75,True,True,2052523477,modeled-pass
75,75,small-record,128,candidate-single-roundtrip-npgsqlbatch-set-and-read,True,True,150,1,99.33333333333333,21560,21560,0,1018,1042,-2.357563850687623,150,76,525,451,75,75,75,75,75,75,True,True,2052523477,modeled-pass
75,75,medium-record,1024,candidate-current-npgsqlbatch-set-plus-getmultiple,True,True,150,2,98.66666666666667,21560,21560,0,1500,1576,-5.066666666666666,150,76,525,451,75,75,75,75,75,75,True,True,-593879970,modeled-pass
75,75,medium-record,1024,candidate-chunked-100-npgsqlbatch-set-plus-getmultiple,True,True,150,2,98.66666666666667,21560,21560,0,1500,1587,-5.8,150,76,525,451,75,75,75,75,75,75,True,True,-593879970,modeled-pass
75,75,medium-record,1024,candidate-single-roundtrip-npgsqlbatch-set-and-read,True,True,150,1,99.33333333333333,21560,21560,0,1500,1586,-5.733333333333333,150,76,525,451,75,75,75,75,75,75,True,True,-593879970,modeled-pass
75,75,large-record,4096,candidate-current-npgsqlbatch-set-plus-getmultiple,True,True,150,2,98.66666666666667,21560,21560,0,3392,3563,-5.04127358490566,150,76,525,451,75,75,75,75,75,75,True,True,1215595006,modeled-pass
75,75,large-record,4096,candidate-chunked-100-npgsqlbatch-set-plus-getmultiple,True,True,150,2,98.66666666666667,21560,21560,0,3392,3645,-7.45872641509434,150,76,525,451,75,75,75,75,75,75,True,True,1215595006,modeled-pass
75,75,large-record,4096,candidate-single-roundtrip-npgsqlbatch-set-and-read,True,True,150,1,99.33333333333333,21560,21560,0,3392,3584,-5.660377358490566,150,76,525,451,75,75,75,75,75,75,True,True,1215595006,modeled-pass
76,76,small-record,128,candidate-current-npgsqlbatch-set-plus-getmultiple,True,True,152,2,98.6842105263158,21560,21560,0,1079,1056,2.1316033364226135,152,77,532,457,76,76,76,76,76,76,True,True,1047003006,modeled-pass
76,76,small-record,128,candidate-chunked-100-npgsqlbatch-set-plus-getmultiple,True,True,152,2,98.6842105263158,21560,21560,0,1079,1052,2.5023169601482853,152,77,532,457,76,76,76,76,76,76,True,True,1047003006,modeled-pass
76,76,small-record,128,candidate-single-roundtrip-npgsqlbatch-set-and-read,True,True,152,1,99.34210526315789,21560,21560,0,1079,994,7.877664504170529,152,77,532,457,76,76,76,76,76,76,True,True,1047003006,modeled-pass
76,76,medium-record,1024,candidate-current-npgsqlbatch-set-plus-getmultiple,True,True,152,2,98.6842105263158,21560,21560,0,1644,1764,-7.299270072992701,152,77,532,457,76,76,76,76,76,76,True,True,-2124691148,modeled-pass
76,76,medium-record,1024,candidate-chunked-100-npgsqlbatch-set-plus-getmultiple,True,True,152,2,98.6842105263158,21560,21560,0,1644,1803,-9.671532846715328,152,77,532,457,76,76,76,76,76,76,True,True,-2124691148,modeled-pass
76,76,medium-record,1024,candidate-single-roundtrip-npgsqlbatch-set-and-read,True,True,152,1,99.34210526315789,21560,21560,0,1644,1831,-11.37469586374696,152,77,532,457,76,76,76,76,76,76,True,True,-2124691148,modeled-pass
76,76,large-record,4096,candidate-current-npgsqlbatch-set-plus-getmultiple,True,True,152,2,98.6842105263158,21560,21560,0,3639,3439,5.496015388843089,152,77,532,457,76,76,76,76,76,76,True,True,1544719079,modeled-pass
76,76,large-record,4096,candidate-chunked-100-npgsqlbatch-set-plus-getmultiple,True,True,152,2,98.6842105263158,21560,21560,0,3639,3568,1.9510854630392964,152,77,532,457,76,76,76,76,76,76,True,True,1544719079,modeled-pass
76,76,large-record,4096,candidate-single-roundtrip-npgsqlbatch-set-and-read,True,True,152,1,99.34210526315789,21560,21560,0,3639,3468,4.699093157460841,152,77,532,457,76,76,76,76,76,76,True,True,1544719079,modeled-pass
77,77,small-record,128,candidate-current-npgsqlbatch-set-plus-getmultiple,True,True,154,2,98.7012987012987,21560,21560,0,817,822,-0.6119951040391677,154,78,539,463,77,77,77,77,77,77,True,True,-366714374,modeled-pass
77,77,small-record,128,candidate-chunked-100-npgsqlbatch-set-plus-getmultiple,True,True,154,2,98.7012987012987,21560,21560,0,817,867,-6.119951040391677,154,78,539,463,77,77,77,77,77,77,True,True,-366714374,modeled-pass
77,77,small-record,128,candidate-single-roundtrip-npgsqlbatch-set-and-read,True,True,154,1,99.35064935064935,21560,21560,0,817,800,2.08078335373317,154,78,539,463,77,77,77,77,77,77,True,True,-366714374,modeled-pass
77,77,medium-record,1024,candidate-current-npgsqlbatch-set-plus-getmultiple,True,True,154,2,98.7012987012987,21560,21560,0,1354,1508,-11.37370753323486,154,78,539,463,77,77,77,77,77,77,True,True,-1794373588,modeled-pass
77,77,medium-record,1024,candidate-chunked-100-npgsqlbatch-set-plus-getmultiple,True,True,154,2,98.7012987012987,21560,21560,0,1354,1472,-8.714918759231905,154,78,539,463,77,77,77,77,77,77,True,True,-1794373588,modeled-pass
77,77,medium-record,1024,candidate-single-roundtrip-npgsqlbatch-set-and-read,True,True,154,1,99.35064935064935,21560,21560,0,1354,1423,-5.096011816838995,154,78,539,463,77,77,77,77,77,77,True,True,-1794373588,modeled-pass
77,77,large-record,4096,candidate-current-npgsqlbatch-set-plus-getmultiple,True,True,154,2,98.7012987012987,21560,21560,0,3280,3746,-14.207317073170731,154,78,539,463,77,77,77,77,77,77,True,True,46738181,modeled-pass
77,77,large-record,4096,candidate-chunked-100-npgsqlbatch-set-plus-getmultiple,True,True,154,2,98.7012987012987,21560,21560,0,3280,3533,-7.713414634146342,154,78,539,463,77,77,77,77,77,77,True,True,46738181,modeled-pass
77,77,large-record,4096,candidate-single-roundtrip-npgsqlbatch-set-and-read,True,True,154,1,99.35064935064935,21560,21560,0,3280,3329,-1.4939024390243902,154,78,539,463,77,77,77,77,77,77,True,True,46738181,modeled-pass
78,78,small-record,128,candidate-current-npgsqlbatch-set-plus-getmultiple,True,True,156,2,98.71794871794872,21560,21560,0,784,882,-12.5,156,79,546,469,78,78,78,78,78,78,True,True,224623454,modeled-pass
78,78,small-record,128,candidate-chunked-100-npgsqlbatch-set-plus-getmultiple,True,True,156,2,98.71794871794872,21560,21560,0,784,652,16.836734693877553,156,79,546,469,78,78,78,78,78,78,True,True,224623454,modeled-pass
78,78,small-record,128,candidate-single-roundtrip-npgsqlbatch-set-and-read,True,True,156,1,99.35897435897436,21560,21560,0,784,653,16.709183673469386,156,79,546,469,78,78,78,78,78,78,True,True,224623454,modeled-pass
78,78,medium-record,1024,candidate-current-npgsqlbatch-set-plus-getmultiple,True,True,156,2,98.71794871794872,21560,21560,0,1421,1223,13.933849401829697,156,79,546,469,78,78,78,78,78,78,True,True,664012141,modeled-pass
78,78,medium-record,1024,candidate-chunked-100-npgsqlbatch-set-plus-getmultiple,True,True,156,2,98.71794871794872,21560,21224,1.5584415584415585,1421,1451,-2.1111893033075297,156,79,546,469,78,78,78,78,78,78,True,True,664012141,modeled-pass
78,78,medium-record,1024,candidate-single-roundtrip-npgsqlbatch-set-and-read,True,True,156,1,99.35897435897436,21560,21560,0,1421,1235,13.089373680506686,156,79,546,469,78,78,78,78,78,78,True,True,664012141,modeled-pass
78,78,large-record,4096,candidate-current-npgsqlbatch-set-plus-getmultiple,True,True,156,2,98.71794871794872,21560,21560,0,3749,3448,8.028807682048546,156,79,546,469,78,78,78,78,78,78,True,True,-1872474413,modeled-pass
78,78,large-record,4096,candidate-chunked-100-npgsqlbatch-set-plus-getmultiple,True,True,156,2,98.71794871794872,21560,21560,0,3749,3643,2.8274206455054682,156,79,546,469,78,78,78,78,78,78,True,True,-1872474413,modeled-pass
78,78,large-record,4096,candidate-single-roundtrip-npgsqlbatch-set-and-read,True,True,156,1,99.35897435897436,21560,21560,0,3749,3910,-4.294478527607362,156,79,546,469,78,78,78,78,78,78,True,True,-1872474413,modeled-pass
79,79,small-record,128,candidate-current-npgsqlbatch-set-plus-getmultiple,True,True,158,2,98.73417721518987,21560,21560,0,838,864,-3.1026252983293556,158,80,553,475,79,79,79,79,79,79,True,True,-20088938,modeled-pass
79,79,small-record,128,candidate-chunked-100-npgsqlbatch-set-plus-getmultiple,True,True,158,2,98.73417721518987,21560,21560,0,838,661,21.121718377088307,158,80,553,475,79,79,79,79,79,79,True,True,-20088938,modeled-pass
79,79,small-record,128,candidate-single-roundtrip-npgsqlbatch-set-and-read,True,True,158,1,99.36708860759494,21560,21560,0,838,625,25.41766109785203,158,80,553,475,79,79,79,79,79,79,True,True,-20088938,modeled-pass
79,79,medium-record,1024,candidate-current-npgsqlbatch-set-plus-getmultiple,True,True,158,2,98.73417721518987,21560,21560,0,1425,1287,9.68421052631579,158,80,553,475,79,79,79,79,79,79,True,True,187649610,modeled-pass
79,79,medium-record,1024,candidate-chunked-100-npgsqlbatch-set-plus-getmultiple,True,True,158,2,98.73417721518987,21560,21560,0,1425,1250,12.280701754385966,158,80,553,475,79,79,79,79,79,79,True,True,187649610,modeled-pass
79,79,medium-record,1024,candidate-single-roundtrip-npgsqlbatch-set-and-read,True,True,158,1,99.36708860759494,21560,21560,0,1425,1292,9.333333333333334,158,80,553,475,79,79,79,79,79,79,True,True,187649610,modeled-pass
79,79,large-record,4096,candidate-current-npgsqlbatch-set-plus-getmultiple,True,True,158,2,98.73417721518987,21560,21560,0,3309,3197,3.3847083711090966,158,80,553,475,79,79,79,79,79,79,True,True,-1317598666,modeled-pass
79,79,large-record,4096,candidate-chunked-100-npgsqlbatch-set-plus-getmultiple,True,True,158,2,98.73417721518987,21560,21560,0,3309,3206,3.1127228770021156,158,80,553,475,79,79,79,79,79,79,True,True,-1317598666,modeled-pass
79,79,large-record,4096,candidate-single-roundtrip-npgsqlbatch-set-and-read,True,True,158,1,99.36708860759494,21560,21560,0,3309,3290,0.5741915986702931,158,80,553,475,79,79,79,79,79,79,True,True,-1317598666,modeled-pass
80,80,small-record,128,candidate-current-npgsqlbatch-set-plus-getmultiple,True,True,160,2,98.75,21560,21560,0,777,660,15.057915057915057,160,81,560,481,80,80,80,80,80,80,True,True,1088125104,modeled-pass
80,80,small-record,128,candidate-chunked-100-npgsqlbatch-set-plus-getmultiple,True,True,160,2,98.75,21560,21560,0,777,824,-6.048906048906049,160,81,560,481,80,80,80,80,80,80,True,True,1088125104,modeled-pass
80,80,small-record,128,candidate-single-roundtrip-npgsqlbatch-set-and-read,True,True,160,1,99.375,21560,21560,0,777,640,17.63191763191763,160,81,560,481,80,80,80,80,80,80,True,True,1088125104,modeled-pass
80,80,medium-record,1024,candidate-current-npgsqlbatch-set-plus-getmultiple,True,True,160,2,98.75,21560,21560,0,1348,1302,3.4124629080118694,160,81,560,481,80,80,80,80,80,80,True,True,-969251495,modeled-pass
80,80,medium-record,1024,candidate-chunked-100-npgsqlbatch-set-plus-getmultiple,True,True,160,2,98.75,21560,21560,0,1348,1248,7.4183976261127595,160,81,560,481,80,80,80,80,80,80,True,True,-969251495,modeled-pass
80,80,medium-record,1024,candidate-single-roundtrip-npgsqlbatch-set-and-read,True,True,160,1,99.375,21560,21560,0,1348,1402,-4.005934718100891,160,81,560,481,80,80,80,80,80,80,True,True,-969251495,modeled-pass
80,80,large-record,4096,candidate-current-npgsqlbatch-set-plus-getmultiple,True,True,160,2,98.75,21560,21560,0,3306,3235,2.147610405323654,160,81,560,481,80,80,80,80,80,80,True,True,-116458784,modeled-pass
80,80,large-record,4096,candidate-chunked-100-npgsqlbatch-set-plus-getmultiple,True,True,160,2,98.75,21560,21560,0,3306,3215,2.7525710828796126,160,81,560,481,80,80,80,80,80,80,True,True,-116458784,modeled-pass
80,80,large-record,4096,candidate-single-roundtrip-npgsqlbatch-set-and-read,True,True,160,1,99.375,21560,21560,0,3306,3224,2.4803387779794313,160,81,560,481,80,80,80,80,80,80,True,True,-116458784,modeled-pass
81,81,small-record,128,candidate-current-npgsqlbatch-set-plus-getmultiple,True,True,162,2,98.76543209876543,21560,21560,0,766,646,15.66579634464752,162,82,567,487,81,81,81,81,81,81,True,True,1390849588,modeled-pass
81,81,small-record,128,candidate-chunked-100-npgsqlbatch-set-plus-getmultiple,True,True,162,2,98.76543209876543,21560,21560,0,766,705,7.9634464751958225,162,82,567,487,81,81,81,81,81,81,True,True,1390849588,modeled-pass
81,81,small-record,128,candidate-single-roundtrip-npgsqlbatch-set-and-read,True,True,162,1,99.38271604938272,21560,21560,0,766,723,5.613577023498695,162,82,567,487,81,81,81,81,81,81,True,True,1390849588,modeled-pass
81,81,medium-record,1024,candidate-current-npgsqlbatch-set-plus-getmultiple,True,True,162,2,98.76543209876543,21560,21560,0,1378,1271,7.764876632801161,162,82,567,487,81,81,81,81,81,81,True,True,1931831658,modeled-pass
81,81,medium-record,1024,candidate-chunked-100-npgsqlbatch-set-plus-getmultiple,True,True,162,2,98.76543209876543,21560,21560,0,1378,1259,8.635703918722786,162,82,567,487,81,81,81,81,81,81,True,True,1931831658,modeled-pass
81,81,medium-record,1024,candidate-single-roundtrip-npgsqlbatch-set-and-read,True,True,162,1,99.38271604938272,21560,21560,0,1378,1293,6.168359941944848,162,82,567,487,81,81,81,81,81,81,True,True,1931831658,modeled-pass
81,81,large-record,4096,candidate-current-npgsqlbatch-set-plus-getmultiple,True,True,162,2,98.76543209876543,21560,21560,0,3369,3283,2.5526862570495696,162,82,567,487,81,81,81,81,81,81,True,True,-622893263,modeled-pass
81,81,large-record,4096,candidate-chunked-100-npgsqlbatch-set-plus-getmultiple,True,True,162,2,98.76543209876543,21560,21560,0,3369,3412,-1.2763431285247848,162,82,567,487,81,81,81,81,81,81,True,True,-622893263,modeled-pass
81,81,large-record,4096,candidate-single-roundtrip-npgsqlbatch-set-and-read,True,True,162,1,99.38271604938272,21560,21560,0,3369,3307,1.840308696942713,162,82,567,487,81,81,81,81,81,81,True,True,-622893263,modeled-pass
82,82,small-record,128,candidate-current-npgsqlbatch-set-plus-getmultiple,True,True,164,2,98.78048780487805,21560,21560,0,827,677,18.137847642079805,164,83,574,493,82,82,82,82,82,82,True,True,2038112259,modeled-pass
82,82,small-record,128,candidate-chunked-100-npgsqlbatch-set-plus-getmultiple,True,True,164,2,98.78048780487805,21560,21560,0,827,716,13.422007255139057,164,83,574,493,82,82,82,82,82,82,True,True,2038112259,modeled-pass
82,82,small-record,128,candidate-single-roundtrip-npgsqlbatch-set-and-read,True,True,164,1,99.39024390243902,21560,21560,0,827,780,5.683192261185006,164,83,574,493,82,82,82,82,82,82,True,True,2038112259,modeled-pass
82,82,medium-record,1024,candidate-current-npgsqlbatch-set-plus-getmultiple,True,True,164,2,98.78048780487805,21560,21560,0,1391,1255,9.777138749101367,164,83,574,493,82,82,82,82,82,82,True,True,166208946,modeled-pass
82,82,medium-record,1024,candidate-chunked-100-npgsqlbatch-set-plus-getmultiple,True,True,164,2,98.78048780487805,21560,21560,0,1391,1342,3.5226455787203452,164,83,574,493,82,82,82,82,82,82,True,True,166208946,modeled-pass
82,82,medium-record,1024,candidate-single-roundtrip-npgsqlbatch-set-and-read,True,True,164,1,99.39024390243902,21560,21560,0,1391,1314,5.535585909417685,164,83,574,493,82,82,82,82,82,82,True,True,166208946,modeled-pass
82,82,large-record,4096,candidate-current-npgsqlbatch-set-plus-getmultiple,True,True,164,2,98.78048780487805,21560,21560,0,3485,3341,4.131994261119082,164,83,574,493,82,82,82,82,82,82,True,True,662551281,modeled-pass
82,82,large-record,4096,candidate-chunked-100-npgsqlbatch-set-plus-getmultiple,True,True,164,2,98.78048780487805,21560,21560,0,3485,3364,3.472022955523673,164,83,574,493,82,82,82,82,82,82,True,True,662551281,modeled-pass
82,82,large-record,4096,candidate-single-roundtrip-npgsqlbatch-set-and-read,True,True,164,1,99.39024390243902,21560,21560,0,3485,3297,5.39454806312769,164,83,574,493,82,82,82,82,82,82,True,True,662551281,modeled-pass
83,83,small-record,128,candidate-current-npgsqlbatch-set-plus-getmultiple,True,True,166,2,98.79518072289157,21560,21560,0,700,554,20.857142857142858,166,84,581,499,83,83,83,83,83,83,True,True,1092488096,modeled-pass
83,83,small-record,128,candidate-chunked-100-npgsqlbatch-set-plus-getmultiple,True,True,166,2,98.79518072289157,21560,21560,0,700,614,12.285714285714286,166,84,581,499,83,83,83,83,83,83,True,True,1092488096,modeled-pass
83,83,small-record,128,candidate-single-roundtrip-npgsqlbatch-set-and-read,True,True,166,1,99.39759036144578,21560,21560,0,700,538,23.142857142857142,166,84,581,499,83,83,83,83,83,83,True,True,1092488096,modeled-pass
83,83,medium-record,1024,candidate-current-npgsqlbatch-set-plus-getmultiple,True,True,166,2,98.79518072289157,21560,21560,0,1262,1123,11.014263074484944,166,84,581,499,83,83,83,83,83,83,True,True,-1396067257,modeled-pass
83,83,medium-record,1024,candidate-chunked-100-npgsqlbatch-set-plus-getmultiple,True,True,166,2,98.79518072289157,21560,21560,0,1262,1134,10.142630744849445,166,84,581,499,83,83,83,83,83,83,True,True,-1396067257,modeled-pass
83,83,medium-record,1024,candidate-single-roundtrip-npgsqlbatch-set-and-read,True,True,166,1,99.39759036144578,21560,21560,0,1262,1130,10.45958795562599,166,84,581,499,83,83,83,83,83,83,True,True,-1396067257,modeled-pass
83,83,large-record,4096,candidate-current-npgsqlbatch-set-plus-getmultiple,True,True,166,2,98.79518072289157,21560,21560,0,3343,3271,2.153754113072091,166,84,581,499,83,83,83,83,83,83,True,True,1375345535,modeled-pass
83,83,large-record,4096,candidate-chunked-100-npgsqlbatch-set-plus-getmultiple,True,True,166,2,98.79518072289157,21560,21560,0,3343,3326,0.5085252766975771,166,84,581,499,83,83,83,83,83,83,True,True,1375345535,modeled-pass
83,83,large-record,4096,candidate-single-roundtrip-npgsqlbatch-set-and-read,True,True,166,1,99.39759036144578,21560,21560,0,3343,3308,1.0469638049655998,166,84,581,499,83,83,83,83,83,83,True,True,1375345535,modeled-pass
84,84,small-record,128,candidate-current-npgsqlbatch-set-plus-getmultiple,True,True,168,2,98.80952380952381,21560,21560,0,674,549,18.5459940652819,168,85,588,505,84,84,84,84,84,84,True,True,1957832631,modeled-pass
84,84,small-record,128,candidate-chunked-100-npgsqlbatch-set-plus-getmultiple,True,True,168,2,98.80952380952381,21560,21560,0,674,576,14.540059347181009,168,85,588,505,84,84,84,84,84,84,True,True,1957832631,modeled-pass
84,84,small-record,128,candidate-single-roundtrip-npgsqlbatch-set-and-read,True,True,168,1,99.4047619047619,21560,21560,0,674,611,9.347181008902076,168,85,588,505,84,84,84,84,84,84,True,True,1957832631,modeled-pass
84,84,medium-record,1024,candidate-current-npgsqlbatch-set-plus-getmultiple,True,True,168,2,98.80952380952381,21560,21560,0,1311,1307,0.30511060259344014,168,85,588,505,84,84,84,84,84,84,True,True,-27170730,modeled-pass
84,84,medium-record,1024,candidate-chunked-100-npgsqlbatch-set-plus-getmultiple,True,True,168,2,98.80952380952381,21560,21560,0,1311,1182,9.839816933638444,168,85,588,505,84,84,84,84,84,84,True,True,-27170730,modeled-pass
84,84,medium-record,1024,candidate-single-roundtrip-npgsqlbatch-set-and-read,True,True,168,1,99.4047619047619,21560,21560,0,1311,1220,6.941266209000763,168,85,588,505,84,84,84,84,84,84,True,True,-27170730,modeled-pass
84,84,large-record,4096,candidate-current-npgsqlbatch-set-plus-getmultiple,True,True,168,2,98.80952380952381,21560,21560,0,3409,3277,3.872103256086829,168,85,588,505,84,84,84,84,84,84,True,True,975276210,modeled-pass
84,84,large-record,4096,candidate-chunked-100-npgsqlbatch-set-plus-getmultiple,True,True,168,2,98.80952380952381,21560,21560,0,3409,3401,0.23467292461132297,168,85,588,505,84,84,84,84,84,84,True,True,975276210,modeled-pass
84,84,large-record,4096,candidate-single-roundtrip-npgsqlbatch-set-and-read,True,True,168,1,99.4047619047619,21560,21560,0,3409,3469,-1.7600469345849223,168,85,588,505,84,84,84,84,84,84,True,True,975276210,modeled-pass
85,85,small-record,128,candidate-current-npgsqlbatch-set-plus-getmultiple,True,True,170,2,98.82352941176471,21560,21560,0,688,554,19.476744186046513,170,86,595,511,85,85,85,85,85,85,True,True,-1428627233,modeled-pass
85,85,small-record,128,candidate-chunked-100-npgsqlbatch-set-plus-getmultiple,True,True,170,2,98.82352941176471,21560,21560,0,688,563,18.16860465116279,170,86,595,511,85,85,85,85,85,85,True,True,-1428627233,modeled-pass
85,85,small-record,128,candidate-single-roundtrip-npgsqlbatch-set-and-read,True,True,170,1,99.41176470588235,21560,21560,0,688,551,19.912790697674417,170,86,595,511,85,85,85,85,85,85,True,True,-1428627233,modeled-pass
85,85,medium-record,1024,candidate-current-npgsqlbatch-set-plus-getmultiple,True,True,170,2,98.82352941176471,21560,21560,0,1296,1188,8.333333333333334,170,86,595,511,85,85,85,85,85,85,True,True,1689187466,modeled-pass
85,85,medium-record,1024,candidate-chunked-100-npgsqlbatch-set-plus-getmultiple,True,True,170,2,98.82352941176471,21560,21272,1.3358070500927643,1296,1247,3.7808641975308643,170,86,595,511,85,85,85,85,85,85,True,True,1689187466,modeled-pass
85,85,medium-record,1024,candidate-single-roundtrip-npgsqlbatch-set-and-read,True,True,170,1,99.41176470588235,21560,21560,0,1296,1190,8.179012345679013,170,86,595,511,85,85,85,85,85,85,True,True,1689187466,modeled-pass
85,85,large-record,4096,candidate-current-npgsqlbatch-set-plus-getmultiple,True,True,170,2,98.82352941176471,21560,21560,0,3428,3303,3.646441073512252,170,86,595,511,85,85,85,85,85,85,True,True,723226548,modeled-pass
85,85,large-record,4096,candidate-chunked-100-npgsqlbatch-set-plus-getmultiple,True,True,170,2,98.82352941176471,21560,21560,0,3428,3336,2.6837806301050176,170,86,595,511,85,85,85,85,85,85,True,True,723226548,modeled-pass
85,85,large-record,4096,candidate-single-roundtrip-npgsqlbatch-set-and-read,True,True,170,1,99.41176470588235,21560,21560,0,3428,3349,2.3045507584597433,170,86,595,511,85,85,85,85,85,85,True,True,723226548,modeled-pass
86,86,small-record,128,candidate-current-npgsqlbatch-set-plus-getmultiple,True,True,172,2,98.83720930232558,21560,21560,0,703,566,19.48790896159317,172,87,602,517,86,86,86,86,86,86,True,True,702954410,modeled-pass
86,86,small-record,128,candidate-chunked-100-npgsqlbatch-set-plus-getmultiple,True,True,172,2,98.83720930232558,21560,21560,0,703,605,13.940256045519204,172,87,602,517,86,86,86,86,86,86,True,True,702954410,modeled-pass
86,86,small-record,128,candidate-single-roundtrip-npgsqlbatch-set-and-read,True,True,172,1,99.4186046511628,21560,21560,0,703,579,17.63869132290185,172,87,602,517,86,86,86,86,86,86,True,True,702954410,modeled-pass
86,86,medium-record,1024,candidate-current-npgsqlbatch-set-plus-getmultiple,True,True,172,2,98.83720930232558,21560,21560,0,1330,1200,9.774436090225564,172,87,602,517,86,86,86,86,86,86,True,True,610360222,modeled-pass
86,86,medium-record,1024,candidate-chunked-100-npgsqlbatch-set-plus-getmultiple,True,True,172,2,98.83720930232558,21560,21560,0,1330,1223,8.045112781954888,172,87,602,517,86,86,86,86,86,86,True,True,610360222,modeled-pass
86,86,medium-record,1024,candidate-single-roundtrip-npgsqlbatch-set-and-read,True,True,172,1,99.4186046511628,21560,21560,0,1330,1174,11.729323308270677,172,87,602,517,86,86,86,86,86,86,True,True,610360222,modeled-pass
86,86,large-record,4096,candidate-current-npgsqlbatch-set-plus-getmultiple,True,True,172,2,98.83720930232558,21560,21560,0,3537,3587,-1.413627367825841,172,87,602,517,86,86,86,86,86,86,True,True,-2022987709,modeled-pass
86,86,large-record,4096,candidate-chunked-100-npgsqlbatch-set-plus-getmultiple,True,True,172,2,98.83720930232558,21560,21560,0,3537,3413,3.5057958722080858,172,87,602,517,86,86,86,86,86,86,True,True,-2022987709,modeled-pass
86,86,large-record,4096,candidate-single-roundtrip-npgsqlbatch-set-and-read,True,True,172,1,99.4186046511628,21560,21560,0,3537,3404,3.7602487984167374,172,87,602,517,86,86,86,86,86,86,True,True,-2022987709,modeled-pass
87,87,small-record,128,candidate-current-npgsqlbatch-set-plus-getmultiple,True,True,174,2,98.85057471264368,21560,21560,0,699,571,18.311874105865524,174,88,609,523,87,87,87,87,87,87,True,True,585853716,modeled-pass
87,87,small-record,128,candidate-chunked-100-npgsqlbatch-set-plus-getmultiple,True,True,174,2,98.85057471264368,21560,21560,0,699,624,10.729613733905579,174,88,609,523,87,87,87,87,87,87,True,True,585853716,modeled-pass
87,87,small-record,128,candidate-single-roundtrip-npgsqlbatch-set-and-read,True,True,174,1,99.42528735632185,21560,21560,0,699,595,14.878397711015737,174,88,609,523,87,87,87,87,87,87,True,True,585853716,modeled-pass
87,87,medium-record,1024,candidate-current-npgsqlbatch-set-plus-getmultiple,True,True,174,2,98.85057471264368,21560,21560,0,1339,1197,10.604929051530993,174,88,609,523,87,87,87,87,87,87,True,True,-1171981553,modeled-pass
87,87,medium-record,1024,candidate-chunked-100-npgsqlbatch-set-plus-getmultiple,True,True,174,2,98.85057471264368,21560,21560,0,1339,1235,7.766990291262136,174,88,609,523,87,87,87,87,87,87,True,True,-1171981553,modeled-pass
87,87,medium-record,1024,candidate-single-roundtrip-npgsqlbatch-set-and-read,True,True,174,1,99.42528735632185,21560,21560,0,1339,1203,10.156833457804332,174,88,609,523,87,87,87,87,87,87,True,True,-1171981553,modeled-pass
87,87,large-record,4096,candidate-current-npgsqlbatch-set-plus-getmultiple,True,True,174,2,98.85057471264368,21560,21560,0,3616,3431,5.116150442477876,174,88,609,523,87,87,87,87,87,87,True,True,45941921,modeled-pass
87,87,large-record,4096,candidate-chunked-100-npgsqlbatch-set-plus-getmultiple,True,True,174,2,98.85057471264368,21560,21560,0,3616,3447,4.673672566371682,174,88,609,523,87,87,87,87,87,87,True,True,45941921,modeled-pass
87,87,large-record,4096,candidate-single-roundtrip-npgsqlbatch-set-and-read,True,True,174,1,99.42528735632185,21560,21560,0,3616,3415,5.558628318584071,174,88,609,523,87,87,87,87,87,87,True,True,45941921,modeled-pass
88,88,small-record,128,candidate-current-npgsqlbatch-set-plus-getmultiple,True,True,176,2,98.86363636363636,21560,21560,0,720,575,20.13888888888889,176,89,616,529,88,88,88,88,88,88,True,True,-1407205117,modeled-pass
88,88,small-record,128,candidate-chunked-100-npgsqlbatch-set-plus-getmultiple,True,True,176,2,98.86363636363636,21560,21560,0,720,671,6.805555555555555,176,89,616,529,88,88,88,88,88,88,True,True,-1407205117,modeled-pass
88,88,small-record,128,candidate-single-roundtrip-npgsqlbatch-set-and-read,True,True,176,1,99.43181818181819,21560,21560,0,720,504,30,176,89,616,529,88,88,88,88,88,88,True,True,-1407205117,modeled-pass
88,88,medium-record,1024,candidate-current-npgsqlbatch-set-plus-getmultiple,True,True,176,2,98.86363636363636,21560,21560,0,1349,1479,-9.636767976278724,176,89,616,529,88,88,88,88,88,88,True,True,737964927,modeled-pass
88,88,medium-record,1024,candidate-chunked-100-npgsqlbatch-set-plus-getmultiple,True,True,176,2,98.86363636363636,21560,21560,0,1349,1443,-6.968124536693847,176,89,616,529,88,88,88,88,88,88,True,True,737964927,modeled-pass
88,88,medium-record,1024,candidate-single-roundtrip-npgsqlbatch-set-and-read,True,True,176,1,99.43181818181819,21560,21560,0,1349,1326,1.704966641957005,176,89,616,529,88,88,88,88,88,88,True,True,737964927,modeled-pass
88,88,large-record,4096,candidate-current-npgsqlbatch-set-plus-getmultiple,True,True,176,2,98.86363636363636,21560,21560,0,3693,3787,-2.545356079068508,176,89,616,529,88,88,88,88,88,88,True,True,661262276,modeled-pass
88,88,large-record,4096,candidate-chunked-100-npgsqlbatch-set-plus-getmultiple,True,True,176,2,98.86363636363636,21560,21560,0,3693,3602,2.4641213105875983,176,89,616,529,88,88,88,88,88,88,True,True,661262276,modeled-pass
88,88,large-record,4096,candidate-single-roundtrip-npgsqlbatch-set-and-read,True,True,176,1,99.43181818181819,21560,21560,0,3693,3643,1.353912808015164,176,89,616,529,88,88,88,88,88,88,True,True,661262276,modeled-pass
89,89,small-record,128,candidate-current-npgsqlbatch-set-plus-getmultiple,True,True,178,2,98.87640449438203,21560,21560,0,961,731,23.93340270551509,178,90,623,535,89,89,89,89,89,89,True,True,29778788,modeled-pass
89,89,small-record,128,candidate-chunked-100-npgsqlbatch-set-plus-getmultiple,True,True,178,2,98.87640449438203,21560,21560,0,961,775,19.35483870967742,178,90,623,535,89,89,89,89,89,89,True,True,29778788,modeled-pass
89,89,small-record,128,candidate-single-roundtrip-npgsqlbatch-set-and-read,True,True,178,1,99.43820224719101,21560,21560,0,961,669,30.385015608740893,178,90,623,535,89,89,89,89,89,89,True,True,29778788,modeled-pass
89,89,medium-record,1024,candidate-current-npgsqlbatch-set-plus-getmultiple,True,True,178,2,98.87640449438203,21560,21560,0,1333,1378,-3.3758439609902475,178,90,623,535,89,89,89,89,89,89,True,True,798751546,modeled-pass
89,89,medium-record,1024,candidate-chunked-100-npgsqlbatch-set-plus-getmultiple,True,True,178,2,98.87640449438203,21560,21560,0,1333,1394,-4.576144036009002,178,90,623,535,89,89,89,89,89,89,True,True,798751546,modeled-pass
89,89,medium-record,1024,candidate-single-roundtrip-npgsqlbatch-set-and-read,True,True,178,1,99.43820224719101,21560,21560,0,1333,1426,-6.976744186046512,178,90,623,535,89,89,89,89,89,89,True,True,798751546,modeled-pass
89,89,large-record,4096,candidate-current-npgsqlbatch-set-plus-getmultiple,True,True,178,2,98.87640449438203,21560,21560,0,3674,3573,2.749047359825803,178,90,623,535,89,89,89,89,89,89,True,True,-1906337869,modeled-pass
89,89,large-record,4096,candidate-chunked-100-npgsqlbatch-set-plus-getmultiple,True,True,178,2,98.87640449438203,21560,21560,0,3674,3893,-5.960805661404464,178,90,623,535,89,89,89,89,89,89,True,True,-1906337869,modeled-pass
89,89,large-record,4096,candidate-single-roundtrip-npgsqlbatch-set-and-read,True,True,178,1,99.43820224719101,21560,21560,0,3674,3585,2.422427871529668,178,90,623,535,89,89,89,89,89,89,True,True,-1906337869,modeled-pass
90,90,small-record,128,candidate-current-npgsqlbatch-set-plus-getmultiple,True,True,180,2,98.88888888888889,25592,25592,0,623,715,-14.76725521669342,180,91,630,541,90,90,90,90,90,90,True,True,-1892603610,modeled-pass
90,90,small-record,128,candidate-chunked-100-npgsqlbatch-set-plus-getmultiple,True,True,180,2,98.88888888888889,25592,25592,0,623,869,-39.48635634028892,180,91,630,541,90,90,90,90,90,90,True,True,-1892603610,modeled-pass
90,90,small-record,128,candidate-single-roundtrip-npgsqlbatch-set-and-read,True,True,180,1,99.44444444444444,25592,25592,0,623,665,-6.741573033707865,180,91,630,541,90,90,90,90,90,90,True,True,-1892603610,modeled-pass
90,90,medium-record,1024,candidate-current-npgsqlbatch-set-plus-getmultiple,True,True,180,2,98.88888888888889,25592,25592,0,1342,1366,-1.7883755588673622,180,91,630,541,90,90,90,90,90,90,True,True,-1504387843,modeled-pass
90,90,medium-record,1024,candidate-chunked-100-npgsqlbatch-set-plus-getmultiple,True,True,180,2,98.88888888888889,25592,25592,0,1342,1491,-11.102831594634873,180,91,630,541,90,90,90,90,90,90,True,True,-1504387843,modeled-pass
90,90,medium-record,1024,candidate-single-roundtrip-npgsqlbatch-set-and-read,True,True,180,1,99.44444444444444,25592,25592,0,1342,1353,-0.819672131147541,180,91,630,541,90,90,90,90,90,90,True,True,-1504387843,modeled-pass
90,90,large-record,4096,candidate-current-npgsqlbatch-set-plus-getmultiple,True,True,180,2,98.88888888888889,25552,25552,0,3567,3575,-0.224278104850014,180,91,630,541,90,90,90,90,90,90,True,True,-103901565,modeled-pass
90,90,large-record,4096,candidate-chunked-100-npgsqlbatch-set-plus-getmultiple,True,True,180,2,98.88888888888889,25552,25552,0,3567,3673,-2.971684889262686,180,91,630,541,90,90,90,90,90,90,True,True,-103901565,modeled-pass
90,90,large-record,4096,candidate-single-roundtrip-npgsqlbatch-set-and-read,True,True,180,1,99.44444444444444,25552,25552,0,3567,3568,-0.02803476310625175,180,91,630,541,90,90,90,90,90,90,True,True,-103901565,modeled-pass
91,91,small-record,128,candidate-current-npgsqlbatch-set-plus-getmultiple,True,True,182,2,98.9010989010989,25552,25552,0,606,629,-3.7953795379537953,182,92,637,547,91,91,91,91,91,91,True,True,-1192232182,modeled-pass
91,91,small-record,128,candidate-chunked-100-npgsqlbatch-set-plus-getmultiple,True,True,182,2,98.9010989010989,25552,25552,0,606,810,-33.663366336633665,182,92,637,547,91,91,91,91,91,91,True,True,-1192232182,modeled-pass
91,91,small-record,128,candidate-single-roundtrip-npgsqlbatch-set-and-read,True,True,182,1,99.45054945054945,25552,25552,0,606,679,-12.046204620462046,182,92,637,547,91,91,91,91,91,91,True,True,-1192232182,modeled-pass
91,91,medium-record,1024,candidate-current-npgsqlbatch-set-plus-getmultiple,True,True,182,2,98.9010989010989,25552,25552,0,1381,1454,-5.2860246198406955,182,92,637,547,91,91,91,91,91,91,True,True,-1943174413,modeled-pass
91,91,medium-record,1024,candidate-chunked-100-npgsqlbatch-set-plus-getmultiple,True,True,182,2,98.9010989010989,25552,25552,0,1381,1605,-16.220130340333093,182,92,637,547,91,91,91,91,91,91,True,True,-1943174413,modeled-pass
91,91,medium-record,1024,candidate-single-roundtrip-npgsqlbatch-set-and-read,True,True,182,1,99.45054945054945,25552,25552,0,1381,1484,-7.4583635047067345,182,92,637,547,91,91,91,91,91,91,True,True,-1943174413,modeled-pass
91,91,large-record,4096,candidate-current-npgsqlbatch-set-plus-getmultiple,True,True,182,2,98.9010989010989,25552,25552,0,3753,3741,0.31974420463629094,182,92,637,547,91,91,91,91,91,91,True,True,-773521191,modeled-pass
91,91,large-record,4096,candidate-chunked-100-npgsqlbatch-set-plus-getmultiple,True,True,182,2,98.9010989010989,25552,25552,0,3753,3877,-3.30402344790834,182,92,637,547,91,91,91,91,91,91,True,True,-773521191,modeled-pass
91,91,large-record,4096,candidate-single-roundtrip-npgsqlbatch-set-and-read,True,True,182,1,99.45054945054945,25552,25552,0,3753,3759,-0.15987210231814547,182,92,637,547,91,91,91,91,91,91,True,True,-773521191,modeled-pass
92,92,small-record,128,candidate-current-npgsqlbatch-set-plus-getmultiple,True,True,184,2,98.91304347826087,25552,25552,0,628,722,-14.968152866242038,184,93,644,553,92,92,92,92,92,92,True,True,-419345224,modeled-pass
92,92,small-record,128,candidate-chunked-100-npgsqlbatch-set-plus-getmultiple,True,True,184,2,98.91304347826087,25552,25552,0,628,899,-43.152866242038215,184,93,644,553,92,92,92,92,92,92,True,True,-419345224,modeled-pass
92,92,small-record,128,candidate-single-roundtrip-npgsqlbatch-set-and-read,True,True,184,1,99.45652173913044,25552,25552,0,628,644,-2.5477707006369426,184,93,644,553,92,92,92,92,92,92,True,True,-419345224,modeled-pass
92,92,medium-record,1024,candidate-current-npgsqlbatch-set-plus-getmultiple,True,True,184,2,98.91304347826087,25552,25552,0,1371,1500,-9.409190371991247,184,93,644,553,92,92,92,92,92,92,True,True,587159499,modeled-pass
92,92,medium-record,1024,candidate-chunked-100-npgsqlbatch-set-plus-getmultiple,True,True,184,2,98.91304347826087,25552,25552,0,1371,1729,-26.112326768781912,184,93,644,553,92,92,92,92,92,92,True,True,587159499,modeled-pass
92,92,medium-record,1024,candidate-single-roundtrip-npgsqlbatch-set-and-read,True,True,184,1,99.45652173913044,25552,25552,0,1371,1484,-8.242159008023341,184,93,644,553,92,92,92,92,92,92,True,True,587159499,modeled-pass
92,92,large-record,4096,candidate-current-npgsqlbatch-set-plus-getmultiple,True,True,184,2,98.91304347826087,25552,25552,0,3885,3937,-1.3384813384813385,184,93,644,553,92,92,92,92,92,92,True,True,1844718319,modeled-pass
92,92,large-record,4096,candidate-chunked-100-npgsqlbatch-set-plus-getmultiple,True,True,184,2,98.91304347826087,25552,25552,0,3885,3954,-1.776061776061776,184,93,644,553,92,92,92,92,92,92,True,True,1844718319,modeled-pass
92,92,large-record,4096,candidate-single-roundtrip-npgsqlbatch-set-and-read,True,True,184,1,99.45652173913044,25552,25552,0,3885,3806,2.0334620334620332,184,93,644,553,92,92,92,92,92,92,True,True,1844718319,modeled-pass
93,93,small-record,128,candidate-current-npgsqlbatch-set-plus-getmultiple,True,True,186,2,98.9247311827957,25552,25552,0,766,707,7.702349869451697,186,94,651,559,93,93,93,93,93,93,True,True,-170466844,modeled-pass
93,93,small-record,128,candidate-chunked-100-npgsqlbatch-set-plus-getmultiple,True,True,186,2,98.9247311827957,25552,25552,0,766,736,3.91644908616188,186,94,651,559,93,93,93,93,93,93,True,True,-170466844,modeled-pass
93,93,small-record,128,candidate-single-roundtrip-npgsqlbatch-set-and-read,True,True,186,1,99.46236559139786,25552,25552,0,766,805,-5.091383812010444,186,94,651,559,93,93,93,93,93,93,True,True,-170466844,modeled-pass
93,93,medium-record,1024,candidate-current-npgsqlbatch-set-plus-getmultiple,True,True,186,2,98.9247311827957,25552,25552,0,1501,1424,5.129913391072618,186,94,651,559,93,93,93,93,93,93,True,True,-874340893,modeled-pass
93,93,medium-record,1024,candidate-chunked-100-npgsqlbatch-set-plus-getmultiple,True,True,186,2,98.9247311827957,25552,25552,0,1501,1411,5.9960026648900735,186,94,651,559,93,93,93,93,93,93,True,True,-874340893,modeled-pass
93,93,medium-record,1024,candidate-single-roundtrip-npgsqlbatch-set-and-read,True,True,186,1,99.46236559139786,25552,25552,0,1501,1453,3.1978680879413726,186,94,651,559,93,93,93,93,93,93,True,True,-874340893,modeled-pass
93,93,large-record,4096,candidate-current-npgsqlbatch-set-plus-getmultiple,True,True,186,2,98.9247311827957,25552,25552,0,3735,3743,-0.214190093708166,186,94,651,559,93,93,93,93,93,93,True,True,1910011125,modeled-pass
93,93,large-record,4096,candidate-chunked-100-npgsqlbatch-set-plus-getmultiple,True,True,186,2,98.9247311827957,25552,25552,0,3735,3898,-4.364123159303882,186,94,651,559,93,93,93,93,93,93,True,True,1910011125,modeled-pass
93,93,large-record,4096,candidate-single-roundtrip-npgsqlbatch-set-and-read,True,True,186,1,99.46236559139786,25552,25552,0,3735,3783,-1.285140562248996,186,94,651,559,93,93,93,93,93,93,True,True,1910011125,modeled-pass
94,94,small-record,128,candidate-current-npgsqlbatch-set-plus-getmultiple,True,True,188,2,98.93617021276596,25552,25552,0,701,730,-4.136947218259629,188,95,658,565,94,94,94,94,94,94,True,True,2104919662,modeled-pass
94,94,small-record,128,candidate-chunked-100-npgsqlbatch-set-plus-getmultiple,True,True,188,2,98.93617021276596,25552,25552,0,701,693,1.1412268188302426,188,95,658,565,94,94,94,94,94,94,True,True,2104919662,modeled-pass
94,94,small-record,128,candidate-single-roundtrip-npgsqlbatch-set-and-read,True,True,188,1,99.46808510638297,25552,25552,0,701,771,-9.985734664764623,188,95,658,565,94,94,94,94,94,94,True,True,2104919662,modeled-pass
94,94,medium-record,1024,candidate-current-npgsqlbatch-set-plus-getmultiple,True,True,188,2,98.93617021276596,25552,25552,0,1516,1553,-2.440633245382586,188,95,658,565,94,94,94,94,94,94,True,True,1543348103,modeled-pass
94,94,medium-record,1024,candidate-chunked-100-npgsqlbatch-set-plus-getmultiple,True,True,188,2,98.93617021276596,25552,25552,0,1516,1503,0.8575197889182058,188,95,658,565,94,94,94,94,94,94,True,True,1543348103,modeled-pass
94,94,medium-record,1024,candidate-single-roundtrip-npgsqlbatch-set-and-read,True,True,188,1,99.46808510638297,25552,25552,0,1516,1454,4.089709762532982,188,95,658,565,94,94,94,94,94,94,True,True,1543348103,modeled-pass
94,94,large-record,4096,candidate-current-npgsqlbatch-set-plus-getmultiple,True,True,188,2,98.93617021276596,25552,25552,0,3678,3778,-2.718868950516585,188,95,658,565,94,94,94,94,94,94,True,True,1718853359,modeled-pass
94,94,large-record,4096,candidate-chunked-100-npgsqlbatch-set-plus-getmultiple,True,True,188,2,98.93617021276596,25552,25552,0,3678,3730,-1.4138118542686242,188,95,658,565,94,94,94,94,94,94,True,True,1718853359,modeled-pass
94,94,large-record,4096,candidate-single-roundtrip-npgsqlbatch-set-and-read,True,True,188,1,99.46808510638297,25552,25552,0,3678,3755,-2.0935290918977705,188,95,658,565,94,94,94,94,94,94,True,True,1718853359,modeled-pass
95,95,small-record,128,candidate-current-npgsqlbatch-set-plus-getmultiple,True,True,190,2,98.94736842105263,25552,25552,0,668,697,-4.341317365269461,190,96,665,571,95,95,95,95,95,95,True,True,-1032820432,modeled-pass
95,95,small-record,128,candidate-chunked-100-npgsqlbatch-set-plus-getmultiple,True,True,190,2,98.94736842105263,25552,25552,0,668,706,-5.688622754491018,190,96,665,571,95,95,95,95,95,95,True,True,-1032820432,modeled-pass
95,95,small-record,128,candidate-single-roundtrip-npgsqlbatch-set-and-read,True,True,190,1,99.47368421052632,25552,25552,0,668,690,-3.2934131736526946,190,96,665,571,95,95,95,95,95,95,True,True,-1032820432,modeled-pass
95,95,medium-record,1024,candidate-current-npgsqlbatch-set-plus-getmultiple,True,True,190,2,98.94736842105263,25552,25552,0,3735,1423,61.900937081659976,190,96,665,571,95,95,95,95,95,95,True,True,-577935954,modeled-pass
95,95,medium-record,1024,candidate-chunked-100-npgsqlbatch-set-plus-getmultiple,True,True,190,2,98.94736842105263,25552,25552,0,3735,1454,61.07095046854083,190,96,665,571,95,95,95,95,95,95,True,True,-577935954,modeled-pass
95,95,medium-record,1024,candidate-single-roundtrip-npgsqlbatch-set-and-read,True,True,190,1,99.47368421052632,25552,25552,0,3735,1429,61.74029451137885,190,96,665,571,95,95,95,95,95,95,True,True,-577935954,modeled-pass
95,95,large-record,4096,candidate-current-npgsqlbatch-set-plus-getmultiple,True,True,190,2,98.94736842105263,25552,25552,0,3741,4022,-7.511360598770382,190,96,665,571,95,95,95,95,95,95,True,True,475104060,modeled-pass
95,95,large-record,4096,candidate-chunked-100-npgsqlbatch-set-plus-getmultiple,True,True,190,2,98.94736842105263,25552,25552,0,3741,3878,-3.6621224271585135,190,96,665,571,95,95,95,95,95,95,True,True,475104060,modeled-pass
95,95,large-record,4096,candidate-single-roundtrip-npgsqlbatch-set-and-read,True,True,190,1,99.47368421052632,25552,25552,0,3741,3944,-5.426356589147287,190,96,665,571,95,95,95,95,95,95,True,True,475104060,modeled-pass
96,96,small-record,128,candidate-current-npgsqlbatch-set-plus-getmultiple,True,True,192,2,98.95833333333333,25552,25552,0,666,779,-16.966966966966968,192,97,672,577,96,96,96,96,96,96,True,True,425426366,modeled-pass
96,96,small-record,128,candidate-chunked-100-npgsqlbatch-set-plus-getmultiple,True,True,192,2,98.95833333333333,25552,25552,0,666,770,-15.615615615615615,192,97,672,577,96,96,96,96,96,96,True,True,425426366,modeled-pass
96,96,small-record,128,candidate-single-roundtrip-npgsqlbatch-set-and-read,True,True,192,1,99.47916666666667,25552,25552,0,666,727,-9.15915915915916,192,97,672,577,96,96,96,96,96,96,True,True,425426366,modeled-pass
96,96,medium-record,1024,candidate-current-npgsqlbatch-set-plus-getmultiple,True,True,192,2,98.95833333333333,25552,25552,0,1444,1582,-9.556786703601109,192,97,672,577,96,96,96,96,96,96,True,True,-1403142324,modeled-pass
96,96,medium-record,1024,candidate-chunked-100-npgsqlbatch-set-plus-getmultiple,True,True,192,2,98.95833333333333,25552,25552,0,1444,1522,-5.401662049861496,192,97,672,577,96,96,96,96,96,96,True,True,-1403142324,modeled-pass
96,96,medium-record,1024,candidate-single-roundtrip-npgsqlbatch-set-and-read,True,True,192,1,99.47916666666667,25552,25552,0,1444,1561,-8.102493074792244,192,97,672,577,96,96,96,96,96,96,True,True,-1403142324,modeled-pass
96,96,large-record,4096,candidate-current-npgsqlbatch-set-plus-getmultiple,True,True,192,2,98.95833333333333,25552,25552,0,3897,3933,-0.9237875288683602,192,97,672,577,96,96,96,96,96,96,True,True,2053984637,modeled-pass
96,96,large-record,4096,candidate-chunked-100-npgsqlbatch-set-plus-getmultiple,True,True,192,2,98.95833333333333,25552,25552,0,3897,3931,-0.8724659994867847,192,97,672,577,96,96,96,96,96,96,True,True,2053984637,modeled-pass
96,96,large-record,4096,candidate-single-roundtrip-npgsqlbatch-set-and-read,True,True,192,1,99.47916666666667,25552,25552,0,3897,3914,-0.43623299974339236,192,97,672,577,96,96,96,96,96,96,True,True,2053984637,modeled-pass
97,97,small-record,128,candidate-current-npgsqlbatch-set-plus-getmultiple,True,True,194,2,98.96907216494846,25552,25552,0,816,755,7.4754901960784315,194,98,679,583,97,97,97,97,97,97,True,True,981113138,modeled-pass
97,97,small-record,128,candidate-chunked-100-npgsqlbatch-set-plus-getmultiple,True,True,194,2,98.96907216494846,25552,25552,0,816,864,-5.882352941176471,194,98,679,583,97,97,97,97,97,97,True,True,981113138,modeled-pass
97,97,small-record,128,candidate-single-roundtrip-npgsqlbatch-set-and-read,True,True,194,1,99.48453608247422,25552,25552,0,816,877,-7.4754901960784315,194,98,679,583,97,97,97,97,97,97,True,True,981113138,modeled-pass
97,97,medium-record,1024,candidate-current-npgsqlbatch-set-plus-getmultiple,True,True,194,2,98.96907216494846,25552,25552,0,1527,1511,1.0478061558611658,194,98,679,583,97,97,97,97,97,97,True,True,-916354523,modeled-pass
97,97,medium-record,1024,candidate-chunked-100-npgsqlbatch-set-plus-getmultiple,True,True,194,2,98.96907216494846,25552,25552,0,1527,1616,-5.828421741977734,194,98,679,583,97,97,97,97,97,97,True,True,-916354523,modeled-pass
97,97,medium-record,1024,candidate-single-roundtrip-npgsqlbatch-set-and-read,True,True,194,1,99.48453608247422,25552,25552,0,1527,1538,-0.7203667321545514,194,98,679,583,97,97,97,97,97,97,True,True,-916354523,modeled-pass
97,97,large-record,4096,candidate-current-npgsqlbatch-set-plus-getmultiple,True,True,194,2,98.96907216494846,25552,25552,0,3941,3968,-0.6851053032225324,194,98,679,583,97,97,97,97,97,97,True,True,-151679578,modeled-pass
97,97,large-record,4096,candidate-chunked-100-npgsqlbatch-set-plus-getmultiple,True,True,194,2,98.96907216494846,25552,25552,0,3941,3989,-1.217964983506724,194,98,679,583,97,97,97,97,97,97,True,True,-151679578,modeled-pass
97,97,large-record,4096,candidate-single-roundtrip-npgsqlbatch-set-and-read,True,True,194,1,99.48453608247422,25552,25552,0,3941,3966,-0.6343567622430855,194,98,679,583,97,97,97,97,97,97,True,True,-151679578,modeled-pass
98,98,small-record,128,candidate-current-npgsqlbatch-set-plus-getmultiple,True,True,196,2,98.9795918367347,25552,25552,0,699,836,-19.59942775393419,196,99,686,589,98,98,98,98,98,98,True,True,1666646394,modeled-pass
98,98,small-record,128,candidate-chunked-100-npgsqlbatch-set-plus-getmultiple,True,True,196,2,98.9795918367347,25552,25552,0,699,779,-11.444921316165951,196,99,686,589,98,98,98,98,98,98,True,True,1666646394,modeled-pass
98,98,small-record,128,candidate-single-roundtrip-npgsqlbatch-set-and-read,True,True,196,1,99.48979591836735,25552,25552,0,699,726,-3.8626609442060085,196,99,686,589,98,98,98,98,98,98,True,True,1666646394,modeled-pass
98,98,medium-record,1024,candidate-current-npgsqlbatch-set-plus-getmultiple,True,True,196,2,98.9795918367347,25552,25552,0,1476,1499,-1.5582655826558265,196,99,686,589,98,98,98,98,98,98,True,True,-131774199,modeled-pass
98,98,medium-record,1024,candidate-chunked-100-npgsqlbatch-set-plus-getmultiple,True,True,196,2,98.9795918367347,25552,25552,0,1476,1574,-6.639566395663957,196,99,686,589,98,98,98,98,98,98,True,True,-131774199,modeled-pass
98,98,medium-record,1024,candidate-single-roundtrip-npgsqlbatch-set-and-read,True,True,196,1,99.48979591836735,25552,25552,0,1476,1474,0.13550135501355012,196,99,686,589,98,98,98,98,98,98,True,True,-131774199,modeled-pass
98,98,large-record,4096,candidate-current-npgsqlbatch-set-plus-getmultiple,True,True,196,2,98.9795918367347,25552,25552,0,3802,4019,-5.707522356654392,196,99,686,589,98,98,98,98,98,98,True,True,1491009685,modeled-pass
98,98,large-record,4096,candidate-chunked-100-npgsqlbatch-set-plus-getmultiple,True,True,196,2,98.9795918367347,25552,25552,0,3802,3842,-1.0520778537611783,196,99,686,589,98,98,98,98,98,98,True,True,1491009685,modeled-pass
98,98,large-record,4096,candidate-single-roundtrip-npgsqlbatch-set-and-read,True,True,196,1,99.48979591836735,25552,25552,0,3802,3864,-1.6307206733298265,196,99,686,589,98,98,98,98,98,98,True,True,1491009685,modeled-pass
99,99,small-record,128,candidate-current-npgsqlbatch-set-plus-getmultiple,True,True,198,2,98.98989898989899,25552,25552,0,641,661,-3.1201248049921997,198,100,693,595,99,99,99,99,99,99,True,True,-1373827508,modeled-pass
99,99,small-record,128,candidate-chunked-100-npgsqlbatch-set-plus-getmultiple,True,True,198,2,98.98989898989899,25552,25552,0,641,727,-13.41653666146646,198,100,693,595,99,99,99,99,99,99,True,True,-1373827508,modeled-pass
99,99,small-record,128,candidate-single-roundtrip-npgsqlbatch-set-and-read,True,True,198,1,99.4949494949495,25552,25552,0,641,665,-3.7441497659906395,198,100,693,595,99,99,99,99,99,99,True,True,-1373827508,modeled-pass
99,99,medium-record,1024,candidate-current-npgsqlbatch-set-plus-getmultiple,True,True,198,2,98.98989898989899,25552,25552,0,1511,1508,0.1985440105890139,198,100,693,595,99,99,99,99,99,99,True,True,-1623616938,modeled-pass
99,99,medium-record,1024,candidate-chunked-100-npgsqlbatch-set-plus-getmultiple,True,True,198,2,98.98989898989899,25552,25552,0,1511,1471,2.6472534745201854,198,100,693,595,99,99,99,99,99,99,True,True,-1623616938,modeled-pass
99,99,medium-record,1024,candidate-single-roundtrip-npgsqlbatch-set-and-read,True,True,198,1,99.4949494949495,25552,25552,0,1511,1956,-29.45069490403706,198,100,693,595,99,99,99,99,99,99,True,True,-1623616938,modeled-pass
99,99,large-record,4096,candidate-current-npgsqlbatch-set-plus-getmultiple,True,True,198,2,98.98989898989899,25552,25552,0,3923,3887,0.9176650522559265,198,100,693,595,99,99,99,99,99,99,True,True,-1367837074,modeled-pass
99,99,large-record,4096,candidate-chunked-100-npgsqlbatch-set-plus-getmultiple,True,True,198,2,98.98989898989899,25552,25552,0,3923,4205,-7.188376242671425,198,100,693,595,99,99,99,99,99,99,True,True,-1367837074,modeled-pass
99,99,large-record,4096,candidate-single-roundtrip-npgsqlbatch-set-and-read,True,True,198,1,99.4949494949495,25552,25552,0,3923,4853,-23.706347183278105,198,100,693,595,99,99,99,99,99,99,True,True,-1367837074,modeled-pass
100,100,small-record,128,candidate-current-npgsqlbatch-set-plus-getmultiple,True,True,200,2,99,25552,25552,0,690,695,-0.7246376811594203,200,101,700,601,100,100,100,100,100,100,True,True,-2140563491,modeled-pass
100,100,small-record,128,candidate-chunked-100-npgsqlbatch-set-plus-getmultiple,True,True,200,2,99,25552,25552,0,690,866,-25.507246376811594,200,101,700,601,100,100,100,100,100,100,True,True,-2140563491,modeled-pass
100,100,small-record,128,candidate-single-roundtrip-npgsqlbatch-set-and-read,True,True,200,1,99.5,25552,25552,0,690,775,-12.318840579710145,200,101,700,601,100,100,100,100,100,100,True,True,-2140563491,modeled-pass
100,100,medium-record,1024,candidate-current-npgsqlbatch-set-plus-getmultiple,True,True,200,2,99,25552,25552,0,1445,1444,0.06920415224913495,200,101,700,601,100,100,100,100,100,100,True,True,1608438553,modeled-pass
100,100,medium-record,1024,candidate-chunked-100-npgsqlbatch-set-plus-getmultiple,True,True,200,2,99,25552,25552,0,1445,1524,-5.467128027681661,200,101,700,601,100,100,100,100,100,100,True,True,1608438553,modeled-pass
100,100,medium-record,1024,candidate-single-roundtrip-npgsqlbatch-set-and-read,True,True,200,1,99.5,25552,25552,0,1445,1631,-12.8719723183391,200,101,700,601,100,100,100,100,100,100,True,True,1608438553,modeled-pass
100,100,large-record,4096,candidate-current-npgsqlbatch-set-plus-getmultiple,True,True,200,2,99,25552,25552,0,3950,4001,-1.2911392405063291,200,101,700,601,100,100,100,100,100,100,True,True,-1312980632,modeled-pass
100,100,large-record,4096,candidate-chunked-100-npgsqlbatch-set-plus-getmultiple,True,True,200,2,99,25552,25552,0,3950,3990,-1.0126582278481013,200,101,700,601,100,100,100,100,100,100,True,True,-1312980632,modeled-pass
100,100,large-record,4096,candidate-single-roundtrip-npgsqlbatch-set-and-read,True,True,200,1,99.5,25552,25552,0,3950,4290,-8.60759493670886,200,101,700,601,100,100,100,100,100,100,True,True,-1312980632,modeled-pass
101,101,small-record,128,candidate-current-npgsqlbatch-set-plus-getmultiple,True,True,202,2,99.00990099009901,25552,25552,0,693,730,-5.339105339105339,202,102,707,607,101,101,101,101,101,101,True,True,-161800310,modeled-pass
101,101,small-record,128,candidate-chunked-100-npgsqlbatch-set-plus-getmultiple,True,True,202,3,98.51485148514851,25552,25552,0,693,723,-4.329004329004329,202,102,707,607,101,101,101,101,101,101,True,True,-161800310,modeled-pass
101,101,small-record,128,candidate-single-roundtrip-npgsqlbatch-set-and-read,True,True,202,1,99.5049504950495,25552,25552,0,693,743,-7.215007215007215,202,102,707,607,101,101,101,101,101,101,True,True,-161800310,modeled-pass
101,101,medium-record,1024,candidate-current-npgsqlbatch-set-plus-getmultiple,True,True,202,2,99.00990099009901,25552,25552,0,1566,1620,-3.4482758620689653,202,102,707,607,101,101,101,101,101,101,True,True,-1398787403,modeled-pass
101,101,medium-record,1024,candidate-chunked-100-npgsqlbatch-set-plus-getmultiple,True,True,202,3,98.51485148514851,25552,25552,0,1566,1710,-9.195402298850574,202,102,707,607,101,101,101,101,101,101,True,True,-1398787403,modeled-pass
101,101,medium-record,1024,candidate-single-roundtrip-npgsqlbatch-set-and-read,True,True,202,1,99.5049504950495,25552,25552,0,1566,1803,-15.134099616858238,202,102,707,607,101,101,101,101,101,101,True,True,-1398787403,modeled-pass
101,101,large-record,4096,candidate-current-npgsqlbatch-set-plus-getmultiple,True,True,202,2,99.00990099009901,25552,25552,0,4874,4207,13.684858432498974,202,102,707,607,101,101,101,101,101,101,True,True,1617193599,modeled-pass
101,101,large-record,4096,candidate-chunked-100-npgsqlbatch-set-plus-getmultiple,True,True,202,3,98.51485148514851,25552,25552,0,4874,4241,12.987279441936808,202,102,707,607,101,101,101,101,101,101,True,True,1617193599,modeled-pass
101,101,large-record,4096,candidate-single-roundtrip-npgsqlbatch-set-and-read,True,True,202,1,99.5049504950495,25552,25552,0,4874,4169,14.464505539597866,202,102,707,607,101,101,101,101,101,101,True,True,1617193599,modeled-pass
102,102,small-record,128,candidate-current-npgsqlbatch-set-plus-getmultiple,True,True,204,2,99.01960784313725,25552,25552,0,746,735,1.4745308310991958,204,103,714,613,102,102,102,102,102,102,True,True,215900900,modeled-pass
102,102,small-record,128,candidate-chunked-100-npgsqlbatch-set-plus-getmultiple,True,True,204,3,98.52941176470588,25552,25552,0,746,773,-3.6193029490616624,204,103,714,613,102,102,102,102,102,102,True,True,215900900,modeled-pass
102,102,small-record,128,candidate-single-roundtrip-npgsqlbatch-set-and-read,True,True,204,1,99.50980392156863,25552,25552,0,746,730,2.1447721179624666,204,103,714,613,102,102,102,102,102,102,True,True,215900900,modeled-pass
102,102,medium-record,1024,candidate-current-npgsqlbatch-set-plus-getmultiple,True,True,204,2,99.01960784313725,25552,25552,0,1577,1534,2.726696258719087,204,103,714,613,102,102,102,102,102,102,True,True,-1147828286,modeled-pass
102,102,medium-record,1024,candidate-chunked-100-npgsqlbatch-set-plus-getmultiple,True,True,204,3,98.52941176470588,25552,25552,0,1577,1498,5.009511731135067,204,103,714,613,102,102,102,102,102,102,True,True,-1147828286,modeled-pass
102,102,medium-record,1024,candidate-single-roundtrip-npgsqlbatch-set-and-read,True,True,204,1,99.50980392156863,25552,25552,0,1577,1576,0.06341154090044387,204,103,714,613,102,102,102,102,102,102,True,True,-1147828286,modeled-pass
102,102,large-record,4096,candidate-current-npgsqlbatch-set-plus-getmultiple,True,True,204,2,99.01960784313725,25552,25552,0,4306,4533,-5.2717138875986995,204,103,714,613,102,102,102,102,102,102,True,True,-942340070,modeled-pass
102,102,large-record,4096,candidate-chunked-100-npgsqlbatch-set-plus-getmultiple,True,True,204,3,98.52941176470588,25552,25552,0,4306,4323,-0.3947979563399907,204,103,714,613,102,102,102,102,102,102,True,True,-942340070,modeled-pass
102,102,large-record,4096,candidate-single-roundtrip-npgsqlbatch-set-and-read,True,True,204,1,99.50980392156863,25552,25552,0,4306,4381,-1.741755689735253,204,103,714,613,102,102,102,102,102,102,True,True,-942340070,modeled-pass
103,103,small-record,128,candidate-current-npgsqlbatch-set-plus-getmultiple,True,True,206,2,99.02912621359224,25552,25552,0,817,739,9.547123623011016,206,104,721,619,103,103,103,103,103,103,True,True,-257891191,modeled-pass
103,103,small-record,128,candidate-chunked-100-npgsqlbatch-set-plus-getmultiple,True,True,206,3,98.54368932038835,25552,25552,0,817,932,-14.075887392900857,206,104,721,619,103,103,103,103,103,103,True,True,-257891191,modeled-pass
103,103,small-record,128,candidate-single-roundtrip-npgsqlbatch-set-and-read,True,True,206,1,99.51456310679612,25552,25552,0,817,817,0,206,104,721,619,103,103,103,103,103,103,True,True,-257891191,modeled-pass
103,103,medium-record,1024,candidate-current-npgsqlbatch-set-plus-getmultiple,True,True,206,2,99.02912621359224,25552,25552,0,1676,1592,5.011933174224343,206,104,721,619,103,103,103,103,103,103,True,True,-72119510,modeled-pass
103,103,medium-record,1024,candidate-chunked-100-npgsqlbatch-set-plus-getmultiple,True,True,206,3,98.54368932038835,25552,25552,0,1676,1877,-11.992840095465393,206,104,721,619,103,103,103,103,103,103,True,True,-72119510,modeled-pass
103,103,medium-record,1024,candidate-single-roundtrip-npgsqlbatch-set-and-read,True,True,206,1,99.51456310679612,25552,25552,0,1676,1598,4.6539379474940334,206,104,721,619,103,103,103,103,103,103,True,True,-72119510,modeled-pass
103,103,large-record,4096,candidate-current-npgsqlbatch-set-plus-getmultiple,True,True,206,2,99.02912621359224,25552,25552,0,4269,4203,1.5460295151089247,206,104,721,619,103,103,103,103,103,103,True,True,-59507409,modeled-pass
103,103,large-record,4096,candidate-chunked-100-npgsqlbatch-set-plus-getmultiple,True,True,206,3,98.54368932038835,25552,25552,0,4269,4151,2.7641133754977747,206,104,721,619,103,103,103,103,103,103,True,True,-59507409,modeled-pass
103,103,large-record,4096,candidate-single-roundtrip-npgsqlbatch-set-and-read,True,True,206,1,99.51456310679612,25552,25552,0,4269,4133,3.1857577887093,206,104,721,619,103,103,103,103,103,103,True,True,-59507409,modeled-pass
104,104,small-record,128,candidate-current-npgsqlbatch-set-plus-getmultiple,True,True,208,2,99.03846153846153,25552,25552,0,745,908,-21.879194630872483,208,105,728,625,104,104,104,104,104,104,True,True,1903252976,modeled-pass
104,104,small-record,128,candidate-chunked-100-npgsqlbatch-set-plus-getmultiple,True,True,208,3,98.5576923076923,25552,25552,0,745,879,-17.986577181208055,208,105,728,625,104,104,104,104,104,104,True,True,1903252976,modeled-pass
104,104,small-record,128,candidate-single-roundtrip-npgsqlbatch-set-and-read,True,True,208,1,99.51923076923077,25552,25552,0,745,832,-11.677852348993289,208,105,728,625,104,104,104,104,104,104,True,True,1903252976,modeled-pass
104,104,medium-record,1024,candidate-current-npgsqlbatch-set-plus-getmultiple,True,True,208,2,99.03846153846153,25552,25552,0,1725,1588,7.942028985507246,208,105,728,625,104,104,104,104,104,104,True,True,-2011829814,modeled-pass
104,104,medium-record,1024,candidate-chunked-100-npgsqlbatch-set-plus-getmultiple,True,True,208,3,98.5576923076923,25552,25552,0,1725,1602,7.130434782608695,208,105,728,625,104,104,104,104,104,104,True,True,-2011829814,modeled-pass
104,104,medium-record,1024,candidate-single-roundtrip-npgsqlbatch-set-and-read,True,True,208,1,99.51923076923077,25552,25552,0,1725,1564,9.333333333333334,208,105,728,625,104,104,104,104,104,104,True,True,-2011829814,modeled-pass
104,104,large-record,4096,candidate-current-npgsqlbatch-set-plus-getmultiple,True,True,208,2,99.03846153846153,25552,25552,0,4329,4385,-1.2936012936012935,208,105,728,625,104,104,104,104,104,104,True,True,1590006755,modeled-pass
104,104,large-record,4096,candidate-chunked-100-npgsqlbatch-set-plus-getmultiple,True,True,208,3,98.5576923076923,25552,25552,0,4329,4472,-3.3033033033033035,208,105,728,625,104,104,104,104,104,104,True,True,1590006755,modeled-pass
104,104,large-record,4096,candidate-single-roundtrip-npgsqlbatch-set-and-read,True,True,208,1,99.51923076923077,25552,25552,0,4329,4313,0.3696003696003696,208,105,728,625,104,104,104,104,104,104,True,True,1590006755,modeled-pass
105,105,small-record,128,candidate-current-npgsqlbatch-set-plus-getmultiple,True,True,210,2,99.04761904761905,25552,25552,0,729,890,-22.08504801097394,210,106,735,631,105,105,105,105,105,105,True,True,-1824504321,modeled-pass
105,105,small-record,128,candidate-chunked-100-npgsqlbatch-set-plus-getmultiple,True,True,210,3,98.57142857142857,25552,25552,0,729,817,-12.071330589849108,210,106,735,631,105,105,105,105,105,105,True,True,-1824504321,modeled-pass
105,105,small-record,128,candidate-single-roundtrip-npgsqlbatch-set-and-read,True,True,210,1,99.52380952380952,25552,25552,0,729,898,-23.18244170096022,210,106,735,631,105,105,105,105,105,105,True,True,-1824504321,modeled-pass
105,105,medium-record,1024,candidate-current-npgsqlbatch-set-plus-getmultiple,True,True,210,2,99.04761904761905,25552,25552,0,1525,1755,-15.081967213114755,210,106,735,631,105,105,105,105,105,105,True,True,-2107701470,modeled-pass
105,105,medium-record,1024,candidate-chunked-100-npgsqlbatch-set-plus-getmultiple,True,True,210,3,98.57142857142857,25552,25552,0,1525,1595,-4.590163934426229,210,106,735,631,105,105,105,105,105,105,True,True,-2107701470,modeled-pass
105,105,medium-record,1024,candidate-single-roundtrip-npgsqlbatch-set-and-read,True,True,210,1,99.52380952380952,25552,25552,0,1525,1726,-13.180327868852459,210,106,735,631,105,105,105,105,105,105,True,True,-2107701470,modeled-pass
105,105,large-record,4096,candidate-current-npgsqlbatch-set-plus-getmultiple,True,True,210,2,99.04761904761905,25552,25552,0,4202,4591,-9.2574964302713,210,106,735,631,105,105,105,105,105,105,True,True,-1478826032,modeled-pass
105,105,large-record,4096,candidate-chunked-100-npgsqlbatch-set-plus-getmultiple,True,True,210,3,98.57142857142857,25552,25552,0,4202,4179,0.5473584007615421,210,106,735,631,105,105,105,105,105,105,True,True,-1478826032,modeled-pass
105,105,large-record,4096,candidate-single-roundtrip-npgsqlbatch-set-and-read,True,True,210,1,99.52380952380952,25552,25552,0,4202,4365,-3.8791051880057115,210,106,735,631,105,105,105,105,105,105,True,True,-1478826032,modeled-pass
106,106,small-record,128,candidate-current-npgsqlbatch-set-plus-getmultiple,True,True,212,2,99.05660377358491,25552,25552,0,799,789,1.2515644555694618,212,107,742,637,106,106,106,106,106,106,True,True,1347905959,modeled-pass
106,106,small-record,128,candidate-chunked-100-npgsqlbatch-set-plus-getmultiple,True,True,212,3,98.58490566037736,25552,25552,0,799,831,-4.005006257822278,212,107,742,637,106,106,106,106,106,106,True,True,1347905959,modeled-pass
106,106,small-record,128,candidate-single-roundtrip-npgsqlbatch-set-and-read,True,True,212,1,99.52830188679245,25552,25552,0,799,810,-1.376720901126408,212,107,742,637,106,106,106,106,106,106,True,True,1347905959,modeled-pass
106,106,medium-record,1024,candidate-current-npgsqlbatch-set-plus-getmultiple,True,True,212,2,99.05660377358491,25552,25552,0,1582,1672,-5.689001264222503,212,107,742,637,106,106,106,106,106,106,True,True,-934063966,modeled-pass
106,106,medium-record,1024,candidate-chunked-100-npgsqlbatch-set-plus-getmultiple,True,True,212,3,98.58490566037736,25552,25552,0,1582,1671,-5.625790139064476,212,107,742,637,106,106,106,106,106,106,True,True,-934063966,modeled-pass
106,106,medium-record,1024,candidate-single-roundtrip-npgsqlbatch-set-and-read,True,True,212,1,99.52830188679245,25552,25552,0,1582,1770,-11.883691529709228,212,107,742,637,106,106,106,106,106,106,True,True,-934063966,modeled-pass
106,106,large-record,4096,candidate-current-npgsqlbatch-set-plus-getmultiple,True,True,212,2,99.05660377358491,25552,25552,0,4246,4579,-7.84267545925577,212,107,742,637,106,106,106,106,106,106,True,True,1972456734,modeled-pass
106,106,large-record,4096,candidate-chunked-100-npgsqlbatch-set-plus-getmultiple,True,True,212,3,98.58490566037736,25552,25552,0,4246,4939,-16.321243523316063,212,107,742,637,106,106,106,106,106,106,True,True,1972456734,modeled-pass
106,106,large-record,4096,candidate-single-roundtrip-npgsqlbatch-set-and-read,True,True,212,1,99.52830188679245,25552,25552,0,4246,4334,-2.0725388601036268,212,107,742,637,106,106,106,106,106,106,True,True,1972456734,modeled-pass
107,107,small-record,128,candidate-current-npgsqlbatch-set-plus-getmultiple,True,True,214,2,99.06542056074767,25552,25552,0,733,812,-10.77762619372442,214,108,749,643,107,107,107,107,107,107,True,True,-395138768,modeled-pass
107,107,small-record,128,candidate-chunked-100-npgsqlbatch-set-plus-getmultiple,True,True,214,3,98.59813084112149,25552,25552,0,733,881,-20.19099590723056,214,108,749,643,107,107,107,107,107,107,True,True,-395138768,modeled-pass
107,107,small-record,128,candidate-single-roundtrip-npgsqlbatch-set-and-read,True,True,214,1,99.53271028037383,25552,25552,0,733,806,-9.959072305593452,214,108,749,643,107,107,107,107,107,107,True,True,-395138768,modeled-pass
107,107,medium-record,1024,candidate-current-npgsqlbatch-set-plus-getmultiple,True,True,214,2,99.06542056074767,25264,25552,-1.1399620012666245,2572,1672,34.99222395023328,214,108,749,643,107,107,107,107,107,107,True,True,-1964615055,modeled-pass
107,107,medium-record,1024,candidate-chunked-100-npgsqlbatch-set-plus-getmultiple,True,True,214,3,98.59813084112149,25264,25552,-1.1399620012666245,2572,1730,32.737169517884915,214,108,749,643,107,107,107,107,107,107,True,True,-1964615055,modeled-pass
107,107,medium-record,1024,candidate-single-roundtrip-npgsqlbatch-set-and-read,True,True,214,1,99.53271028037383,25264,25552,-1.1399620012666245,2572,1614,37.24727838258165,214,108,749,643,107,107,107,107,107,107,True,True,-1964615055,modeled-pass
107,107,large-record,4096,candidate-current-npgsqlbatch-set-plus-getmultiple,True,True,214,2,99.06542056074767,25552,25552,0,4918,5122,-4.1480276535176905,214,108,749,643,107,107,107,107,107,107,True,True,574783500,modeled-pass
107,107,large-record,4096,candidate-chunked-100-npgsqlbatch-set-plus-getmultiple,True,True,214,3,98.59813084112149,25552,25552,0,4918,4660,5.24603497356649,214,108,749,643,107,107,107,107,107,107,True,True,574783500,modeled-pass
107,107,large-record,4096,candidate-single-roundtrip-npgsqlbatch-set-and-read,True,True,214,1,99.53271028037383,25552,25552,0,4918,4396,10.614070760471737,214,108,749,643,107,107,107,107,107,107,True,True,574783500,modeled-pass
108,108,small-record,128,candidate-current-npgsqlbatch-set-plus-getmultiple,True,True,216,2,99.07407407407408,30928,30928,0,865,916,-5.895953757225434,216,109,756,649,108,108,108,108,108,108,True,True,892023227,modeled-pass
108,108,small-record,128,candidate-chunked-100-npgsqlbatch-set-plus-getmultiple,True,True,216,3,98.61111111111111,30928,30928,0,865,938,-8.439306358381502,216,109,756,649,108,108,108,108,108,108,True,True,892023227,modeled-pass
108,108,small-record,128,candidate-single-roundtrip-npgsqlbatch-set-and-read,True,True,216,1,99.53703703703704,30928,30928,0,865,788,8.901734104046243,216,109,756,649,108,108,108,108,108,108,True,True,892023227,modeled-pass
108,108,medium-record,1024,candidate-current-npgsqlbatch-set-plus-getmultiple,True,True,216,2,99.07407407407408,30928,30928,0,1601,1606,-0.3123048094940662,216,109,756,649,108,108,108,108,108,108,True,True,-1370810541,modeled-pass
108,108,medium-record,1024,candidate-chunked-100-npgsqlbatch-set-plus-getmultiple,True,True,216,3,98.61111111111111,30928,30928,0,1601,1688,-5.434103685196752,216,109,756,649,108,108,108,108,108,108,True,True,-1370810541,modeled-pass
108,108,medium-record,1024,candidate-single-roundtrip-npgsqlbatch-set-and-read,True,True,216,1,99.53703703703704,30928,30928,0,1601,1657,-3.4978138663335416,216,109,756,649,108,108,108,108,108,108,True,True,-1370810541,modeled-pass
108,108,large-record,4096,candidate-current-npgsqlbatch-set-plus-getmultiple,True,True,216,2,99.07407407407408,30928,30928,0,4858,4900,-0.8645533141210374,216,109,756,649,108,108,108,108,108,108,True,True,644202725,modeled-pass
108,108,large-record,4096,candidate-chunked-100-npgsqlbatch-set-plus-getmultiple,True,True,216,3,98.61111111111111,30928,30928,0,4858,4456,8.275010292301358,216,109,756,649,108,108,108,108,108,108,True,True,644202725,modeled-pass
108,108,large-record,4096,candidate-single-roundtrip-npgsqlbatch-set-and-read,True,True,216,1,99.53703703703704,30928,30928,0,4858,4881,-0.4734458624948539,216,109,756,649,108,108,108,108,108,108,True,True,644202725,modeled-pass
109,109,small-record,128,candidate-current-npgsqlbatch-set-plus-getmultiple,True,True,218,2,99.08256880733946,30928,30928,0,856,846,1.1682242990654206,218,110,763,655,109,109,109,109,109,109,True,True,301965537,modeled-pass
109,109,small-record,128,candidate-chunked-100-npgsqlbatch-set-plus-getmultiple,True,True,218,3,98.62385321100918,30928,30928,0,856,869,-1.5186915887850467,218,110,763,655,109,109,109,109,109,109,True,True,301965537,modeled-pass
109,109,small-record,128,candidate-single-roundtrip-npgsqlbatch-set-and-read,True,True,218,1,99.54128440366972,30928,30928,0,856,966,-12.850467289719626,218,110,763,655,109,109,109,109,109,109,True,True,301965537,modeled-pass
109,109,medium-record,1024,candidate-current-npgsqlbatch-set-plus-getmultiple,True,True,218,2,99.08256880733946,30928,30928,0,1607,1646,-2.4268823895457374,218,110,763,655,109,109,109,109,109,109,True,True,814406127,modeled-pass
109,109,medium-record,1024,candidate-chunked-100-npgsqlbatch-set-plus-getmultiple,True,True,218,3,98.62385321100918,30928,30928,0,1607,1971,-22.650902302426882,218,110,763,655,109,109,109,109,109,109,True,True,814406127,modeled-pass
109,109,medium-record,1024,candidate-single-roundtrip-npgsqlbatch-set-and-read,True,True,218,1,99.54128440366972,30928,30928,0,1607,1760,-9.520846297448662,218,110,763,655,109,109,109,109,109,109,True,True,814406127,modeled-pass
109,109,large-record,4096,candidate-current-npgsqlbatch-set-plus-getmultiple,True,True,218,2,99.08256880733946,30928,30928,0,4630,4495,2.915766738660907,218,110,763,655,109,109,109,109,109,109,True,True,-777652064,modeled-pass
109,109,large-record,4096,candidate-chunked-100-npgsqlbatch-set-plus-getmultiple,True,True,218,3,98.62385321100918,30928,30928,0,4630,4675,-0.9719222462203023,218,110,763,655,109,109,109,109,109,109,True,True,-777652064,modeled-pass
109,109,large-record,4096,candidate-single-roundtrip-npgsqlbatch-set-and-read,True,True,218,1,99.54128440366972,30928,30928,0,4630,4665,-0.755939524838013,218,110,763,655,109,109,109,109,109,109,True,True,-777652064,modeled-pass
110,110,small-record,128,candidate-current-npgsqlbatch-set-plus-getmultiple,True,True,220,2,99.0909090909091,30928,30928,0,887,900,-1.4656144306651635,220,111,770,661,110,110,110,110,110,110,True,True,-1098739549,modeled-pass
110,110,small-record,128,candidate-chunked-100-npgsqlbatch-set-plus-getmultiple,True,True,220,3,98.63636363636364,30928,30928,0,887,1196,-34.83652762119504,220,111,770,661,110,110,110,110,110,110,True,True,-1098739549,modeled-pass
110,110,small-record,128,candidate-single-roundtrip-npgsqlbatch-set-and-read,True,True,220,1,99.54545454545455,30928,30928,0,887,866,2.367531003382187,220,111,770,661,110,110,110,110,110,110,True,True,-1098739549,modeled-pass
110,110,medium-record,1024,candidate-current-npgsqlbatch-set-plus-getmultiple,True,True,220,2,99.0909090909091,30928,30928,0,1636,1732,-5.8679706601467,220,111,770,661,110,110,110,110,110,110,True,True,984029842,modeled-pass
110,110,medium-record,1024,candidate-chunked-100-npgsqlbatch-set-plus-getmultiple,True,True,220,3,98.63636363636364,30928,30928,0,1636,1677,-2.5061124694376526,220,111,770,661,110,110,110,110,110,110,True,True,984029842,modeled-pass
110,110,medium-record,1024,candidate-single-roundtrip-npgsqlbatch-set-and-read,True,True,220,1,99.54545454545455,30928,30928,0,1636,1930,-17.970660146699267,220,111,770,661,110,110,110,110,110,110,True,True,984029842,modeled-pass
110,110,large-record,4096,candidate-current-npgsqlbatch-set-plus-getmultiple,True,True,220,2,99.0909090909091,30928,30928,0,4918,4722,3.9853599023993493,220,111,770,661,110,110,110,110,110,110,True,True,922649842,modeled-pass
110,110,large-record,4096,candidate-chunked-100-npgsqlbatch-set-plus-getmultiple,True,True,220,3,98.63636363636364,30928,30928,0,4918,5002,-1.7080113867425784,220,111,770,661,110,110,110,110,110,110,True,True,922649842,modeled-pass
110,110,large-record,4096,candidate-single-roundtrip-npgsqlbatch-set-and-read,True,True,220,1,99.54545454545455,30928,30928,0,4918,5020,-2.0740138267588453,220,111,770,661,110,110,110,110,110,110,True,True,922649842,modeled-pass
111,111,small-record,128,candidate-current-npgsqlbatch-set-plus-getmultiple,True,True,222,2,99.09909909909909,30928,30928,0,866,863,0.3464203233256351,222,112,777,667,111,111,111,111,111,111,True,True,-1625054194,modeled-pass
111,111,small-record,128,candidate-chunked-100-npgsqlbatch-set-plus-getmultiple,True,True,222,3,98.64864864864865,30928,30928,0,866,896,-3.464203233256351,222,112,777,667,111,111,111,111,111,111,True,True,-1625054194,modeled-pass
111,111,small-record,128,candidate-single-roundtrip-npgsqlbatch-set-and-read,True,True,222,1,99.54954954954955,30928,30928,0,866,898,-3.695150115473441,222,112,777,667,111,111,111,111,111,111,True,True,-1625054194,modeled-pass
111,111,medium-record,1024,candidate-current-npgsqlbatch-set-plus-getmultiple,True,True,222,2,99.09909909909909,30928,30928,0,1735,1883,-8.530259365994237,222,112,777,667,111,111,111,111,111,111,True,True,1205824030,modeled-pass
111,111,medium-record,1024,candidate-chunked-100-npgsqlbatch-set-plus-getmultiple,True,True,222,3,98.64864864864865,30928,30928,0,1735,1837,-5.878962536023055,222,112,777,667,111,111,111,111,111,111,True,True,1205824030,modeled-pass
111,111,medium-record,1024,candidate-single-roundtrip-npgsqlbatch-set-and-read,True,True,222,1,99.54954954954955,30928,30928,0,1735,1842,-6.1671469740634,222,112,777,667,111,111,111,111,111,111,True,True,1205824030,modeled-pass
111,111,large-record,4096,candidate-current-npgsqlbatch-set-plus-getmultiple,True,True,222,2,99.09909909909909,30928,30928,0,5093,4950,2.8077753779697625,222,112,777,667,111,111,111,111,111,111,True,True,646974429,modeled-pass
111,111,large-record,4096,candidate-chunked-100-npgsqlbatch-set-plus-getmultiple,True,True,222,3,98.64864864864865,30928,30928,0,5093,4747,6.793638327115649,222,112,777,667,111,111,111,111,111,111,True,True,646974429,modeled-pass
111,111,large-record,4096,candidate-single-roundtrip-npgsqlbatch-set-and-read,True,True,222,1,99.54954954954955,30928,30928,0,5093,4697,7.775377969762419,222,112,777,667,111,111,111,111,111,111,True,True,646974429,modeled-pass
112,112,small-record,128,candidate-current-npgsqlbatch-set-plus-getmultiple,True,True,224,2,99.10714285714286,30928,30928,0,954,946,0.8385744234800838,224,113,784,673,112,112,112,112,112,112,True,True,1024688742,modeled-pass
112,112,small-record,128,candidate-chunked-100-npgsqlbatch-set-plus-getmultiple,True,True,224,3,98.66071428571429,30928,30928,0,954,886,7.127882599580713,224,113,784,673,112,112,112,112,112,112,True,True,1024688742,modeled-pass
112,112,small-record,128,candidate-single-roundtrip-npgsqlbatch-set-and-read,True,True,224,1,99.55357142857143,30928,30928,0,954,902,5.450733752620545,224,113,784,673,112,112,112,112,112,112,True,True,1024688742,modeled-pass
112,112,medium-record,1024,candidate-current-npgsqlbatch-set-plus-getmultiple,True,True,224,2,99.10714285714286,30928,30928,0,1710,1849,-8.128654970760234,224,113,784,673,112,112,112,112,112,112,True,True,1401808348,modeled-pass
112,112,medium-record,1024,candidate-chunked-100-npgsqlbatch-set-plus-getmultiple,True,True,224,3,98.66071428571429,30928,30592,1.0863942058975686,1710,1808,-5.730994152046784,224,113,784,673,112,112,112,112,112,112,True,True,1401808348,modeled-pass
112,112,medium-record,1024,candidate-single-roundtrip-npgsqlbatch-set-and-read,True,True,224,1,99.55357142857143,30928,30928,0,1710,1941,-13.508771929824562,224,113,784,673,112,112,112,112,112,112,True,True,1401808348,modeled-pass
112,112,large-record,4096,candidate-current-npgsqlbatch-set-plus-getmultiple,True,True,224,2,99.10714285714286,30928,30928,0,4700,5095,-8.404255319148936,224,113,784,673,112,112,112,112,112,112,True,True,324141727,modeled-pass
112,112,large-record,4096,candidate-chunked-100-npgsqlbatch-set-plus-getmultiple,True,True,224,3,98.66071428571429,30928,30928,0,4700,4788,-1.872340425531915,224,113,784,673,112,112,112,112,112,112,True,True,324141727,modeled-pass
112,112,large-record,4096,candidate-single-roundtrip-npgsqlbatch-set-and-read,True,True,224,1,99.55357142857143,30928,30928,0,4700,4713,-0.2765957446808511,224,113,784,673,112,112,112,112,112,112,True,True,324141727,modeled-pass
113,113,small-record,128,candidate-current-npgsqlbatch-set-plus-getmultiple,True,True,226,2,99.11504424778761,30928,30928,0,917,1040,-13.413304252998909,226,114,791,679,113,113,113,113,113,113,True,True,-1398300082,modeled-pass
113,113,small-record,128,candidate-chunked-100-npgsqlbatch-set-plus-getmultiple,True,True,226,3,98.67256637168141,30928,30928,0,917,948,-3.380588876772083,226,114,791,679,113,113,113,113,113,113,True,True,-1398300082,modeled-pass
113,113,small-record,128,candidate-single-roundtrip-npgsqlbatch-set-and-read,True,True,226,1,99.5575221238938,30928,30928,0,917,853,6.97928026172301,226,114,791,679,113,113,113,113,113,113,True,True,-1398300082,modeled-pass
113,113,medium-record,1024,candidate-current-npgsqlbatch-set-plus-getmultiple,True,True,226,2,99.11504424778761,30928,30928,0,1479,1595,-7.8431372549019605,226,114,791,679,113,113,113,113,113,113,True,True,1783056374,modeled-pass
113,113,medium-record,1024,candidate-chunked-100-npgsqlbatch-set-plus-getmultiple,True,True,226,3,98.67256637168141,30928,30928,0,1479,1533,-3.6511156186612577,226,114,791,679,113,113,113,113,113,113,True,True,1783056374,modeled-pass
113,113,medium-record,1024,candidate-single-roundtrip-npgsqlbatch-set-and-read,True,True,226,1,99.5575221238938,30928,30928,0,1479,1582,-6.964164976335362,226,114,791,679,113,113,113,113,113,113,True,True,1783056374,modeled-pass
113,113,large-record,4096,candidate-current-npgsqlbatch-set-plus-getmultiple,True,True,226,2,99.11504424778761,30928,30928,0,4611,4752,-3.0579050097592715,226,114,791,679,113,113,113,113,113,113,True,True,351073280,modeled-pass
113,113,large-record,4096,candidate-chunked-100-npgsqlbatch-set-plus-getmultiple,True,True,226,3,98.67256637168141,30928,30928,0,4611,4620,-0.1951854261548471,226,114,791,679,113,113,113,113,113,113,True,True,351073280,modeled-pass
113,113,large-record,4096,candidate-single-roundtrip-npgsqlbatch-set-and-read,True,True,226,1,99.5575221238938,30928,30928,0,4611,4604,0.15181088700932552,226,114,791,679,113,113,113,113,113,113,True,True,351073280,modeled-pass
114,114,small-record,128,candidate-current-npgsqlbatch-set-plus-getmultiple,True,True,228,2,99.12280701754386,30928,30928,0,737,780,-5.834464043419267,228,115,798,685,114,114,114,114,114,114,True,True,-981486402,modeled-pass
114,114,small-record,128,candidate-chunked-100-npgsqlbatch-set-plus-getmultiple,True,True,228,3,98.6842105263158,30928,30928,0,737,773,-4.884667571234735,228,115,798,685,114,114,114,114,114,114,True,True,-981486402,modeled-pass
114,114,small-record,128,candidate-single-roundtrip-npgsqlbatch-set-and-read,True,True,228,1,99.56140350877193,30928,30928,0,737,738,-0.13568521031207598,228,115,798,685,114,114,114,114,114,114,True,True,-981486402,modeled-pass
114,114,medium-record,1024,candidate-current-npgsqlbatch-set-plus-getmultiple,True,True,228,2,99.12280701754386,30928,30928,0,1613,1648,-2.1698698078115313,228,115,798,685,114,114,114,114,114,114,True,True,1577578293,modeled-pass
114,114,medium-record,1024,candidate-chunked-100-npgsqlbatch-set-plus-getmultiple,True,True,228,3,98.6842105263158,30928,30928,0,1613,1681,-4.215747055176689,228,115,798,685,114,114,114,114,114,114,True,True,1577578293,modeled-pass
114,114,medium-record,1024,candidate-single-roundtrip-npgsqlbatch-set-and-read,True,True,228,1,99.56140350877193,30928,30928,0,1613,1644,-1.921884686918785,228,115,798,685,114,114,114,114,114,114,True,True,1577578293,modeled-pass
114,114,large-record,4096,candidate-current-npgsqlbatch-set-plus-getmultiple,True,True,228,2,99.12280701754386,30928,30928,0,4519,5015,-10.97587961938482,228,115,798,685,114,114,114,114,114,114,True,True,-2108179245,modeled-pass
114,114,large-record,4096,candidate-chunked-100-npgsqlbatch-set-plus-getmultiple,True,True,228,3,98.6842105263158,30928,30928,0,4519,4570,-1.1285682673157778,228,115,798,685,114,114,114,114,114,114,True,True,-2108179245,modeled-pass
114,114,large-record,4096,candidate-single-roundtrip-npgsqlbatch-set-and-read,True,True,228,1,99.56140350877193,30928,30928,0,4519,4942,-9.360477981854393,228,115,798,685,114,114,114,114,114,114,True,True,-2108179245,modeled-pass
115,115,small-record,128,candidate-current-npgsqlbatch-set-plus-getmultiple,True,True,230,2,99.1304347826087,30928,30928,0,644,795,-23.4472049689441,230,116,805,691,115,115,115,115,115,115,True,True,-1233544593,modeled-pass
115,115,small-record,128,candidate-chunked-100-npgsqlbatch-set-plus-getmultiple,True,True,230,3,98.69565217391305,30928,30928,0,644,820,-27.32919254658385,230,116,805,691,115,115,115,115,115,115,True,True,-1233544593,modeled-pass
115,115,small-record,128,candidate-single-roundtrip-npgsqlbatch-set-and-read,True,True,230,1,99.56521739130434,30928,30928,0,644,793,-23.13664596273292,230,116,805,691,115,115,115,115,115,115,True,True,-1233544593,modeled-pass
115,115,medium-record,1024,candidate-current-npgsqlbatch-set-plus-getmultiple,True,True,230,2,99.1304347826087,30928,30928,0,1664,1584,4.8076923076923075,230,116,805,691,115,115,115,115,115,115,True,True,1810259386,modeled-pass
115,115,medium-record,1024,candidate-chunked-100-npgsqlbatch-set-plus-getmultiple,True,True,230,3,98.69565217391305,30928,30928,0,1664,1652,0.7211538461538461,230,116,805,691,115,115,115,115,115,115,True,True,1810259386,modeled-pass
115,115,medium-record,1024,candidate-single-roundtrip-npgsqlbatch-set-and-read,True,True,230,1,99.56521739130434,30928,30928,0,1664,1594,4.206730769230769,230,116,805,691,115,115,115,115,115,115,True,True,1810259386,modeled-pass
115,115,large-record,4096,candidate-current-npgsqlbatch-set-plus-getmultiple,True,True,230,2,99.1304347826087,30928,30928,0,4822,4919,-2.0116134384073,230,116,805,691,115,115,115,115,115,115,True,True,-703954051,modeled-pass
115,115,large-record,4096,candidate-chunked-100-npgsqlbatch-set-plus-getmultiple,True,True,230,3,98.69565217391305,30928,30928,0,4822,4756,1.368726669431771,230,116,805,691,115,115,115,115,115,115,True,True,-703954051,modeled-pass
115,115,large-record,4096,candidate-single-roundtrip-npgsqlbatch-set-and-read,True,True,230,1,99.56521739130434,30928,30928,0,4822,4940,-2.447117378681045,230,116,805,691,115,115,115,115,115,115,True,True,-703954051,modeled-pass
116,116,small-record,128,candidate-current-npgsqlbatch-set-plus-getmultiple,True,True,232,2,99.13793103448276,30928,30928,0,658,786,-19.45288753799392,232,117,812,697,116,116,116,116,116,116,True,True,-1513472286,modeled-pass
116,116,small-record,128,candidate-chunked-100-npgsqlbatch-set-plus-getmultiple,True,True,232,3,98.70689655172414,30928,30928,0,658,775,-17.78115501519757,232,117,812,697,116,116,116,116,116,116,True,True,-1513472286,modeled-pass
116,116,small-record,128,candidate-single-roundtrip-npgsqlbatch-set-and-read,True,True,232,1,99.56896551724138,30928,30928,0,658,754,-14.589665653495441,232,117,812,697,116,116,116,116,116,116,True,True,-1513472286,modeled-pass
116,116,medium-record,1024,candidate-current-npgsqlbatch-set-plus-getmultiple,True,True,232,2,99.13793103448276,30928,30928,0,1658,1588,4.2219541616405305,232,117,812,697,116,116,116,116,116,116,True,True,1359656320,modeled-pass
116,116,medium-record,1024,candidate-chunked-100-npgsqlbatch-set-plus-getmultiple,True,True,232,3,98.70689655172414,30928,30928,0,1658,1588,4.2219541616405305,232,117,812,697,116,116,116,116,116,116,True,True,1359656320,modeled-pass
116,116,medium-record,1024,candidate-single-roundtrip-npgsqlbatch-set-and-read,True,True,232,1,99.56896551724138,30928,30928,0,1658,1662,-0.24125452352231605,232,117,812,697,116,116,116,116,116,116,True,True,1359656320,modeled-pass
116,116,large-record,4096,candidate-current-npgsqlbatch-set-plus-getmultiple,True,True,232,2,99.13793103448276,30928,30928,0,4797,4782,0.31269543464665417,232,117,812,697,116,116,116,116,116,116,True,True,-426231391,modeled-pass
116,116,large-record,4096,candidate-chunked-100-npgsqlbatch-set-plus-getmultiple,True,True,232,3,98.70689655172414,30928,30928,0,4797,4861,-1.3341671878257244,232,117,812,697,116,116,116,116,116,116,True,True,-426231391,modeled-pass
116,116,large-record,4096,candidate-single-roundtrip-npgsqlbatch-set-and-read,True,True,232,1,99.56896551724138,30928,30928,0,4797,4796,0.020846362309776944,232,117,812,697,116,116,116,116,116,116,True,True,-426231391,modeled-pass
117,117,small-record,128,candidate-current-npgsqlbatch-set-plus-getmultiple,True,True,234,2,99.14529914529915,30928,30928,0,776,811,-4.510309278350515,234,118,819,703,117,117,117,117,117,117,True,True,749840108,modeled-pass
117,117,small-record,128,candidate-chunked-100-npgsqlbatch-set-plus-getmultiple,True,True,234,3,98.71794871794872,30928,30928,0,776,751,3.2216494845360826,234,118,819,703,117,117,117,117,117,117,True,True,749840108,modeled-pass
117,117,small-record,128,candidate-single-roundtrip-npgsqlbatch-set-and-read,True,True,234,1,99.57264957264957,30928,30928,0,776,766,1.288659793814433,234,118,819,703,117,117,117,117,117,117,True,True,749840108,modeled-pass
117,117,medium-record,1024,candidate-current-npgsqlbatch-set-plus-getmultiple,True,True,234,2,99.14529914529915,30928,30928,0,1624,1596,1.7241379310344827,234,118,819,703,117,117,117,117,117,117,True,True,-464435907,modeled-pass
117,117,medium-record,1024,candidate-chunked-100-npgsqlbatch-set-plus-getmultiple,True,True,234,3,98.71794871794872,30928,30928,0,1624,1719,-5.849753694581281,234,118,819,703,117,117,117,117,117,117,True,True,-464435907,modeled-pass
117,117,medium-record,1024,candidate-single-roundtrip-npgsqlbatch-set-and-read,True,True,234,1,99.57264957264957,30928,30928,0,1624,1873,-15.332512315270936,234,118,819,703,117,117,117,117,117,117,True,True,-464435907,modeled-pass
117,117,large-record,4096,candidate-current-npgsqlbatch-set-plus-getmultiple,True,True,234,2,99.14529914529915,30928,30928,0,5006,5034,-0.5593288054334798,234,118,819,703,117,117,117,117,117,117,True,True,1589229233,modeled-pass
117,117,large-record,4096,candidate-chunked-100-npgsqlbatch-set-plus-getmultiple,True,True,234,3,98.71794871794872,30928,30928,0,5006,4842,3.276068717538953,234,118,819,703,117,117,117,117,117,117,True,True,1589229233,modeled-pass
117,117,large-record,4096,candidate-single-roundtrip-npgsqlbatch-set-and-read,True,True,234,1,99.57264957264957,30928,30928,0,5006,4737,5.373551737914503,234,118,819,703,117,117,117,117,117,117,True,True,1589229233,modeled-pass
118,118,small-record,128,candidate-current-npgsqlbatch-set-plus-getmultiple,True,True,236,2,99.15254237288136,30928,30928,0,978,1057,-8.077709611451942,236,119,826,709,118,118,118,118,118,118,True,True,-1646469373,modeled-pass
118,118,small-record,128,candidate-chunked-100-npgsqlbatch-set-plus-getmultiple,True,True,236,3,98.72881355932203,30928,30928,0,978,1013,-3.5787321063394684,236,119,826,709,118,118,118,118,118,118,True,True,-1646469373,modeled-pass
118,118,small-record,128,candidate-single-roundtrip-npgsqlbatch-set-and-read,True,True,236,1,99.57627118644068,30928,30928,0,978,1008,-3.067484662576687,236,119,826,709,118,118,118,118,118,118,True,True,-1646469373,modeled-pass
118,118,medium-record,1024,candidate-current-npgsqlbatch-set-plus-getmultiple,True,True,236,2,99.15254237288136,30928,30928,0,1887,1841,2.437731849496555,236,119,826,709,118,118,118,118,118,118,True,True,1509807268,modeled-pass
118,118,medium-record,1024,candidate-chunked-100-npgsqlbatch-set-plus-getmultiple,True,True,236,3,98.72881355932203,30928,30928,0,1887,2190,-16.05723370429253,236,119,826,709,118,118,118,118,118,118,True,True,1509807268,modeled-pass
118,118,medium-record,1024,candidate-single-roundtrip-npgsqlbatch-set-and-read,True,True,236,1,99.57627118644068,30928,30928,0,1887,1888,-0.052994170641229466,236,119,826,709,118,118,118,118,118,118,True,True,1509807268,modeled-pass
118,118,large-record,4096,candidate-current-npgsqlbatch-set-plus-getmultiple,True,True,236,2,99.15254237288136,30928,30928,0,5100,5029,1.392156862745098,236,119,826,709,118,118,118,118,118,118,True,True,-1912075083,modeled-pass
118,118,large-record,4096,candidate-chunked-100-npgsqlbatch-set-plus-getmultiple,True,True,236,3,98.72881355932203,30928,30928,0,5100,5194,-1.8431372549019607,236,119,826,709,118,118,118,118,118,118,True,True,-1912075083,modeled-pass
118,118,large-record,4096,candidate-single-roundtrip-npgsqlbatch-set-and-read,True,True,236,1,99.57627118644068,30928,30928,0,5100,4871,4.490196078431373,236,119,826,709,118,118,118,118,118,118,True,True,-1912075083,modeled-pass
119,119,small-record,128,candidate-current-npgsqlbatch-set-plus-getmultiple,True,True,238,2,99.15966386554622,30928,30928,0,950,903,4.947368421052632,238,120,833,715,119,119,119,119,119,119,True,True,-1231351896,modeled-pass
119,119,small-record,128,candidate-chunked-100-npgsqlbatch-set-plus-getmultiple,True,True,238,3,98.73949579831933,30928,30928,0,950,939,1.1578947368421053,238,120,833,715,119,119,119,119,119,119,True,True,-1231351896,modeled-pass
119,119,small-record,128,candidate-single-roundtrip-npgsqlbatch-set-and-read,True,True,238,1,99.5798319327731,30928,30928,0,950,977,-2.8421052631578947,238,120,833,715,119,119,119,119,119,119,True,True,-1231351896,modeled-pass
119,119,medium-record,1024,candidate-current-npgsqlbatch-set-plus-getmultiple,True,True,238,2,99.15966386554622,30928,30928,0,1877,1850,1.4384656366542354,238,120,833,715,119,119,119,119,119,119,True,True,-1831597924,modeled-pass
119,119,medium-record,1024,candidate-chunked-100-npgsqlbatch-set-plus-getmultiple,True,True,238,3,98.73949579831933,30928,30928,0,1877,2001,-6.60628662759723,238,120,833,715,119,119,119,119,119,119,True,True,-1831597924,modeled-pass
119,119,medium-record,1024,candidate-single-roundtrip-npgsqlbatch-set-and-read,True,True,238,1,99.5798319327731,30928,30928,0,1877,1927,-2.6638252530633992,238,120,833,715,119,119,119,119,119,119,True,True,-1831597924,modeled-pass
119,119,large-record,4096,candidate-current-npgsqlbatch-set-plus-getmultiple,True,True,238,2,99.15966386554622,30928,30928,0,5093,5105,-0.2356175142352248,238,120,833,715,119,119,119,119,119,119,True,True,-36067817,modeled-pass
119,119,large-record,4096,candidate-chunked-100-npgsqlbatch-set-plus-getmultiple,True,True,238,3,98.73949579831933,30928,30928,0,5093,5172,-1.5511486353818966,238,120,833,715,119,119,119,119,119,119,True,True,-36067817,modeled-pass
119,119,large-record,4096,candidate-single-roundtrip-npgsqlbatch-set-and-read,True,True,238,1,99.5798319327731,30928,30928,0,5093,5364,-5.321028863145494,238,120,833,715,119,119,119,119,119,119,True,True,-36067817,modeled-pass
120,120,small-record,128,candidate-current-npgsqlbatch-set-plus-getmultiple,True,True,240,2,99.16666666666667,30928,30928,0,924,999,-8.116883116883116,240,121,840,721,120,120,120,120,120,120,True,True,219005197,modeled-pass
120,120,small-record,128,candidate-chunked-100-npgsqlbatch-set-plus-getmultiple,True,True,240,3,98.75,30928,30928,0,924,1077,-16.558441558441558,240,121,840,721,120,120,120,120,120,120,True,True,219005197,modeled-pass
120,120,small-record,128,candidate-single-roundtrip-npgsqlbatch-set-and-read,True,True,240,1,99.58333333333333,30928,30928,0,924,903,2.272727272727273,240,121,840,721,120,120,120,120,120,120,True,True,219005197,modeled-pass
120,120,medium-record,1024,candidate-current-npgsqlbatch-set-plus-getmultiple,True,True,240,2,99.16666666666667,30928,30928,0,1719,1801,-4.77021524141943,240,121,840,721,120,120,120,120,120,120,True,True,1053508483,modeled-pass
120,120,medium-record,1024,candidate-chunked-100-npgsqlbatch-set-plus-getmultiple,True,True,240,3,98.75,30928,30928,0,1719,1777,-3.3740546829552067,240,121,840,721,120,120,120,120,120,120,True,True,1053508483,modeled-pass
120,120,medium-record,1024,candidate-single-roundtrip-npgsqlbatch-set-and-read,True,True,240,1,99.58333333333333,30928,30928,0,1719,1736,-0.9889470622454916,240,121,840,721,120,120,120,120,120,120,True,True,1053508483,modeled-pass
120,120,large-record,4096,candidate-current-npgsqlbatch-set-plus-getmultiple,True,True,240,2,99.16666666666667,30928,30928,0,5344,4971,6.979790419161676,240,121,840,721,120,120,120,120,120,120,True,True,-613594350,modeled-pass
120,120,large-record,4096,candidate-chunked-100-npgsqlbatch-set-plus-getmultiple,True,True,240,3,98.75,30928,30928,0,5344,5297,0.8794910179640718,240,121,840,721,120,120,120,120,120,120,True,True,-613594350,modeled-pass
120,120,large-record,4096,candidate-single-roundtrip-npgsqlbatch-set-and-read,True,True,240,1,99.58333333333333,30928,30928,0,5344,4965,7.092065868263473,240,121,840,721,120,120,120,120,120,120,True,True,-613594350,modeled-pass
121,121,small-record,128,candidate-current-npgsqlbatch-set-plus-getmultiple,True,True,242,2,99.17355371900827,30928,30928,0,861,932,-8.246225319396052,242,122,847,727,121,121,121,121,121,121,True,True,2093444832,modeled-pass
121,121,small-record,128,candidate-chunked-100-npgsqlbatch-set-plus-getmultiple,True,True,242,3,98.7603305785124,30928,30928,0,861,904,-4.994192799070848,242,122,847,727,121,121,121,121,121,121,True,True,2093444832,modeled-pass
121,121,small-record,128,candidate-single-roundtrip-npgsqlbatch-set-and-read,True,True,242,1,99.58677685950413,30928,30928,0,861,935,-8.59465737514518,242,122,847,727,121,121,121,121,121,121,True,True,2093444832,modeled-pass
121,121,medium-record,1024,candidate-current-npgsqlbatch-set-plus-getmultiple,True,True,242,2,99.17355371900827,30928,30928,0,1725,1740,-0.8695652173913043,242,122,847,727,121,121,121,121,121,121,True,True,-1677674068,modeled-pass
121,121,medium-record,1024,candidate-chunked-100-npgsqlbatch-set-plus-getmultiple,True,True,242,3,98.7603305785124,30928,30928,0,1725,1727,-0.11594202898550725,242,122,847,727,121,121,121,121,121,121,True,True,-1677674068,modeled-pass
121,121,medium-record,1024,candidate-single-roundtrip-npgsqlbatch-set-and-read,True,True,242,1,99.58677685950413,30928,30928,0,1725,1694,1.7971014492753623,242,122,847,727,121,121,121,121,121,121,True,True,-1677674068,modeled-pass
121,121,large-record,4096,candidate-current-npgsqlbatch-set-plus-getmultiple,True,True,242,2,99.17355371900827,30928,30928,0,4731,4850,-2.5153244557176073,242,122,847,727,121,121,121,121,121,121,True,True,-576653349,modeled-pass
121,121,large-record,4096,candidate-chunked-100-npgsqlbatch-set-plus-getmultiple,True,True,242,3,98.7603305785124,30928,30928,0,4731,4808,-1.6275628831113929,242,122,847,727,121,121,121,121,121,121,True,True,-576653349,modeled-pass
121,121,large-record,4096,candidate-single-roundtrip-npgsqlbatch-set-and-read,True,True,242,1,99.58677685950413,30928,30928,0,4731,4794,-1.3316423589093216,242,122,847,727,121,121,121,121,121,121,True,True,-576653349,modeled-pass
122,122,small-record,128,candidate-current-npgsqlbatch-set-plus-getmultiple,True,True,244,2,99.18032786885246,30928,30928,0,838,853,-1.7899761336515514,244,123,854,733,122,122,122,122,122,122,True,True,-1621127670,modeled-pass
122,122,small-record,128,candidate-chunked-100-npgsqlbatch-set-plus-getmultiple,True,True,244,3,98.77049180327869,30928,30928,0,838,870,-3.818615751789976,244,123,854,733,122,122,122,122,122,122,True,True,-1621127670,modeled-pass
122,122,small-record,128,candidate-single-roundtrip-npgsqlbatch-set-and-read,True,True,244,1,99.59016393442623,30928,30928,0,838,884,-5.4892601431980905,244,123,854,733,122,122,122,122,122,122,True,True,-1621127670,modeled-pass
122,122,medium-record,1024,candidate-current-npgsqlbatch-set-plus-getmultiple,True,True,244,2,99.18032786885246,30928,30928,0,1730,1723,0.4046242774566474,244,123,854,733,122,122,122,122,122,122,True,True,2024918943,modeled-pass
122,122,medium-record,1024,candidate-chunked-100-npgsqlbatch-set-plus-getmultiple,True,True,244,3,98.77049180327869,30928,30928,0,1730,1756,-1.5028901734104045,244,123,854,733,122,122,122,122,122,122,True,True,2024918943,modeled-pass
122,122,medium-record,1024,candidate-single-roundtrip-npgsqlbatch-set-and-read,True,True,244,1,99.59016393442623,30928,30928,0,1730,1758,-1.6184971098265897,244,123,854,733,122,122,122,122,122,122,True,True,2024918943,modeled-pass
122,122,large-record,4096,candidate-current-npgsqlbatch-set-plus-getmultiple,True,True,244,2,99.18032786885246,30928,30928,0,4797,4807,-0.20846362309776945,244,123,854,733,122,122,122,122,122,122,True,True,-706994706,modeled-pass
122,122,large-record,4096,candidate-chunked-100-npgsqlbatch-set-plus-getmultiple,True,True,244,3,98.77049180327869,30928,30928,0,4797,4800,-0.06253908692933083,244,123,854,733,122,122,122,122,122,122,True,True,-706994706,modeled-pass
122,122,large-record,4096,candidate-single-roundtrip-npgsqlbatch-set-and-read,True,True,244,1,99.59016393442623,30928,30928,0,4797,4991,-4.044194288096727,244,123,854,733,122,122,122,122,122,122,True,True,-706994706,modeled-pass
123,123,small-record,128,candidate-current-npgsqlbatch-set-plus-getmultiple,True,True,246,2,99.1869918699187,30928,30928,0,820,848,-3.4146341463414633,246,124,861,739,123,123,123,123,123,123,True,True,-1019671421,modeled-pass
123,123,small-record,128,candidate-chunked-100-npgsqlbatch-set-plus-getmultiple,True,True,246,3,98.78048780487805,30928,30928,0,820,901,-9.878048780487806,246,124,861,739,123,123,123,123,123,123,True,True,-1019671421,modeled-pass
123,123,small-record,128,candidate-single-roundtrip-npgsqlbatch-set-and-read,True,True,246,1,99.59349593495935,30928,30928,0,820,939,-14.512195121951219,246,124,861,739,123,123,123,123,123,123,True,True,-1019671421,modeled-pass
123,123,medium-record,1024,candidate-current-npgsqlbatch-set-plus-getmultiple,True,True,246,2,99.1869918699187,30928,30928,0,1725,1728,-0.17391304347826086,246,124,861,739,123,123,123,123,123,123,True,True,279960547,modeled-pass
123,123,medium-record,1024,candidate-chunked-100-npgsqlbatch-set-plus-getmultiple,True,True,246,3,98.78048780487805,30928,30928,0,1725,1783,-3.36231884057971,246,124,861,739,123,123,123,123,123,123,True,True,279960547,modeled-pass
123,123,medium-record,1024,candidate-single-roundtrip-npgsqlbatch-set-and-read,True,True,246,1,99.59349593495935,30928,30928,0,1725,1826,-5.855072463768116,246,124,861,739,123,123,123,123,123,123,True,True,279960547,modeled-pass
123,123,large-record,4096,candidate-current-npgsqlbatch-set-plus-getmultiple,True,True,246,2,99.1869918699187,30928,30928,0,4864,4851,0.26726973684210525,246,124,861,739,123,123,123,123,123,123,True,True,321869730,modeled-pass
123,123,large-record,4096,candidate-chunked-100-npgsqlbatch-set-plus-getmultiple,True,True,246,3,98.78048780487805,30928,30928,0,4864,4867,-0.061677631578947366,246,124,861,739,123,123,123,123,123,123,True,True,321869730,modeled-pass
123,123,large-record,4096,candidate-single-roundtrip-npgsqlbatch-set-and-read,True,True,246,1,99.59349593495935,30928,30928,0,4864,5014,-3.0838815789473686,246,124,861,739,123,123,123,123,123,123,True,True,321869730,modeled-pass
124,124,small-record,128,candidate-current-npgsqlbatch-set-plus-getmultiple,True,True,248,2,99.19354838709677,30928,30928,0,808,847,-4.826732673267327,248,125,868,745,124,124,124,124,124,124,True,True,-700401659,modeled-pass
124,124,small-record,128,candidate-chunked-100-npgsqlbatch-set-plus-getmultiple,True,True,248,3,98.79032258064517,30928,30928,0,808,882,-9.158415841584159,248,125,868,745,124,124,124,124,124,124,True,True,-700401659,modeled-pass
124,124,small-record,128,candidate-single-roundtrip-npgsqlbatch-set-and-read,True,True,248,1,99.59677419354838,30928,30928,0,808,864,-6.930693069306931,248,125,868,745,124,124,124,124,124,124,True,True,-700401659,modeled-pass
124,124,medium-record,1024,candidate-current-npgsqlbatch-set-plus-getmultiple,True,True,248,2,99.19354838709677,30928,30928,0,1725,1781,-3.246376811594203,248,125,868,745,124,124,124,124,124,124,True,True,-1519566882,modeled-pass
124,124,medium-record,1024,candidate-chunked-100-npgsqlbatch-set-plus-getmultiple,True,True,248,3,98.79032258064517,30928,30928,0,1725,1883,-9.159420289855072,248,125,868,745,124,124,124,124,124,124,True,True,-1519566882,modeled-pass
124,124,medium-record,1024,candidate-single-roundtrip-npgsqlbatch-set-and-read,True,True,248,1,99.59677419354838,30928,30928,0,1725,1782,-3.3043478260869565,248,125,868,745,124,124,124,124,124,124,True,True,-1519566882,modeled-pass
124,124,large-record,4096,candidate-current-npgsqlbatch-set-plus-getmultiple,True,True,248,2,99.19354838709677,30928,30928,0,4881,4970,-1.8233968449088302,248,125,868,745,124,124,124,124,124,124,True,True,-739710462,modeled-pass
124,124,large-record,4096,candidate-chunked-100-npgsqlbatch-set-plus-getmultiple,True,True,248,3,98.79032258064517,30928,30928,0,4881,4958,-1.5775455849211226,248,125,868,745,124,124,124,124,124,124,True,True,-739710462,modeled-pass
124,124,large-record,4096,candidate-single-roundtrip-npgsqlbatch-set-and-read,True,True,248,1,99.59677419354838,30928,30928,0,4881,5033,-3.1141159598442942,248,125,868,745,124,124,124,124,124,124,True,True,-739710462,modeled-pass
125,125,small-record,128,candidate-current-npgsqlbatch-set-plus-getmultiple,True,True,250,2,99.2,30928,30928,0,851,887,-4.230317273795535,250,126,875,751,125,125,125,125,125,125,True,True,923260801,modeled-pass
125,125,small-record,128,candidate-chunked-100-npgsqlbatch-set-plus-getmultiple,True,True,250,3,98.8,30928,30928,0,851,934,-9.753231492361927,250,126,875,751,125,125,125,125,125,125,True,True,923260801,modeled-pass
125,125,small-record,128,candidate-single-roundtrip-npgsqlbatch-set-and-read,True,True,250,1,99.6,30928,30928,0,851,887,-4.230317273795535,250,126,875,751,125,125,125,125,125,125,True,True,923260801,modeled-pass
125,125,medium-record,1024,candidate-current-npgsqlbatch-set-plus-getmultiple,True,True,250,2,99.2,30928,30928,0,1791,1855,-3.5734226689000557,250,126,875,751,125,125,125,125,125,125,True,True,-377658931,modeled-pass
125,125,medium-record,1024,candidate-chunked-100-npgsqlbatch-set-plus-getmultiple,True,True,250,3,98.8,30928,30928,0,1791,1870,-4.410943606923507,250,126,875,751,125,125,125,125,125,125,True,True,-377658931,modeled-pass
125,125,medium-record,1024,candidate-single-roundtrip-npgsqlbatch-set-and-read,True,True,250,1,99.6,30928,30928,0,1791,1837,-2.568397543271915,250,126,875,751,125,125,125,125,125,125,True,True,-377658931,modeled-pass
125,125,large-record,4096,candidate-current-npgsqlbatch-set-plus-getmultiple,True,True,250,2,99.2,30928,30928,0,4890,5028,-2.8220858895705523,250,126,875,751,125,125,125,125,125,125,True,True,-150407407,modeled-pass
125,125,large-record,4096,candidate-chunked-100-npgsqlbatch-set-plus-getmultiple,True,True,250,3,98.8,30928,30928,0,4890,5454,-11.533742331288343,250,126,875,751,125,125,125,125,125,125,True,True,-150407407,modeled-pass
125,125,large-record,4096,candidate-single-roundtrip-npgsqlbatch-set-and-read,True,True,250,1,99.6,30928,30928,0,4890,4996,-2.1676891615541924,250,126,875,751,125,125,125,125,125,125,True,True,-150407407,modeled-pass
126,126,small-record,128,candidate-current-npgsqlbatch-set-plus-getmultiple,True,True,252,2,99.2063492063492,30928,30928,0,875,923,-5.485714285714286,252,127,882,757,126,126,126,126,126,126,True,True,-801148183,modeled-pass
126,126,small-record,128,candidate-chunked-100-npgsqlbatch-set-plus-getmultiple,True,True,252,3,98.80952380952381,30928,30928,0,875,933,-6.628571428571429,252,127,882,757,126,126,126,126,126,126,True,True,-801148183,modeled-pass
126,126,small-record,128,candidate-single-roundtrip-npgsqlbatch-set-and-read,True,True,252,1,99.60317460317461,30928,30928,0,875,1320,-50.857142857142854,252,127,882,757,126,126,126,126,126,126,True,True,-801148183,modeled-pass
126,126,medium-record,1024,candidate-current-npgsqlbatch-set-plus-getmultiple,True,True,252,2,99.2063492063492,30928,30928,0,1803,1914,-6.156405990016639,252,127,882,757,126,126,126,126,126,126,True,True,-1215086462,modeled-pass
126,126,medium-record,1024,candidate-chunked-100-npgsqlbatch-set-plus-getmultiple,True,True,252,3,98.80952380952381,30928,30928,0,1803,1821,-0.9983361064891847,252,127,882,757,126,126,126,126,126,126,True,True,-1215086462,modeled-pass
126,126,medium-record,1024,candidate-single-roundtrip-npgsqlbatch-set-and-read,True,True,252,1,99.60317460317461,30928,30928,0,1803,1802,0.05546311702717693,252,127,882,757,126,126,126,126,126,126,True,True,-1215086462,modeled-pass
126,126,large-record,4096,candidate-current-npgsqlbatch-set-plus-getmultiple,True,True,252,2,99.2063492063492,30928,30928,0,5057,4984,1.4435436029266364,252,127,882,757,126,126,126,126,126,126,True,True,937038783,modeled-pass
126,126,large-record,4096,candidate-chunked-100-npgsqlbatch-set-plus-getmultiple,True,True,252,3,98.80952380952381,30928,30928,0,5057,4931,2.4915958077911804,252,127,882,757,126,126,126,126,126,126,True,True,937038783,modeled-pass
126,126,large-record,4096,candidate-single-roundtrip-npgsqlbatch-set-and-read,True,True,252,1,99.60317460317461,30928,30928,0,5057,5068,-0.2175202689341507,252,127,882,757,126,126,126,126,126,126,True,True,937038783,modeled-pass
127,127,small-record,128,candidate-current-npgsqlbatch-set-plus-getmultiple,True,True,254,2,99.21259842519684,30928,30928,0,859,933,-8.614668218859139,254,128,889,763,127,127,127,127,127,127,True,True,-1610943547,modeled-pass
127,127,small-record,128,candidate-chunked-100-npgsqlbatch-set-plus-getmultiple,True,True,254,3,98.81889763779527,30928,30928,0,859,1053,-22.58440046565774,254,128,889,763,127,127,127,127,127,127,True,True,-1610943547,modeled-pass
127,127,small-record,128,candidate-single-roundtrip-npgsqlbatch-set-and-read,True,True,254,1,99.60629921259843,30928,30928,0,859,943,-9.778812572759023,254,128,889,763,127,127,127,127,127,127,True,True,-1610943547,modeled-pass
127,127,medium-record,1024,candidate-current-npgsqlbatch-set-plus-getmultiple,True,True,254,2,99.21259842519684,30928,30928,0,1971,1847,6.291222729578894,254,128,889,763,127,127,127,127,127,127,True,True,285460074,modeled-pass
127,127,medium-record,1024,candidate-chunked-100-npgsqlbatch-set-plus-getmultiple,True,True,254,3,98.81889763779527,30928,30928,0,1971,1943,1.4205986808726534,254,128,889,763,127,127,127,127,127,127,True,True,285460074,modeled-pass
127,127,medium-record,1024,candidate-single-roundtrip-npgsqlbatch-set-and-read,True,True,254,1,99.60629921259843,30928,30928,0,1971,1881,4.566210045662101,254,128,889,763,127,127,127,127,127,127,True,True,285460074,modeled-pass
127,127,large-record,4096,candidate-current-npgsqlbatch-set-plus-getmultiple,True,True,254,2,99.21259842519684,30928,30928,0,5102,5700,-11.720893767150137,254,128,889,763,127,127,127,127,127,127,True,True,-742039482,modeled-pass
127,127,large-record,4096,candidate-chunked-100-npgsqlbatch-set-plus-getmultiple,True,True,254,3,98.81889763779527,30928,30928,0,5102,5424,-6.31125049000392,254,128,889,763,127,127,127,127,127,127,True,True,-742039482,modeled-pass
127,127,large-record,4096,candidate-single-roundtrip-npgsqlbatch-set-and-read,True,True,254,1,99.60629921259843,30928,30928,0,5102,7841,-53.68482947863583,254,128,889,763,127,127,127,127,127,127,True,True,-742039482,modeled-pass
128,128,small-record,128,candidate-current-npgsqlbatch-set-plus-getmultiple,True,True,256,2,99.21875,30928,30928,0,930,942,-1.2903225806451613,256,129,896,769,128,128,128,128,128,128,True,True,862896661,modeled-pass
128,128,small-record,128,candidate-chunked-100-npgsqlbatch-set-plus-getmultiple,True,True,256,3,98.828125,30928,30928,0,930,982,-5.591397849462366,256,129,896,769,128,128,128,128,128,128,True,True,862896661,modeled-pass
128,128,small-record,128,candidate-single-roundtrip-npgsqlbatch-set-and-read,True,True,256,1,99.609375,30928,30928,0,930,952,-2.3655913978494625,256,129,896,769,128,128,128,128,128,128,True,True,862896661,modeled-pass
128,128,medium-record,1024,candidate-current-npgsqlbatch-set-plus-getmultiple,True,True,256,2,99.21875,30928,30928,0,1806,1869,-3.488372093023256,256,129,896,769,128,128,128,128,128,128,True,True,-630100203,modeled-pass
128,128,medium-record,1024,candidate-chunked-100-npgsqlbatch-set-plus-getmultiple,True,True,256,3,98.828125,30928,30928,0,1806,1859,-2.9346622369878186,256,129,896,769,128,128,128,128,128,128,True,True,-630100203,modeled-pass
128,128,medium-record,1024,candidate-single-roundtrip-npgsqlbatch-set-and-read,True,True,256,1,99.609375,30928,30928,0,1806,1847,-2.2702104097452933,256,129,896,769,128,128,128,128,128,128,True,True,-630100203,modeled-pass
128,128,large-record,4096,candidate-current-npgsqlbatch-set-plus-getmultiple,True,True,256,2,99.21875,30928,30928,0,5117,5131,-0.27359781121751026,256,129,896,769,128,128,128,128,128,128,True,True,-885047329,modeled-pass
128,128,large-record,4096,candidate-chunked-100-npgsqlbatch-set-plus-getmultiple,True,True,256,3,98.828125,30928,30928,0,5117,5022,1.8565565761188196,256,129,896,769,128,128,128,128,128,128,True,True,-885047329,modeled-pass
128,128,large-record,4096,candidate-single-roundtrip-npgsqlbatch-set-and-read,True,True,256,1,99.609375,30928,30928,0,5117,5125,-0.15634160641000586,256,129,896,769,128,128,128,128,128,128,True,True,-885047329,modeled-pass
129,129,small-record,128,candidate-current-npgsqlbatch-set-plus-getmultiple,True,True,258,2,99.2248062015504,30928,30928,0,894,942,-5.369127516778524,258,130,903,775,129,129,129,129,129,129,True,True,-435491313,modeled-pass
129,129,small-record,128,candidate-chunked-100-npgsqlbatch-set-plus-getmultiple,True,True,258,3,98.83720930232558,30928,30928,0,894,958,-7.158836689038031,258,130,903,775,129,129,129,129,129,129,True,True,-435491313,modeled-pass
129,129,small-record,128,candidate-single-roundtrip-npgsqlbatch-set-and-read,True,True,258,1,99.6124031007752,30928,30928,0,894,958,-7.158836689038031,258,130,903,775,129,129,129,129,129,129,True,True,-435491313,modeled-pass
129,129,medium-record,1024,candidate-current-npgsqlbatch-set-plus-getmultiple,True,True,258,2,99.2248062015504,30928,30928,0,1900,1847,2.789473684210526,258,130,903,775,129,129,129,129,129,129,True,True,-1313168562,modeled-pass
129,129,medium-record,1024,candidate-chunked-100-npgsqlbatch-set-plus-getmultiple,True,True,258,3,98.83720930232558,30928,30928,0,1900,1949,-2.5789473684210527,258,130,903,775,129,129,129,129,129,129,True,True,-1313168562,modeled-pass
129,129,medium-record,1024,candidate-single-roundtrip-npgsqlbatch-set-and-read,True,True,258,1,99.6124031007752,30928,30928,0,1900,1912,-0.631578947368421,258,130,903,775,129,129,129,129,129,129,True,True,-1313168562,modeled-pass
129,129,large-record,4096,candidate-current-npgsqlbatch-set-plus-getmultiple,True,True,258,2,99.2248062015504,30928,30928,0,5117,5238,-2.364666796951339,258,130,903,775,129,129,129,129,129,129,True,True,-2060900436,modeled-pass
129,129,large-record,4096,candidate-chunked-100-npgsqlbatch-set-plus-getmultiple,True,True,258,3,98.83720930232558,30928,30928,0,5117,5248,-2.560093804963846,258,130,903,775,129,129,129,129,129,129,True,True,-2060900436,modeled-pass
129,129,large-record,4096,candidate-single-roundtrip-npgsqlbatch-set-and-read,True,True,258,1,99.6124031007752,30928,30928,0,5117,5386,-5.256986515536447,258,130,903,775,129,129,129,129,129,129,True,True,-2060900436,modeled-pass
130,130,small-record,128,candidate-current-npgsqlbatch-set-plus-getmultiple,True,True,260,2,99.23076923076923,30928,30592,1.0863942058975686,969,987,-1.8575851393188854,260,131,910,781,130,130,130,130,130,130,True,True,-1276835108,modeled-pass
130,130,small-record,128,candidate-chunked-100-npgsqlbatch-set-plus-getmultiple,True,True,260,3,98.84615384615384,30928,30928,0,969,1070,-10.42311661506708,260,131,910,781,130,130,130,130,130,130,True,True,-1276835108,modeled-pass
130,130,small-record,128,candidate-single-roundtrip-npgsqlbatch-set-and-read,True,True,260,1,99.61538461538461,30928,30928,0,969,981,-1.238390092879257,260,131,910,781,130,130,130,130,130,130,True,True,-1276835108,modeled-pass
130,130,medium-record,1024,candidate-current-npgsqlbatch-set-plus-getmultiple,True,True,260,2,99.23076923076923,30928,30928,0,2007,1991,0.7972097658196313,260,131,910,781,130,130,130,130,130,130,True,True,441762519,modeled-pass
130,130,medium-record,1024,candidate-chunked-100-npgsqlbatch-set-plus-getmultiple,True,True,260,3,98.84615384615384,30928,30928,0,2007,1934,3.637269556552068,260,131,910,781,130,130,130,130,130,130,True,True,441762519,modeled-pass
130,130,medium-record,1024,candidate-single-roundtrip-npgsqlbatch-set-and-read,True,True,260,1,99.61538461538461,30928,30928,0,2007,1919,4.384653712007972,260,131,910,781,130,130,130,130,130,130,True,True,441762519,modeled-pass
130,130,large-record,4096,candidate-current-npgsqlbatch-set-plus-getmultiple,True,True,260,2,99.23076923076923,30928,30928,0,5134,5414,-5.453837164004675,260,131,910,781,130,130,130,130,130,130,True,True,411575093,modeled-pass
130,130,large-record,4096,candidate-chunked-100-npgsqlbatch-set-plus-getmultiple,True,True,260,3,98.84615384615384,30928,30928,0,5134,5129,0.09738994935722634,260,131,910,781,130,130,130,130,130,130,True,True,411575093,modeled-pass
130,130,large-record,4096,candidate-single-roundtrip-npgsqlbatch-set-and-read,True,True,260,1,99.61538461538461,30928,30928,0,5134,5271,-2.6684846123880015,260,131,910,781,130,130,130,130,130,130,True,True,411575093,modeled-pass
131,131,small-record,128,candidate-current-npgsqlbatch-set-plus-getmultiple,True,True,262,2,99.23664122137404,30928,30928,0,906,968,-6.843267108167771,262,132,917,787,131,131,131,131,131,131,True,True,2101999492,modeled-pass
131,131,small-record,128,candidate-chunked-100-npgsqlbatch-set-plus-getmultiple,True,True,262,3,98.85496183206106,30928,30928,0,906,1035,-14.23841059602649,262,132,917,787,131,131,131,131,131,131,True,True,2101999492,modeled-pass
131,131,small-record,128,candidate-single-roundtrip-npgsqlbatch-set-and-read,True,True,262,1,99.61832061068702,30928,30928,0,906,982,-8.388520971302428,262,132,917,787,131,131,131,131,131,131,True,True,2101999492,modeled-pass
131,131,medium-record,1024,candidate-current-npgsqlbatch-set-plus-getmultiple,True,True,262,2,99.23664122137404,30928,30928,0,1925,1992,-3.4805194805194803,262,132,917,787,131,131,131,131,131,131,True,True,-772050377,modeled-pass
131,131,medium-record,1024,candidate-chunked-100-npgsqlbatch-set-plus-getmultiple,True,True,262,3,98.85496183206106,30928,30928,0,1925,1933,-0.4155844155844156,262,132,917,787,131,131,131,131,131,131,True,True,-772050377,modeled-pass
131,131,medium-record,1024,candidate-single-roundtrip-npgsqlbatch-set-and-read,True,True,262,1,99.61832061068702,30928,30928,0,1925,1884,2.1298701298701297,262,132,917,787,131,131,131,131,131,131,True,True,-772050377,modeled-pass
131,131,large-record,4096,candidate-current-npgsqlbatch-set-plus-getmultiple,True,True,262,2,99.23664122137404,30928,30928,0,5126,5199,-1.424112368318377,262,132,917,787,131,131,131,131,131,131,True,True,-772461104,modeled-pass
131,131,large-record,4096,candidate-chunked-100-npgsqlbatch-set-plus-getmultiple,True,True,262,3,98.85496183206106,30928,30928,0,5126,5210,-1.6387046429964884,262,132,917,787,131,131,131,131,131,131,True,True,-772461104,modeled-pass
131,131,large-record,4096,candidate-single-roundtrip-npgsqlbatch-set-and-read,True,True,262,1,99.61832061068702,30928,30928,0,5126,5239,-2.204447912602419,262,132,917,787,131,131,131,131,131,131,True,True,-772461104,modeled-pass
132,132,small-record,128,candidate-current-npgsqlbatch-set-plus-getmultiple,True,True,264,2,99.24242424242425,38096,38096,0,926,946,-2.159827213822894,264,133,924,793,132,132,132,132,132,132,True,True,438422816,modeled-pass
132,132,small-record,128,candidate-chunked-100-npgsqlbatch-set-plus-getmultiple,True,True,264,3,98.86363636363636,38096,38096,0,926,938,-1.2958963282937366,264,133,924,793,132,132,132,132,132,132,True,True,438422816,modeled-pass
132,132,small-record,128,candidate-single-roundtrip-npgsqlbatch-set-and-read,True,True,264,1,99.62121212121212,38096,38096,0,926,945,-2.0518358531317493,264,133,924,793,132,132,132,132,132,132,True,True,438422816,modeled-pass
132,132,medium-record,1024,candidate-current-npgsqlbatch-set-plus-getmultiple,True,True,264,2,99.24242424242425,38096,38096,0,1871,1843,1.4965259219668627,264,133,924,793,132,132,132,132,132,132,True,True,-831232421,modeled-pass
132,132,medium-record,1024,candidate-chunked-100-npgsqlbatch-set-plus-getmultiple,True,True,264,3,98.86363636363636,38096,38096,0,1871,2040,-9.032602886157136,264,133,924,793,132,132,132,132,132,132,True,True,-831232421,modeled-pass
132,132,medium-record,1024,candidate-single-roundtrip-npgsqlbatch-set-and-read,True,True,264,1,99.62121212121212,38096,38096,0,1871,1944,-3.9016568679850345,264,133,924,793,132,132,132,132,132,132,True,True,-831232421,modeled-pass
132,132,large-record,4096,candidate-current-npgsqlbatch-set-plus-getmultiple,True,True,264,2,99.24242424242425,38096,38096,0,5979,5340,10.68740592072253,264,133,924,793,132,132,132,132,132,132,True,True,1100077912,modeled-pass
132,132,large-record,4096,candidate-chunked-100-npgsqlbatch-set-plus-getmultiple,True,True,264,3,98.86363636363636,38096,38096,0,5979,5336,10.754306740257569,264,133,924,793,132,132,132,132,132,132,True,True,1100077912,modeled-pass
132,132,large-record,4096,candidate-single-roundtrip-npgsqlbatch-set-and-read,True,True,264,1,99.62121212121212,38096,38096,0,5979,5301,11.339688911189162,264,133,924,793,132,132,132,132,132,132,True,True,1100077912,modeled-pass
133,133,small-record,128,candidate-current-npgsqlbatch-set-plus-getmultiple,True,True,266,2,99.24812030075188,38096,38096,0,1024,1023,0.09765625,266,134,931,799,133,133,133,133,133,133,True,True,545541727,modeled-pass
133,133,small-record,128,candidate-chunked-100-npgsqlbatch-set-plus-getmultiple,True,True,266,3,98.87218045112782,38096,38096,0,1024,958,6.4453125,266,134,931,799,133,133,133,133,133,133,True,True,545541727,modeled-pass
133,133,small-record,128,candidate-single-roundtrip-npgsqlbatch-set-and-read,True,True,266,1,99.62406015037594,38096,38096,0,1024,940,8.203125,266,134,931,799,133,133,133,133,133,133,True,True,545541727,modeled-pass
133,133,medium-record,1024,candidate-current-npgsqlbatch-set-plus-getmultiple,True,True,266,2,99.24812030075188,38096,38096,0,1941,1926,0.7727975270479135,266,134,931,799,133,133,133,133,133,133,True,True,41144713,modeled-pass
133,133,medium-record,1024,candidate-chunked-100-npgsqlbatch-set-plus-getmultiple,True,True,266,3,98.87218045112782,38096,38096,0,1941,2055,-5.873261205564142,266,134,931,799,133,133,133,133,133,133,True,True,41144713,modeled-pass
133,133,medium-record,1024,candidate-single-roundtrip-npgsqlbatch-set-and-read,True,True,266,1,99.62406015037594,38096,38096,0,1941,1933,0.4121586810922205,266,134,931,799,133,133,133,133,133,133,True,True,41144713,modeled-pass
133,133,large-record,4096,candidate-current-npgsqlbatch-set-plus-getmultiple,True,True,266,2,99.24812030075188,38096,38096,0,5241,5365,-2.3659606945239458,266,134,931,799,133,133,133,133,133,133,True,True,154113487,modeled-pass
133,133,large-record,4096,candidate-chunked-100-npgsqlbatch-set-plus-getmultiple,True,True,266,3,98.87218045112782,38096,38096,0,5241,5606,-6.964319786300324,266,134,931,799,133,133,133,133,133,133,True,True,154113487,modeled-pass
133,133,large-record,4096,candidate-single-roundtrip-npgsqlbatch-set-and-read,True,True,266,1,99.62406015037594,38096,38096,0,5241,5541,-5.724098454493418,266,134,931,799,133,133,133,133,133,133,True,True,154113487,modeled-pass
134,134,small-record,128,candidate-current-npgsqlbatch-set-plus-getmultiple,True,True,268,2,99.25373134328358,38096,38096,0,957,961,-0.4179728317659352,268,135,938,805,134,134,134,134,134,134,True,True,442906616,modeled-pass
134,134,small-record,128,candidate-chunked-100-npgsqlbatch-set-plus-getmultiple,True,True,268,3,98.88059701492537,38096,38096,0,957,970,-1.3584117032392895,268,135,938,805,134,134,134,134,134,134,True,True,442906616,modeled-pass
134,134,small-record,128,candidate-single-roundtrip-npgsqlbatch-set-and-read,True,True,268,1,99.6268656716418,38096,38096,0,957,985,-2.9258098223615465,268,135,938,805,134,134,134,134,134,134,True,True,442906616,modeled-pass
134,134,medium-record,1024,candidate-current-npgsqlbatch-set-plus-getmultiple,True,True,268,2,99.25373134328358,38096,38096,0,1870,1897,-1.4438502673796791,268,135,938,805,134,134,134,134,134,134,True,True,-826573955,modeled-pass
134,134,medium-record,1024,candidate-chunked-100-npgsqlbatch-set-plus-getmultiple,True,True,268,3,98.88059701492537,38096,38096,0,1870,2138,-14.331550802139038,268,135,938,805,134,134,134,134,134,134,True,True,-826573955,modeled-pass
134,134,medium-record,1024,candidate-single-roundtrip-npgsqlbatch-set-and-read,True,True,268,1,99.6268656716418,38096,38096,0,1870,1935,-3.4759358288770055,268,135,938,805,134,134,134,134,134,134,True,True,-826573955,modeled-pass
134,134,large-record,4096,candidate-current-npgsqlbatch-set-plus-getmultiple,True,True,268,2,99.25373134328358,38096,38096,0,5390,5386,0.07421150278293136,268,135,938,805,134,134,134,134,134,134,True,True,1775075815,modeled-pass
134,134,large-record,4096,candidate-chunked-100-npgsqlbatch-set-plus-getmultiple,True,True,268,3,98.88059701492537,38096,38096,0,5390,5334,1.0389610389610389,268,135,938,805,134,134,134,134,134,134,True,True,1775075815,modeled-pass
134,134,large-record,4096,candidate-single-roundtrip-npgsqlbatch-set-and-read,True,True,268,1,99.6268656716418,38096,38096,0,5390,5298,1.7068645640074211,268,135,938,805,134,134,134,134,134,134,True,True,1775075815,modeled-pass
135,135,small-record,128,candidate-current-npgsqlbatch-set-plus-getmultiple,True,True,270,2,99.25925925925925,38096,38096,0,1069,1019,4.677268475210477,270,136,945,811,135,135,135,135,135,135,True,True,1941869118,modeled-pass
135,135,small-record,128,candidate-chunked-100-npgsqlbatch-set-plus-getmultiple,True,True,270,3,98.88888888888889,38096,38096,0,1069,985,7.857811038353601,270,136,945,811,135,135,135,135,135,135,True,True,1941869118,modeled-pass
135,135,small-record,128,candidate-single-roundtrip-npgsqlbatch-set-and-read,True,True,270,1,99.62962962962963,38096,38096,0,1069,961,10.102899906454631,270,136,945,811,135,135,135,135,135,135,True,True,1941869118,modeled-pass
135,135,medium-record,1024,candidate-current-npgsqlbatch-set-plus-getmultiple,True,True,270,2,99.25925925925925,38096,38096,0,1892,1975,-4.386892177589852,270,136,945,811,135,135,135,135,135,135,True,True,1280416941,modeled-pass
135,135,medium-record,1024,candidate-chunked-100-npgsqlbatch-set-plus-getmultiple,True,True,270,3,98.88888888888889,38096,38096,0,1892,1953,-3.2241014799154333,270,136,945,811,135,135,135,135,135,135,True,True,1280416941,modeled-pass
135,135,medium-record,1024,candidate-single-roundtrip-npgsqlbatch-set-and-read,True,True,270,1,99.62962962962963,38096,38096,0,1892,1957,-3.4355179704016914,270,136,945,811,135,135,135,135,135,135,True,True,1280416941,modeled-pass
135,135,large-record,4096,candidate-current-npgsqlbatch-set-plus-getmultiple,True,True,270,2,99.25925925925925,38096,38096,0,5331,5564,-4.370662164697055,270,136,945,811,135,135,135,135,135,135,True,True,1925839786,modeled-pass
135,135,large-record,4096,candidate-chunked-100-npgsqlbatch-set-plus-getmultiple,True,True,270,3,98.88888888888889,38096,38096,0,5331,5493,-3.0388294879009567,270,136,945,811,135,135,135,135,135,135,True,True,1925839786,modeled-pass
135,135,large-record,4096,candidate-single-roundtrip-npgsqlbatch-set-and-read,True,True,270,1,99.62962962962963,38096,38096,0,5331,5389,-1.0879759894954042,270,136,945,811,135,135,135,135,135,135,True,True,1925839786,modeled-pass
136,136,small-record,128,candidate-current-npgsqlbatch-set-plus-getmultiple,True,True,272,2,99.26470588235294,38096,38096,0,942,944,-0.21231422505307856,272,137,952,817,136,136,136,136,136,136,True,True,-506687948,modeled-pass
136,136,small-record,128,candidate-chunked-100-npgsqlbatch-set-plus-getmultiple,True,True,272,3,98.8970588235294,38096,38096,0,942,1089,-15.605095541401274,272,137,952,817,136,136,136,136,136,136,True,True,-506687948,modeled-pass
136,136,small-record,128,candidate-single-roundtrip-npgsqlbatch-set-and-read,True,True,272,1,99.63235294117646,38096,38096,0,942,1062,-12.738853503184714,272,137,952,817,136,136,136,136,136,136,True,True,-506687948,modeled-pass
136,136,medium-record,1024,candidate-current-npgsqlbatch-set-plus-getmultiple,True,True,272,2,99.26470588235294,38096,38096,0,2634,2160,17.995444191343964,272,137,952,817,136,136,136,136,136,136,True,True,1504040352,modeled-pass
136,136,medium-record,1024,candidate-chunked-100-npgsqlbatch-set-plus-getmultiple,True,True,272,3,98.8970588235294,38096,38096,0,2634,2187,16.970387243735765,272,137,952,817,136,136,136,136,136,136,True,True,1504040352,modeled-pass
136,136,medium-record,1024,candidate-single-roundtrip-npgsqlbatch-set-and-read,True,True,272,1,99.63235294117646,38096,38096,0,2634,2179,17.27410782080486,272,137,952,817,136,136,136,136,136,136,True,True,1504040352,modeled-pass
136,136,large-record,4096,candidate-current-npgsqlbatch-set-plus-getmultiple,True,True,272,2,99.26470588235294,38096,38096,0,5519,5440,1.43141873527813,272,137,952,817,136,136,136,136,136,136,True,True,2099912263,modeled-pass
136,136,large-record,4096,candidate-chunked-100-npgsqlbatch-set-plus-getmultiple,True,True,272,3,98.8970588235294,38096,38096,0,5519,10002,-81.22848342090958,272,137,952,817,136,136,136,136,136,136,True,True,2099912263,modeled-pass
136,136,large-record,4096,candidate-single-roundtrip-npgsqlbatch-set-and-read,True,True,272,1,99.63235294117646,38096,38096,0,5519,5477,0.7610074288820439,272,137,952,817,136,136,136,136,136,136,True,True,2099912263,modeled-pass
137,137,small-record,128,candidate-current-npgsqlbatch-set-plus-getmultiple,True,True,274,2,99.27007299270073,38096,38096,0,947,1043,-10.13727560718057,274,138,959,823,137,137,137,137,137,137,True,True,-1891736777,modeled-pass
137,137,small-record,128,candidate-chunked-100-npgsqlbatch-set-plus-getmultiple,True,True,274,3,98.9051094890511,38096,38096,0,947,1019,-7.602956705385427,274,138,959,823,137,137,137,137,137,137,True,True,-1891736777,modeled-pass
137,137,small-record,128,candidate-single-roundtrip-npgsqlbatch-set-and-read,True,True,274,1,99.63503649635037,38096,38096,0,947,1068,-12.777191129883844,274,138,959,823,137,137,137,137,137,137,True,True,-1891736777,modeled-pass
137,137,medium-record,1024,candidate-current-npgsqlbatch-set-plus-getmultiple,True,True,274,2,99.27007299270073,38096,38096,0,1949,2034,-4.361210877373011,274,138,959,823,137,137,137,137,137,137,True,True,-1987637788,modeled-pass
137,137,medium-record,1024,candidate-chunked-100-npgsqlbatch-set-plus-getmultiple,True,True,274,3,98.9051094890511,38096,38096,0,1949,2002,-2.719343252950231,274,138,959,823,137,137,137,137,137,137,True,True,-1987637788,modeled-pass
137,137,medium-record,1024,candidate-single-roundtrip-npgsqlbatch-set-and-read,True,True,274,1,99.63503649635037,38096,38096,0,1949,2025,-3.899435608004105,274,138,959,823,137,137,137,137,137,137,True,True,-1987637788,modeled-pass
137,137,large-record,4096,candidate-current-npgsqlbatch-set-plus-getmultiple,True,True,274,2,99.27007299270073,38096,38096,0,5441,5475,-0.6248851314096674,274,138,959,823,137,137,137,137,137,137,True,True,-2024301434,modeled-pass
137,137,large-record,4096,candidate-chunked-100-npgsqlbatch-set-plus-getmultiple,True,True,274,3,98.9051094890511,38096,38096,0,5441,5565,-2.2789928321999633,274,138,959,823,137,137,137,137,137,137,True,True,-2024301434,modeled-pass
137,137,large-record,4096,candidate-single-roundtrip-npgsqlbatch-set-and-read,True,True,274,1,99.63503649635037,38096,38096,0,5441,5505,-1.1762543650064325,274,138,959,823,137,137,137,137,137,137,True,True,-2024301434,modeled-pass
138,138,small-record,128,candidate-current-npgsqlbatch-set-plus-getmultiple,True,True,276,2,99.27536231884058,38096,38096,0,974,1026,-5.338809034907597,276,139,966,829,138,138,138,138,138,138,True,True,-451401640,modeled-pass
138,138,small-record,128,candidate-chunked-100-npgsqlbatch-set-plus-getmultiple,True,True,276,3,98.91304347826087,38096,38096,0,974,1013,-4.0041067761806985,276,139,966,829,138,138,138,138,138,138,True,True,-451401640,modeled-pass
138,138,small-record,128,candidate-single-roundtrip-npgsqlbatch-set-and-read,True,True,276,1,99.6376811594203,38096,38096,0,974,1033,-6.057494866529774,276,139,966,829,138,138,138,138,138,138,True,True,-451401640,modeled-pass
138,138,medium-record,1024,candidate-current-npgsqlbatch-set-plus-getmultiple,True,True,276,2,99.27536231884058,38096,38096,0,1980,2015,-1.7676767676767677,276,139,966,829,138,138,138,138,138,138,True,True,632595846,modeled-pass
138,138,medium-record,1024,candidate-chunked-100-npgsqlbatch-set-plus-getmultiple,True,True,276,3,98.91304347826087,38096,38096,0,1980,2288,-15.555555555555555,276,139,966,829,138,138,138,138,138,138,True,True,632595846,modeled-pass
138,138,medium-record,1024,candidate-single-roundtrip-npgsqlbatch-set-and-read,True,True,276,1,99.6376811594203,38096,38096,0,1980,2034,-2.727272727272727,276,139,966,829,138,138,138,138,138,138,True,True,632595846,modeled-pass
138,138,large-record,4096,candidate-current-npgsqlbatch-set-plus-getmultiple,True,True,276,2,99.27536231884058,38096,38096,0,5680,5579,1.778169014084507,276,139,966,829,138,138,138,138,138,138,True,True,1143711433,modeled-pass
138,138,large-record,4096,candidate-chunked-100-npgsqlbatch-set-plus-getmultiple,True,True,276,3,98.91304347826087,38096,38096,0,5680,5661,0.3345070422535211,276,139,966,829,138,138,138,138,138,138,True,True,1143711433,modeled-pass
138,138,large-record,4096,candidate-single-roundtrip-npgsqlbatch-set-and-read,True,True,276,1,99.6376811594203,38096,38096,0,5680,5568,1.971830985915493,276,139,966,829,138,138,138,138,138,138,True,True,1143711433,modeled-pass
139,139,small-record,128,candidate-current-npgsqlbatch-set-plus-getmultiple,True,True,278,2,99.28057553956835,38096,38096,0,982,1084,-10.386965376782078,278,140,973,835,139,139,139,139,139,139,True,True,474442469,modeled-pass
139,139,small-record,128,candidate-chunked-100-npgsqlbatch-set-plus-getmultiple,True,True,278,3,98.92086330935251,38096,38096,0,982,1083,-10.285132382892057,278,140,973,835,139,139,139,139,139,139,True,True,474442469,modeled-pass
139,139,small-record,128,candidate-single-roundtrip-npgsqlbatch-set-and-read,True,True,278,1,99.64028776978417,38096,38096,0,982,1062,-8.146639511201629,278,140,973,835,139,139,139,139,139,139,True,True,474442469,modeled-pass
139,139,medium-record,1024,candidate-current-npgsqlbatch-set-plus-getmultiple,True,True,278,2,99.28057553956835,38096,38096,0,1948,1950,-0.1026694045174538,278,140,973,835,139,139,139,139,139,139,True,True,2021001764,modeled-pass
139,139,medium-record,1024,candidate-chunked-100-npgsqlbatch-set-plus-getmultiple,True,True,278,3,98.92086330935251,38096,38096,0,1948,2015,-3.439425051334702,278,140,973,835,139,139,139,139,139,139,True,True,2021001764,modeled-pass
139,139,medium-record,1024,candidate-single-roundtrip-npgsqlbatch-set-and-read,True,True,278,1,99.64028776978417,38096,38096,0,1948,2062,-5.852156057494867,278,140,973,835,139,139,139,139,139,139,True,True,2021001764,modeled-pass
139,139,large-record,4096,candidate-current-npgsqlbatch-set-plus-getmultiple,True,True,278,2,99.28057553956835,38096,38096,0,5562,5598,-0.6472491909385113,278,140,973,835,139,139,139,139,139,139,True,True,1668786026,modeled-pass
139,139,large-record,4096,candidate-chunked-100-npgsqlbatch-set-plus-getmultiple,True,True,278,3,98.92086330935251,38096,38096,0,5562,5688,-2.26537216828479,278,140,973,835,139,139,139,139,139,139,True,True,1668786026,modeled-pass
139,139,large-record,4096,candidate-single-roundtrip-npgsqlbatch-set-and-read,True,True,278,1,99.64028776978417,38096,38096,0,5562,5447,2.067601582164689,278,140,973,835,139,139,139,139,139,139,True,True,1668786026,modeled-pass
140,140,small-record,128,candidate-current-npgsqlbatch-set-plus-getmultiple,True,True,280,2,99.28571428571429,38096,38096,0,951,984,-3.470031545741325,280,141,980,841,140,140,140,140,140,140,True,True,1246421248,modeled-pass
140,140,small-record,128,candidate-chunked-100-npgsqlbatch-set-plus-getmultiple,True,True,280,3,98.92857142857143,38096,38096,0,951,1231,-29.44269190325973,280,141,980,841,140,140,140,140,140,140,True,True,1246421248,modeled-pass
140,140,small-record,128,candidate-single-roundtrip-npgsqlbatch-set-and-read,True,True,280,1,99.64285714285714,38096,38096,0,951,1084,-13.98527865404837,280,141,980,841,140,140,140,140,140,140,True,True,1246421248,modeled-pass
140,140,medium-record,1024,candidate-current-npgsqlbatch-set-plus-getmultiple,True,True,280,2,99.28571428571429,38096,38096,0,1981,2104,-6.208985360928824,280,141,980,841,140,140,140,140,140,140,True,True,-1842231171,modeled-pass
140,140,medium-record,1024,candidate-chunked-100-npgsqlbatch-set-plus-getmultiple,True,True,280,3,98.92857142857143,38096,38096,0,1981,2198,-10.954063604240282,280,141,980,841,140,140,140,140,140,140,True,True,-1842231171,modeled-pass
140,140,medium-record,1024,candidate-single-roundtrip-npgsqlbatch-set-and-read,True,True,280,1,99.64285714285714,38096,38096,0,1981,2023,-2.1201413427561837,280,141,980,841,140,140,140,140,140,140,True,True,-1842231171,modeled-pass
140,140,large-record,4096,candidate-current-npgsqlbatch-set-plus-getmultiple,True,True,280,2,99.28571428571429,38096,38096,0,5685,5730,-0.7915567282321899,280,141,980,841,140,140,140,140,140,140,True,True,-773262705,modeled-pass
140,140,large-record,4096,candidate-chunked-100-npgsqlbatch-set-plus-getmultiple,True,True,280,3,98.92857142857143,38096,38096,0,5685,5681,0.07036059806508356,280,141,980,841,140,140,140,140,140,140,True,True,-773262705,modeled-pass
140,140,large-record,4096,candidate-single-roundtrip-npgsqlbatch-set-and-read,True,True,280,1,99.64285714285714,38096,38096,0,5685,5665,0.3518029903254178,280,141,980,841,140,140,140,140,140,140,True,True,-773262705,modeled-pass
141,141,small-record,128,candidate-current-npgsqlbatch-set-plus-getmultiple,True,True,282,2,99.29078014184397,38096,38096,0,976,995,-1.9467213114754098,282,142,987,847,141,141,141,141,141,141,True,True,-1299327841,modeled-pass
141,141,small-record,128,candidate-chunked-100-npgsqlbatch-set-plus-getmultiple,True,True,282,3,98.93617021276596,38096,38096,0,976,1005,-2.971311475409836,282,142,987,847,141,141,141,141,141,141,True,True,-1299327841,modeled-pass
141,141,small-record,128,candidate-single-roundtrip-npgsqlbatch-set-and-read,True,True,282,1,99.64539007092199,38096,38096,0,976,999,-2.3565573770491803,282,142,987,847,141,141,141,141,141,141,True,True,-1299327841,modeled-pass
141,141,medium-record,1024,candidate-current-npgsqlbatch-set-plus-getmultiple,True,True,282,2,99.29078014184397,38096,38096,0,1970,1992,-1.116751269035533,282,142,987,847,141,141,141,141,141,141,True,True,688923692,modeled-pass
141,141,medium-record,1024,candidate-chunked-100-npgsqlbatch-set-plus-getmultiple,True,True,282,3,98.93617021276596,38096,38096,0,1970,2105,-6.852791878172589,282,142,987,847,141,141,141,141,141,141,True,True,688923692,modeled-pass
141,141,medium-record,1024,candidate-single-roundtrip-npgsqlbatch-set-and-read,True,True,282,1,99.64539007092199,38096,38096,0,1970,2196,-11.472081218274111,282,142,987,847,141,141,141,141,141,141,True,True,688923692,modeled-pass
141,141,large-record,4096,candidate-current-npgsqlbatch-set-plus-getmultiple,True,True,282,2,99.29078014184397,38096,38096,0,5566,5641,-1.3474667624865253,282,142,987,847,141,141,141,141,141,141,True,True,714941043,modeled-pass
141,141,large-record,4096,candidate-chunked-100-npgsqlbatch-set-plus-getmultiple,True,True,282,3,98.93617021276596,38096,38096,0,5566,5814,-4.455623427955444,282,142,987,847,141,141,141,141,141,141,True,True,714941043,modeled-pass
141,141,large-record,4096,candidate-single-roundtrip-npgsqlbatch-set-and-read,True,True,282,1,99.64539007092199,38096,38096,0,5566,5756,-3.4135824649658644,282,142,987,847,141,141,141,141,141,141,True,True,714941043,modeled-pass
142,142,small-record,128,candidate-current-npgsqlbatch-set-plus-getmultiple,True,True,284,2,99.29577464788733,38096,38096,0,1155,1083,6.233766233766234,284,143,994,853,142,142,142,142,142,142,True,True,-1699860331,modeled-pass
142,142,small-record,128,candidate-chunked-100-npgsqlbatch-set-plus-getmultiple,True,True,284,3,98.94366197183099,38096,38096,0,1155,1092,5.454545454545454,284,143,994,853,142,142,142,142,142,142,True,True,-1699860331,modeled-pass
142,142,small-record,128,candidate-single-roundtrip-npgsqlbatch-set-and-read,True,True,284,1,99.64788732394366,38096,38096,0,1155,1110,3.896103896103896,284,143,994,853,142,142,142,142,142,142,True,True,-1699860331,modeled-pass
142,142,medium-record,1024,candidate-current-npgsqlbatch-set-plus-getmultiple,True,True,284,2,99.29577464788733,38096,38096,0,2003,2096,-4.643035446829756,284,143,994,853,142,142,142,142,142,142,True,True,821720591,modeled-pass
142,142,medium-record,1024,candidate-chunked-100-npgsqlbatch-set-plus-getmultiple,True,True,284,3,98.94366197183099,38096,38096,0,2003,2094,-4.54318522216675,284,143,994,853,142,142,142,142,142,142,True,True,821720591,modeled-pass
142,142,medium-record,1024,candidate-single-roundtrip-npgsqlbatch-set-and-read,True,True,284,1,99.64788732394366,38096,38096,0,2003,2151,-7.388916625062406,284,143,994,853,142,142,142,142,142,142,True,True,821720591,modeled-pass
142,142,large-record,4096,candidate-current-npgsqlbatch-set-plus-getmultiple,True,True,284,2,99.29577464788733,38096,38096,0,5848,6018,-2.9069767441860463,284,143,994,853,142,142,142,142,142,142,True,True,-1527987301,modeled-pass
142,142,large-record,4096,candidate-chunked-100-npgsqlbatch-set-plus-getmultiple,True,True,284,3,98.94366197183099,38096,38096,0,5848,6661,-13.90218878248974,284,143,994,853,142,142,142,142,142,142,True,True,-1527987301,modeled-pass
142,142,large-record,4096,candidate-single-roundtrip-npgsqlbatch-set-and-read,True,True,284,1,99.64788732394366,38096,38096,0,5848,5823,0.4274965800273598,284,143,994,853,142,142,142,142,142,142,True,True,-1527987301,modeled-pass
143,143,small-record,128,candidate-current-npgsqlbatch-set-plus-getmultiple,True,True,286,2,99.3006993006993,38096,38096,0,1057,1080,-2.1759697256385997,286,144,1001,859,143,143,143,143,143,143,True,True,-727823920,modeled-pass
143,143,small-record,128,candidate-chunked-100-npgsqlbatch-set-plus-getmultiple,True,True,286,3,98.95104895104895,38096,38096,0,1057,1109,-4.919583727530747,286,144,1001,859,143,143,143,143,143,143,True,True,-727823920,modeled-pass
143,143,small-record,128,candidate-single-roundtrip-npgsqlbatch-set-and-read,True,True,286,1,99.65034965034965,38096,38096,0,1057,1061,-0.3784295175023652,286,144,1001,859,143,143,143,143,143,143,True,True,-727823920,modeled-pass
143,143,medium-record,1024,candidate-current-npgsqlbatch-set-plus-getmultiple,True,True,286,2,99.3006993006993,38096,38096,0,2034,2034,0,286,144,1001,859,143,143,143,143,143,143,True,True,41924463,modeled-pass
143,143,medium-record,1024,candidate-chunked-100-npgsqlbatch-set-plus-getmultiple,True,True,286,3,98.95104895104895,38096,38096,0,2034,2085,-2.5073746312684366,286,144,1001,859,143,143,143,143,143,143,True,True,41924463,modeled-pass
143,143,medium-record,1024,candidate-single-roundtrip-npgsqlbatch-set-and-read,True,True,286,1,99.65034965034965,38096,38096,0,2034,2156,-5.99803343166175,286,144,1001,859,143,143,143,143,143,143,True,True,41924463,modeled-pass
143,143,large-record,4096,candidate-current-npgsqlbatch-set-plus-getmultiple,True,True,286,2,99.3006993006993,38096,38096,0,6136,6075,0.9941329856584094,286,144,1001,859,143,143,143,143,143,143,True,True,272887338,modeled-pass
143,143,large-record,4096,candidate-chunked-100-npgsqlbatch-set-plus-getmultiple,True,True,286,3,98.95104895104895,38096,38096,0,6136,5979,2.558670143415906,286,144,1001,859,143,143,143,143,143,143,True,True,272887338,modeled-pass
143,143,large-record,4096,candidate-single-roundtrip-npgsqlbatch-set-and-read,True,True,286,1,99.65034965034965,38096,38096,0,6136,6065,1.1571056062581486,286,144,1001,859,143,143,143,143,143,143,True,True,272887338,modeled-pass
144,144,small-record,128,candidate-current-npgsqlbatch-set-plus-getmultiple,True,True,288,2,99.30555555555556,38096,38096,0,1250,1145,8.4,288,145,1008,865,144,144,144,144,144,144,True,True,2022176431,modeled-pass
144,144,small-record,128,candidate-chunked-100-npgsqlbatch-set-plus-getmultiple,True,True,288,3,98.95833333333333,38096,38096,0,1250,1157,7.44,288,145,1008,865,144,144,144,144,144,144,True,True,2022176431,modeled-pass
144,144,small-record,128,candidate-single-roundtrip-npgsqlbatch-set-and-read,True,True,288,1,99.65277777777777,38096,38096,0,1250,1161,7.12,288,145,1008,865,144,144,144,144,144,144,True,True,2022176431,modeled-pass
144,144,medium-record,1024,candidate-current-npgsqlbatch-set-plus-getmultiple,True,True,288,2,99.30555555555556,38096,38096,0,2401,2292,4.539775093710953,288,145,1008,865,144,144,144,144,144,144,True,True,823505895,modeled-pass
144,144,medium-record,1024,candidate-chunked-100-npgsqlbatch-set-plus-getmultiple,True,True,288,3,98.95833333333333,38096,38096,0,2401,2074,13.619325281132861,288,145,1008,865,144,144,144,144,144,144,True,True,823505895,modeled-pass
144,144,medium-record,1024,candidate-single-roundtrip-npgsqlbatch-set-and-read,True,True,288,1,99.65277777777777,38096,38096,0,2401,2058,14.285714285714286,288,145,1008,865,144,144,144,144,144,144,True,True,823505895,modeled-pass
144,144,large-record,4096,candidate-current-npgsqlbatch-set-plus-getmultiple,True,True,288,2,99.30555555555556,38096,38096,0,5909,6085,-2.978507361651718,288,145,1008,865,144,144,144,144,144,144,True,True,-977731133,modeled-pass
144,144,large-record,4096,candidate-chunked-100-npgsqlbatch-set-plus-getmultiple,True,True,288,3,98.95833333333333,38096,38096,0,5909,5874,0.5923168048739211,288,145,1008,865,144,144,144,144,144,144,True,True,-977731133,modeled-pass
144,144,large-record,4096,candidate-single-roundtrip-npgsqlbatch-set-and-read,True,True,288,1,99.65277777777777,38096,38096,0,5909,5934,-0.4230834320528008,288,145,1008,865,144,144,144,144,144,144,True,True,-977731133,modeled-pass
145,145,small-record,128,candidate-current-npgsqlbatch-set-plus-getmultiple,True,True,290,2,99.3103448275862,38096,38096,0,1045,1082,-3.54066985645933,290,146,1015,871,145,145,145,145,145,145,True,True,1228339915,modeled-pass
145,145,small-record,128,candidate-chunked-100-npgsqlbatch-set-plus-getmultiple,True,True,290,3,98.96551724137932,38096,38096,0,1045,1079,-3.2535885167464116,290,146,1015,871,145,145,145,145,145,145,True,True,1228339915,modeled-pass
145,145,small-record,128,candidate-single-roundtrip-npgsqlbatch-set-and-read,True,True,290,1,99.65517241379311,38096,38096,0,1045,1085,-3.827751196172249,290,146,1015,871,145,145,145,145,145,145,True,True,1228339915,modeled-pass
145,145,medium-record,1024,candidate-current-npgsqlbatch-set-plus-getmultiple,True,True,290,2,99.3103448275862,38096,38096,0,2133,2095,1.7815283638068449,290,146,1015,871,145,145,145,145,145,145,True,True,79389842,modeled-pass
145,145,medium-record,1024,candidate-chunked-100-npgsqlbatch-set-plus-getmultiple,True,True,290,3,98.96551724137932,38096,38096,0,2133,2117,0.7501172058134083,290,146,1015,871,145,145,145,145,145,145,True,True,79389842,modeled-pass
145,145,medium-record,1024,candidate-single-roundtrip-npgsqlbatch-set-and-read,True,True,290,1,99.65517241379311,38096,38096,0,2133,2121,0.5625879043600562,290,146,1015,871,145,145,145,145,145,145,True,True,79389842,modeled-pass
145,145,large-record,4096,candidate-current-npgsqlbatch-set-plus-getmultiple,True,True,290,2,99.3103448275862,38096,38096,0,5810,5925,-1.9793459552495698,290,146,1015,871,145,145,145,145,145,145,True,True,1072955640,modeled-pass
145,145,large-record,4096,candidate-chunked-100-npgsqlbatch-set-plus-getmultiple,True,True,290,3,98.96551724137932,38096,38096,0,5810,5847,-0.6368330464716007,290,146,1015,871,145,145,145,145,145,145,True,True,1072955640,modeled-pass
145,145,large-record,4096,candidate-single-roundtrip-npgsqlbatch-set-and-read,True,True,290,1,99.65517241379311,38096,38096,0,5810,5835,-0.43029259896729777,290,146,1015,871,145,145,145,145,145,145,True,True,1072955640,modeled-pass
146,146,small-record,128,candidate-current-npgsqlbatch-set-plus-getmultiple,True,True,292,2,99.31506849315069,38096,38096,0,1010,1029,-1.881188118811881,292,147,1022,877,146,146,146,146,146,146,True,True,-1948001758,modeled-pass
146,146,small-record,128,candidate-chunked-100-npgsqlbatch-set-plus-getmultiple,True,True,292,3,98.97260273972603,38096,38096,0,1010,1054,-4.356435643564357,292,147,1022,877,146,146,146,146,146,146,True,True,-1948001758,modeled-pass
146,146,small-record,128,candidate-single-roundtrip-npgsqlbatch-set-and-read,True,True,292,1,99.65753424657534,38096,38096,0,1010,1152,-14.05940594059406,292,147,1022,877,146,146,146,146,146,146,True,True,-1948001758,modeled-pass
146,146,medium-record,1024,candidate-current-npgsqlbatch-set-plus-getmultiple,True,True,292,2,99.31506849315069,38096,38096,0,2026,2114,-4.343534057255677,292,147,1022,877,146,146,146,146,146,146,True,True,1884962817,modeled-pass
146,146,medium-record,1024,candidate-chunked-100-npgsqlbatch-set-plus-getmultiple,True,True,292,3,98.97260273972603,38096,38096,0,2026,2101,-3.7018756169792697,292,147,1022,877,146,146,146,146,146,146,True,True,1884962817,modeled-pass
146,146,medium-record,1024,candidate-single-roundtrip-npgsqlbatch-set-and-read,True,True,292,1,99.65753424657534,38096,38096,0,2026,2221,-9.6248766041461,292,147,1022,877,146,146,146,146,146,146,True,True,1884962817,modeled-pass
146,146,large-record,4096,candidate-current-npgsqlbatch-set-plus-getmultiple,True,True,292,2,99.31506849315069,38096,38096,0,5790,5835,-0.7772020725388601,292,147,1022,877,146,146,146,146,146,146,True,True,1078726839,modeled-pass
146,146,large-record,4096,candidate-chunked-100-npgsqlbatch-set-plus-getmultiple,True,True,292,3,98.97260273972603,38096,38096,0,5790,5845,-0.9499136442141624,292,147,1022,877,146,146,146,146,146,146,True,True,1078726839,modeled-pass
146,146,large-record,4096,candidate-single-roundtrip-npgsqlbatch-set-and-read,True,True,292,1,99.65753424657534,38096,38096,0,5790,6074,-4.905008635578584,292,147,1022,877,146,146,146,146,146,146,True,True,1078726839,modeled-pass
147,147,small-record,128,candidate-current-npgsqlbatch-set-plus-getmultiple,True,True,294,2,99.31972789115646,38096,38096,0,1130,1092,3.3628318584070795,294,148,1029,883,147,147,147,147,147,147,True,True,1292047175,modeled-pass
147,147,small-record,128,candidate-chunked-100-npgsqlbatch-set-plus-getmultiple,True,True,294,3,98.9795918367347,38096,38096,0,1130,1146,-1.415929203539823,294,148,1029,883,147,147,147,147,147,147,True,True,1292047175,modeled-pass
147,147,small-record,128,candidate-single-roundtrip-npgsqlbatch-set-and-read,True,True,294,1,99.65986394557824,38096,38096,0,1130,1071,5.221238938053097,294,148,1029,883,147,147,147,147,147,147,True,True,1292047175,modeled-pass
147,147,medium-record,1024,candidate-current-npgsqlbatch-set-plus-getmultiple,True,True,294,2,99.31972789115646,38096,38096,0,2108,2092,0.7590132827324478,294,148,1029,883,147,147,147,147,147,147,True,True,-275126188,modeled-pass
147,147,medium-record,1024,candidate-chunked-100-npgsqlbatch-set-plus-getmultiple,True,True,294,3,98.9795918367347,38096,38096,0,2108,2151,-2.0398481973434537,294,148,1029,883,147,147,147,147,147,147,True,True,-275126188,modeled-pass
147,147,medium-record,1024,candidate-single-roundtrip-npgsqlbatch-set-and-read,True,True,294,1,99.65986394557824,38096,38096,0,2108,2149,-1.9449715370018976,294,148,1029,883,147,147,147,147,147,147,True,True,-275126188,modeled-pass
147,147,large-record,4096,candidate-current-npgsqlbatch-set-plus-getmultiple,True,True,294,2,99.31972789115646,38096,38096,0,5934,6178,-4.111897539602292,294,148,1029,883,147,147,147,147,147,147,True,True,-1267882545,modeled-pass
147,147,large-record,4096,candidate-chunked-100-npgsqlbatch-set-plus-getmultiple,True,True,294,3,98.9795918367347,38096,38096,0,5934,6014,-1.3481631277384563,294,148,1029,883,147,147,147,147,147,147,True,True,-1267882545,modeled-pass
147,147,large-record,4096,candidate-single-roundtrip-npgsqlbatch-set-and-read,True,True,294,1,99.65986394557824,38096,38096,0,5934,6008,-1.2470508931580722,294,148,1029,883,147,147,147,147,147,147,True,True,-1267882545,modeled-pass
148,148,small-record,128,candidate-current-npgsqlbatch-set-plus-getmultiple,True,True,296,2,99.32432432432432,38096,38096,0,1028,1072,-4.280155642023346,296,149,1036,889,148,148,148,148,148,148,True,True,563739066,modeled-pass
148,148,small-record,128,candidate-chunked-100-npgsqlbatch-set-plus-getmultiple,True,True,296,3,98.98648648648648,38096,38096,0,1028,1108,-7.782101167315175,296,149,1036,889,148,148,148,148,148,148,True,True,563739066,modeled-pass
148,148,small-record,128,candidate-single-roundtrip-npgsqlbatch-set-and-read,True,True,296,1,99.66216216216216,38096,38096,0,1028,1181,-14.883268482490273,296,149,1036,889,148,148,148,148,148,148,True,True,563739066,modeled-pass
148,148,medium-record,1024,candidate-current-npgsqlbatch-set-plus-getmultiple,True,True,296,2,99.32432432432432,38096,38096,0,2158,2107,2.3632993512511584,296,149,1036,889,148,148,148,148,148,148,True,True,1512388074,modeled-pass
148,148,medium-record,1024,candidate-chunked-100-npgsqlbatch-set-plus-getmultiple,True,True,296,3,98.98648648648648,38096,38096,0,2158,2144,0.6487488415199258,296,149,1036,889,148,148,148,148,148,148,True,True,1512388074,modeled-pass
148,148,medium-record,1024,candidate-single-roundtrip-npgsqlbatch-set-and-read,True,True,296,1,99.66216216216216,38096,38096,0,2158,2105,2.4559777571825765,296,149,1036,889,148,148,148,148,148,148,True,True,1512388074,modeled-pass
148,148,large-record,4096,candidate-current-npgsqlbatch-set-plus-getmultiple,True,True,296,2,99.32432432432432,38096,38096,0,5908,5947,-0.6601218686526743,296,149,1036,889,148,148,148,148,148,148,True,True,-1328479134,modeled-pass
148,148,large-record,4096,candidate-chunked-100-npgsqlbatch-set-plus-getmultiple,True,True,296,3,98.98648648648648,38096,38096,0,5908,6024,-1.9634394041976981,296,149,1036,889,148,148,148,148,148,148,True,True,-1328479134,modeled-pass
148,148,large-record,4096,candidate-single-roundtrip-npgsqlbatch-set-and-read,True,True,296,1,99.66216216216216,38096,38096,0,5908,6565,-11.120514556533514,296,149,1036,889,148,148,148,148,148,148,True,True,-1328479134,modeled-pass
149,149,small-record,128,candidate-current-npgsqlbatch-set-plus-getmultiple,True,True,298,2,99.32885906040268,38096,38096,0,1158,1214,-4.835924006908463,298,150,1043,895,149,149,149,149,149,149,True,True,2057173814,modeled-pass
149,149,small-record,128,candidate-chunked-100-npgsqlbatch-set-plus-getmultiple,True,True,298,3,98.99328859060402,38096,38096,0,1158,1209,-4.404145077720207,298,150,1043,895,149,149,149,149,149,149,True,True,2057173814,modeled-pass
149,149,small-record,128,candidate-single-roundtrip-npgsqlbatch-set-and-read,True,True,298,1,99.66442953020135,38096,38096,0,1158,1208,-4.317789291882556,298,150,1043,895,149,149,149,149,149,149,True,True,2057173814,modeled-pass
149,149,medium-record,1024,candidate-current-npgsqlbatch-set-plus-getmultiple,True,True,298,2,99.32885906040268,38096,38096,0,2129,2202,-3.428839830906529,298,150,1043,895,149,149,149,149,149,149,True,True,-1002959329,modeled-pass
149,149,medium-record,1024,candidate-chunked-100-npgsqlbatch-set-plus-getmultiple,True,True,298,3,98.99328859060402,38096,38096,0,2129,2212,-3.8985439173320806,298,150,1043,895,149,149,149,149,149,149,True,True,-1002959329,modeled-pass
149,149,medium-record,1024,candidate-single-roundtrip-npgsqlbatch-set-and-read,True,True,298,1,99.66442953020135,38096,38096,0,2129,4103,-92.71958666040395,298,150,1043,895,149,149,149,149,149,149,True,True,-1002959329,modeled-pass
149,149,large-record,4096,candidate-current-npgsqlbatch-set-plus-getmultiple,True,True,298,2,99.32885906040268,38096,38096,0,9428,6569,30.3245651251591,298,150,1043,895,149,149,149,149,149,149,True,True,1447285850,modeled-pass
149,149,large-record,4096,candidate-chunked-100-npgsqlbatch-set-plus-getmultiple,True,True,298,3,98.99328859060402,38096,38096,0,9428,6089,35.41578277471362,298,150,1043,895,149,149,149,149,149,149,True,True,1447285850,modeled-pass
149,149,large-record,4096,candidate-single-roundtrip-npgsqlbatch-set-and-read,True,True,298,1,99.66442953020135,38096,38096,0,9428,6077,35.54306321595248,298,150,1043,895,149,149,149,149,149,149,True,True,1447285850,modeled-pass
150,150,small-record,128,candidate-current-npgsqlbatch-set-plus-getmultiple,True,True,300,2,99.33333333333333,38096,38096,0,1074,1136,-5.772811918063315,300,151,1050,901,150,150,150,150,150,150,True,True,-1123340281,modeled-pass
150,150,small-record,128,candidate-chunked-100-npgsqlbatch-set-plus-getmultiple,True,True,300,3,99,38096,38096,0,1074,1225,-14.059590316573557,300,151,1050,901,150,150,150,150,150,150,True,True,-1123340281,modeled-pass
150,150,small-record,128,candidate-single-roundtrip-npgsqlbatch-set-and-read,True,True,300,1,99.66666666666667,38096,38096,0,1074,1227,-14.245810055865922,300,151,1050,901,150,150,150,150,150,150,True,True,-1123340281,modeled-pass
150,150,medium-record,1024,candidate-current-npgsqlbatch-set-plus-getmultiple,True,True,300,2,99.33333333333333,38096,38096,0,2263,2345,-3.6235086168802475,300,151,1050,901,150,150,150,150,150,150,True,True,-260103733,modeled-pass
150,150,medium-record,1024,candidate-chunked-100-npgsqlbatch-set-plus-getmultiple,True,True,300,3,99,38096,38096,0,2263,2269,-0.26513477684489617,300,151,1050,901,150,150,150,150,150,150,True,True,-260103733,modeled-pass
150,150,medium-record,1024,candidate-single-roundtrip-npgsqlbatch-set-and-read,True,True,300,1,99.66666666666667,38096,38096,0,2263,2182,3.579319487406098,300,151,1050,901,150,150,150,150,150,150,True,True,-260103733,modeled-pass
150,150,large-record,4096,candidate-current-npgsqlbatch-set-plus-getmultiple,True,True,300,2,99.33333333333333,38096,38096,0,6141,6150,-0.14655593551538837,300,151,1050,901,150,150,150,150,150,150,True,True,187113409,modeled-pass
150,150,large-record,4096,candidate-chunked-100-npgsqlbatch-set-plus-getmultiple,True,True,300,3,99,38096,38096,0,6141,8412,-36.980947728383,300,151,1050,901,150,150,150,150,150,150,True,True,187113409,modeled-pass
150,150,large-record,4096,candidate-single-roundtrip-npgsqlbatch-set-and-read,True,True,300,1,99.66666666666667,38096,38096,0,6141,6216,-1.2212994626282365,300,151,1050,901,150,150,150,150,150,150,True,True,187113409,modeled-pass
151,151,small-record,128,candidate-current-npgsqlbatch-set-plus-getmultiple,True,True,302,2,99.33774834437087,38096,38096,0,1123,1166,-3.8290293855743545,302,152,1057,907,151,151,151,151,151,151,True,True,1132163145,modeled-pass
151,151,small-record,128,candidate-chunked-100-npgsqlbatch-set-plus-getmultiple,True,True,302,3,99.00662251655629,38096,38096,0,1123,1219,-8.54853072128228,302,152,1057,907,151,151,151,151,151,151,True,True,1132163145,modeled-pass
151,151,small-record,128,candidate-single-roundtrip-npgsqlbatch-set-and-read,True,True,302,1,99.66887417218543,38096,38096,0,1123,1228,-9.349955476402494,302,152,1057,907,151,151,151,151,151,151,True,True,1132163145,modeled-pass
151,151,medium-record,1024,candidate-current-npgsqlbatch-set-plus-getmultiple,True,True,302,2,99.33774834437087,38096,38096,0,2192,2304,-5.109489051094891,302,152,1057,907,151,151,151,151,151,151,True,True,1922264471,modeled-pass
151,151,medium-record,1024,candidate-chunked-100-npgsqlbatch-set-plus-getmultiple,True,True,302,3,99.00662251655629,38096,38096,0,2192,2360,-7.664233576642336,302,152,1057,907,151,151,151,151,151,151,True,True,1922264471,modeled-pass
151,151,medium-record,1024,candidate-single-roundtrip-npgsqlbatch-set-and-read,True,True,302,1,99.66887417218543,38096,38096,0,2192,4345,-98.22080291970804,302,152,1057,907,151,151,151,151,151,151,True,True,1922264471,modeled-pass
151,151,large-record,4096,candidate-current-npgsqlbatch-set-plus-getmultiple,True,True,302,2,99.33774834437087,38096,38096,0,6868,6891,-0.33488642981945255,302,152,1057,907,151,151,151,151,151,151,True,True,1048812022,modeled-pass
151,151,large-record,4096,candidate-chunked-100-npgsqlbatch-set-plus-getmultiple,True,True,302,3,99.00662251655629,38096,38096,0,6868,6811,0.8299359347699475,302,152,1057,907,151,151,151,151,151,151,True,True,1048812022,modeled-pass
151,151,large-record,4096,candidate-single-roundtrip-npgsqlbatch-set-and-read,True,True,302,1,99.66887417218543,38096,38096,0,6868,6782,1.2521840419336052,302,152,1057,907,151,151,151,151,151,151,True,True,1048812022,modeled-pass
152,152,small-record,128,candidate-current-npgsqlbatch-set-plus-getmultiple,True,True,304,2,99.34210526315789,38096,38096,0,1005,909,9.552238805970148,304,153,1064,913,152,152,152,152,152,152,True,True,-1761816935,modeled-pass
152,152,small-record,128,candidate-chunked-100-npgsqlbatch-set-plus-getmultiple,True,True,304,3,99.01315789473684,38096,38096,0,1005,869,13.532338308457712,304,153,1064,913,152,152,152,152,152,152,True,True,-1761816935,modeled-pass
152,152,small-record,128,candidate-single-roundtrip-npgsqlbatch-set-and-read,True,True,304,1,99.67105263157895,38096,38096,0,1005,903,10.149253731343284,304,153,1064,913,152,152,152,152,152,152,True,True,-1761816935,modeled-pass
152,152,medium-record,1024,candidate-current-npgsqlbatch-set-plus-getmultiple,True,True,304,2,99.34210526315789,38096,38096,0,2160,1970,8.796296296296296,304,153,1064,913,152,152,152,152,152,152,True,True,516822827,modeled-pass
152,152,medium-record,1024,candidate-chunked-100-npgsqlbatch-set-plus-getmultiple,True,True,304,3,99.01315789473684,38096,38096,0,2160,1820,15.74074074074074,304,153,1064,913,152,152,152,152,152,152,True,True,516822827,modeled-pass
152,152,medium-record,1024,candidate-single-roundtrip-npgsqlbatch-set-and-read,True,True,304,1,99.67105263157895,38096,38096,0,2160,1903,11.898148148148149,304,153,1064,913,152,152,152,152,152,152,True,True,516822827,modeled-pass
152,152,large-record,4096,candidate-current-npgsqlbatch-set-plus-getmultiple,True,True,304,2,99.34210526315789,38096,38096,0,5660,5296,6.431095406360424,304,153,1064,913,152,152,152,152,152,152,True,True,1786767487,modeled-pass
152,152,large-record,4096,candidate-chunked-100-npgsqlbatch-set-plus-getmultiple,True,True,304,3,99.01315789473684,38096,38096,0,5660,5632,0.49469964664310956,304,153,1064,913,152,152,152,152,152,152,True,True,1786767487,modeled-pass
152,152,large-record,4096,candidate-single-roundtrip-npgsqlbatch-set-and-read,True,True,304,1,99.67105263157895,38096,38096,0,5660,5382,4.911660777385159,304,153,1064,913,152,152,152,152,152,152,True,True,1786767487,modeled-pass
153,153,small-record,128,candidate-current-npgsqlbatch-set-plus-getmultiple,True,True,306,2,99.34640522875817,38096,38096,0,768,768,0,306,154,1071,919,153,153,153,153,153,153,True,True,2106471064,modeled-pass
153,153,small-record,128,candidate-chunked-100-npgsqlbatch-set-plus-getmultiple,True,True,306,3,99.01960784313725,38096,38096,0,768,827,-7.682291666666667,306,154,1071,919,153,153,153,153,153,153,True,True,2106471064,modeled-pass
153,153,small-record,128,candidate-single-roundtrip-npgsqlbatch-set-and-read,True,True,306,1,99.67320261437908,38096,38096,0,768,822,-7.03125,306,154,1071,919,153,153,153,153,153,153,True,True,2106471064,modeled-pass
153,153,medium-record,1024,candidate-current-npgsqlbatch-set-plus-getmultiple,True,True,306,2,99.34640522875817,38096,38096,0,1768,1784,-0.9049773755656109,306,154,1071,919,153,153,153,153,153,153,True,True,-1792349143,modeled-pass
153,153,medium-record,1024,candidate-chunked-100-npgsqlbatch-set-plus-getmultiple,True,True,306,3,99.01960784313725,38096,38096,0,1768,1768,0,306,154,1071,919,153,153,153,153,153,153,True,True,-1792349143,modeled-pass
153,153,medium-record,1024,candidate-single-roundtrip-npgsqlbatch-set-and-read,True,True,306,1,99.67320261437908,38096,38096,0,1768,1820,-2.9411764705882355,306,154,1071,919,153,153,153,153,153,153,True,True,-1792349143,modeled-pass
153,153,large-record,4096,candidate-current-npgsqlbatch-set-plus-getmultiple,True,True,306,2,99.34640522875817,38096,38096,0,5423,7856,-44.8644661626406,306,154,1071,919,153,153,153,153,153,153,True,True,723429521,modeled-pass
153,153,large-record,4096,candidate-chunked-100-npgsqlbatch-set-plus-getmultiple,True,True,306,3,99.01960784313725,38096,38096,0,5423,5580,-2.895076525908169,306,154,1071,919,153,153,153,153,153,153,True,True,723429521,modeled-pass
153,153,large-record,4096,candidate-single-roundtrip-npgsqlbatch-set-and-read,True,True,306,1,99.67320261437908,38096,38096,0,5423,5390,0.6085192697768763,306,154,1071,919,153,153,153,153,153,153,True,True,723429521,modeled-pass
154,154,small-record,128,candidate-current-npgsqlbatch-set-plus-getmultiple,True,True,308,2,99.35064935064935,38096,38096,0,786,796,-1.272264631043257,308,155,1078,925,154,154,154,154,154,154,True,True,-1787396588,modeled-pass
154,154,small-record,128,candidate-chunked-100-npgsqlbatch-set-plus-getmultiple,True,True,308,3,99.02597402597402,38096,38096,0,786,827,-5.216284987277354,308,155,1078,925,154,154,154,154,154,154,True,True,-1787396588,modeled-pass
154,154,small-record,128,candidate-single-roundtrip-npgsqlbatch-set-and-read,True,True,308,1,99.67532467532467,38096,38096,0,786,849,-8.01526717557252,308,155,1078,925,154,154,154,154,154,154,True,True,-1787396588,modeled-pass
154,154,medium-record,1024,candidate-current-npgsqlbatch-set-plus-getmultiple,True,True,308,2,99.35064935064935,38096,38096,0,1847,1900,-2.8695181375203034,308,155,1078,925,154,154,154,154,154,154,True,True,-585857195,modeled-pass
154,154,medium-record,1024,candidate-chunked-100-npgsqlbatch-set-plus-getmultiple,True,True,308,3,99.02597402597402,38096,38096,0,1847,1880,-1.7866811044937736,308,155,1078,925,154,154,154,154,154,154,True,True,-585857195,modeled-pass
154,154,medium-record,1024,candidate-single-roundtrip-npgsqlbatch-set-and-read,True,True,308,1,99.67532467532467,38096,38096,0,1847,1930,-4.493773687060098,308,155,1078,925,154,154,154,154,154,154,True,True,-585857195,modeled-pass
154,154,large-record,4096,candidate-current-npgsqlbatch-set-plus-getmultiple,True,True,308,2,99.35064935064935,38096,38096,0,5563,6077,-9.239618910659717,308,155,1078,925,154,154,154,154,154,154,True,True,705468184,modeled-pass
154,154,large-record,4096,candidate-chunked-100-npgsqlbatch-set-plus-getmultiple,True,True,308,3,99.02597402597402,38096,38096,0,5563,5832,-4.835520402660435,308,155,1078,925,154,154,154,154,154,154,True,True,705468184,modeled-pass
154,154,large-record,4096,candidate-single-roundtrip-npgsqlbatch-set-and-read,True,True,308,1,99.67532467532467,38096,38096,0,5563,5514,0.8808197015998562,308,155,1078,925,154,154,154,154,154,154,True,True,705468184,modeled-pass
155,155,small-record,128,candidate-current-npgsqlbatch-set-plus-getmultiple,True,True,310,2,99.35483870967742,38096,38096,0,847,808,4.6044864226682405,310,156,1085,931,155,155,155,155,155,155,True,True,-1875527680,modeled-pass
155,155,small-record,128,candidate-chunked-100-npgsqlbatch-set-plus-getmultiple,True,True,310,3,99.03225806451613,38096,38096,0,847,803,5.194805194805195,310,156,1085,931,155,155,155,155,155,155,True,True,-1875527680,modeled-pass
155,155,small-record,128,candidate-single-roundtrip-npgsqlbatch-set-and-read,True,True,310,1,99.6774193548387,38096,38096,0,847,912,-7.674144037780401,310,156,1085,931,155,155,155,155,155,155,True,True,-1875527680,modeled-pass
155,155,medium-record,1024,candidate-current-npgsqlbatch-set-plus-getmultiple,True,True,310,2,99.35483870967742,38096,38096,0,1799,2016,-12.062256809338521,310,156,1085,931,155,155,155,155,155,155,True,True,-486343048,modeled-pass
155,155,medium-record,1024,candidate-chunked-100-npgsqlbatch-set-plus-getmultiple,True,True,310,3,99.03225806451613,38096,38096,0,1799,1916,-6.503613118399111,310,156,1085,931,155,155,155,155,155,155,True,True,-486343048,modeled-pass
155,155,medium-record,1024,candidate-single-roundtrip-npgsqlbatch-set-and-read,True,True,310,1,99.6774193548387,38096,38096,0,1799,1932,-7.392996108949417,310,156,1085,931,155,155,155,155,155,155,True,True,-486343048,modeled-pass
155,155,large-record,4096,candidate-current-npgsqlbatch-set-plus-getmultiple,True,True,310,2,99.35483870967742,38096,38096,0,5897,5435,7.83449211463456,310,156,1085,931,155,155,155,155,155,155,True,True,727332765,modeled-pass
155,155,large-record,4096,candidate-chunked-100-npgsqlbatch-set-plus-getmultiple,True,True,310,3,99.03225806451613,38096,38096,0,5897,5978,-1.3735797863320331,310,156,1085,931,155,155,155,155,155,155,True,True,727332765,modeled-pass
155,155,large-record,4096,candidate-single-roundtrip-npgsqlbatch-set-and-read,True,True,310,1,99.6774193548387,38096,38096,0,5897,5468,7.274885535017805,310,156,1085,931,155,155,155,155,155,155,True,True,727332765,modeled-pass
156,156,small-record,128,candidate-current-npgsqlbatch-set-plus-getmultiple,True,True,312,2,99.35897435897436,38096,38096,0,854,1028,-20.374707259953162,312,157,1092,937,156,156,156,156,156,156,True,True,409199769,modeled-pass
156,156,small-record,128,candidate-chunked-100-npgsqlbatch-set-plus-getmultiple,True,True,312,3,99.03846153846153,38096,38096,0,854,837,1.990632318501171,312,157,1092,937,156,156,156,156,156,156,True,True,409199769,modeled-pass
156,156,small-record,128,candidate-single-roundtrip-npgsqlbatch-set-and-read,True,True,312,1,99.67948717948718,38096,38096,0,854,811,5.035128805620609,312,157,1092,937,156,156,156,156,156,156,True,True,409199769,modeled-pass
156,156,medium-record,1024,candidate-current-npgsqlbatch-set-plus-getmultiple,True,True,312,2,99.35897435897436,38096,38096,0,1666,1771,-6.302521008403361,312,157,1092,937,156,156,156,156,156,156,True,True,1170692289,modeled-pass
156,156,medium-record,1024,candidate-chunked-100-npgsqlbatch-set-plus-getmultiple,True,True,312,3,99.03846153846153,38096,38096,0,1666,1798,-7.923169267707083,312,157,1092,937,156,156,156,156,156,156,True,True,1170692289,modeled-pass
156,156,medium-record,1024,candidate-single-roundtrip-npgsqlbatch-set-and-read,True,True,312,1,99.67948717948718,38096,38096,0,1666,1821,-9.303721488595437,312,157,1092,937,156,156,156,156,156,156,True,True,1170692289,modeled-pass
156,156,large-record,4096,candidate-current-npgsqlbatch-set-plus-getmultiple,True,True,312,2,99.35897435897436,38096,38096,0,5414,5587,-3.1954192833394903,312,157,1092,937,156,156,156,156,156,156,True,True,1520351543,modeled-pass
156,156,large-record,4096,candidate-chunked-100-npgsqlbatch-set-plus-getmultiple,True,True,312,3,99.03846153846153,38096,38096,0,5414,5538,-2.290358330254895,312,157,1092,937,156,156,156,156,156,156,True,True,1520351543,modeled-pass
156,156,large-record,4096,candidate-single-roundtrip-npgsqlbatch-set-and-read,True,True,312,1,99.67948717948718,38096,38096,0,5414,5654,-4.4329516069449575,312,157,1092,937,156,156,156,156,156,156,True,True,1520351543,modeled-pass
157,157,small-record,128,candidate-current-npgsqlbatch-set-plus-getmultiple,True,True,314,2,99.36305732484077,38096,38096,0,872,855,1.9495412844036697,314,158,1099,943,157,157,157,157,157,157,True,True,1906167218,modeled-pass
157,157,small-record,128,candidate-chunked-100-npgsqlbatch-set-plus-getmultiple,True,True,314,3,99.04458598726114,38096,38096,0,872,810,7.110091743119266,314,158,1099,943,157,157,157,157,157,157,True,True,1906167218,modeled-pass
157,157,small-record,128,candidate-single-roundtrip-npgsqlbatch-set-and-read,True,True,314,1,99.68152866242038,38096,38096,0,872,784,10.091743119266056,314,158,1099,943,157,157,157,157,157,157,True,True,1906167218,modeled-pass
157,157,medium-record,1024,candidate-current-npgsqlbatch-set-plus-getmultiple,True,True,314,2,99.36305732484077,38096,38096,0,2032,1799,11.466535433070867,314,158,1099,943,157,157,157,157,157,157,True,True,1969632604,modeled-pass
157,157,medium-record,1024,candidate-chunked-100-npgsqlbatch-set-plus-getmultiple,True,True,314,3,99.04458598726114,38096,38096,0,2032,2144,-5.511811023622047,314,158,1099,943,157,157,157,157,157,157,True,True,1969632604,modeled-pass
157,157,medium-record,1024,candidate-single-roundtrip-npgsqlbatch-set-and-read,True,True,314,1,99.68152866242038,38096,38096,0,2032,1898,6.594488188976378,314,158,1099,943,157,157,157,157,157,157,True,True,1969632604,modeled-pass
157,157,large-record,4096,candidate-current-npgsqlbatch-set-plus-getmultiple,True,True,314,2,99.36305732484077,38096,38096,0,5624,5416,3.6984352773826457,314,158,1099,943,157,157,157,157,157,157,True,True,-760444425,modeled-pass
157,157,large-record,4096,candidate-chunked-100-npgsqlbatch-set-plus-getmultiple,True,True,314,3,99.04458598726114,38096,38096,0,5624,5501,2.1870554765291605,314,158,1099,943,157,157,157,157,157,157,True,True,-760444425,modeled-pass
157,157,large-record,4096,candidate-single-roundtrip-npgsqlbatch-set-and-read,True,True,314,1,99.68152866242038,38096,38096,0,5624,6141,-9.192745376955903,314,158,1099,943,157,157,157,157,157,157,True,True,-760444425,modeled-pass
158,158,small-record,128,candidate-current-npgsqlbatch-set-plus-getmultiple,True,True,316,2,99.36708860759494,38096,38096,0,850,914,-7.529411764705882,316,159,1106,949,158,158,158,158,158,158,True,True,526973934,modeled-pass
158,158,small-record,128,candidate-chunked-100-npgsqlbatch-set-plus-getmultiple,True,True,316,3,99.0506329113924,38096,38096,0,850,893,-5.0588235294117645,316,159,1106,949,158,158,158,158,158,158,True,True,526973934,modeled-pass
158,158,small-record,128,candidate-single-roundtrip-npgsqlbatch-set-and-read,True,True,316,1,99.68354430379746,38096,38096,0,850,1022,-20.235294117647058,316,159,1106,949,158,158,158,158,158,158,True,True,526973934,modeled-pass
158,158,medium-record,1024,candidate-current-npgsqlbatch-set-plus-getmultiple,True,True,316,2,99.36708860759494,38096,38096,0,1867,2014,-7.873594001071237,316,159,1106,949,158,158,158,158,158,158,True,True,1931385944,modeled-pass
158,158,medium-record,1024,candidate-chunked-100-npgsqlbatch-set-plus-getmultiple,True,True,316,3,99.0506329113924,38096,38096,0,1867,1830,1.9817889662560257,316,159,1106,949,158,158,158,158,158,158,True,True,1931385944,modeled-pass
158,158,medium-record,1024,candidate-single-roundtrip-npgsqlbatch-set-and-read,True,True,316,1,99.68354430379746,38096,38096,0,1867,1854,0.6963042313872523,316,159,1106,949,158,158,158,158,158,158,True,True,1931385944,modeled-pass
158,158,large-record,4096,candidate-current-npgsqlbatch-set-plus-getmultiple,True,True,316,2,99.36708860759494,38096,38096,0,5653,5729,-1.3444188926233858,316,159,1106,949,158,158,158,158,158,158,True,True,-1814392133,modeled-pass
158,158,large-record,4096,candidate-chunked-100-npgsqlbatch-set-plus-getmultiple,True,True,316,3,99.0506329113924,38096,38096,0,5653,5736,-1.4682469485229082,316,159,1106,949,158,158,158,158,158,158,True,True,-1814392133,modeled-pass
158,158,large-record,4096,candidate-single-roundtrip-npgsqlbatch-set-and-read,True,True,316,1,99.68354430379746,38096,38096,0,5653,5646,0.12382805589952238,316,159,1106,949,158,158,158,158,158,158,True,True,-1814392133,modeled-pass
159,159,small-record,128,candidate-current-npgsqlbatch-set-plus-getmultiple,True,True,318,2,99.37106918238993,38096,38096,0,988,829,16.09311740890688,318,160,1113,955,159,159,159,159,159,159,True,True,1699090973,modeled-pass
159,159,small-record,128,candidate-chunked-100-npgsqlbatch-set-plus-getmultiple,True,True,318,3,99.05660377358491,38096,38096,0,988,824,16.59919028340081,318,160,1113,955,159,159,159,159,159,159,True,True,1699090973,modeled-pass
159,159,small-record,128,candidate-single-roundtrip-npgsqlbatch-set-and-read,True,True,318,1,99.68553459119497,38096,38096,0,988,829,16.09311740890688,318,160,1113,955,159,159,159,159,159,159,True,True,1699090973,modeled-pass
159,159,medium-record,1024,candidate-current-npgsqlbatch-set-plus-getmultiple,True,True,318,2,99.37106918238993,38096,38096,0,1783,1685,5.496354458777342,318,160,1113,955,159,159,159,159,159,159,True,True,-1726256855,modeled-pass
159,159,medium-record,1024,candidate-chunked-100-npgsqlbatch-set-plus-getmultiple,True,True,318,3,99.05660377358491,38096,38096,0,1783,1651,7.403252944475603,318,160,1113,955,159,159,159,159,159,159,True,True,-1726256855,modeled-pass
159,159,medium-record,1024,candidate-single-roundtrip-npgsqlbatch-set-and-read,True,True,318,1,99.68553459119497,38096,38096,0,1783,1716,3.757711721817162,318,160,1113,955,159,159,159,159,159,159,True,True,-1726256855,modeled-pass
159,159,large-record,4096,candidate-current-npgsqlbatch-set-plus-getmultiple,True,True,318,2,99.37106918238993,38096,38096,0,5267,5214,1.0062654262388457,318,160,1113,955,159,159,159,159,159,159,True,True,-624209502,modeled-pass
159,159,large-record,4096,candidate-chunked-100-npgsqlbatch-set-plus-getmultiple,True,True,318,3,99.05660377358491,38096,38096,0,5267,5288,-0.39870894247199545,318,160,1113,955,159,159,159,159,159,159,True,True,-624209502,modeled-pass
159,159,large-record,4096,candidate-single-roundtrip-npgsqlbatch-set-and-read,True,True,318,1,99.68553459119497,38096,38096,0,5267,5216,0.9682931460034175,318,160,1113,955,159,159,159,159,159,159,True,True,-624209502,modeled-pass
160,160,small-record,128,candidate-current-npgsqlbatch-set-plus-getmultiple,True,True,320,2,99.375,38096,38096,0,640,667,-4.21875,320,161,1120,961,160,160,160,160,160,160,True,True,-1144330591,modeled-pass
160,160,small-record,128,candidate-chunked-100-npgsqlbatch-set-plus-getmultiple,True,True,320,3,99.0625,38096,38096,0,640,675,-5.46875,320,161,1120,961,160,160,160,160,160,160,True,True,-1144330591,modeled-pass
160,160,small-record,128,candidate-single-roundtrip-npgsqlbatch-set-and-read,True,True,320,1,99.6875,38096,38096,0,640,702,-9.6875,320,161,1120,961,160,160,160,160,160,160,True,True,-1144330591,modeled-pass
160,160,medium-record,1024,candidate-current-npgsqlbatch-set-plus-getmultiple,True,True,320,2,99.375,38096,38096,0,1658,1680,-1.3268998793727382,320,161,1120,961,160,160,160,160,160,160,True,True,-797489420,modeled-pass
160,160,medium-record,1024,candidate-chunked-100-npgsqlbatch-set-plus-getmultiple,True,True,320,3,99.0625,38096,38096,0,1658,1679,-1.2665862484921593,320,161,1120,961,160,160,160,160,160,160,True,True,-797489420,modeled-pass
160,160,medium-record,1024,candidate-single-roundtrip-npgsqlbatch-set-and-read,True,True,320,1,99.6875,38096,38096,0,1658,1670,-0.7237635705669482,320,161,1120,961,160,160,160,160,160,160,True,True,-797489420,modeled-pass
160,160,large-record,4096,candidate-current-npgsqlbatch-set-plus-getmultiple,True,True,320,2,99.375,38096,38096,0,5473,7261,-32.66946829892198,320,161,1120,961,160,160,160,160,160,160,True,True,-1950399604,modeled-pass
160,160,large-record,4096,candidate-chunked-100-npgsqlbatch-set-plus-getmultiple,True,True,320,3,99.0625,38096,38096,0,5473,5304,3.0878859857482186,320,161,1120,961,160,160,160,160,160,160,True,True,-1950399604,modeled-pass
160,160,large-record,4096,candidate-single-roundtrip-npgsqlbatch-set-and-read,True,True,320,1,99.6875,38096,38096,0,5473,5413,1.0962908825141604,320,161,1120,961,160,160,160,160,160,160,True,True,-1950399604,modeled-pass
161,161,small-record,128,candidate-current-npgsqlbatch-set-plus-getmultiple,True,True,322,2,99.37888198757764,38096,38096,0,687,710,-3.3478893740902476,322,162,1127,967,161,161,161,161,161,161,True,True,-1833189884,modeled-pass
161,161,small-record,128,candidate-chunked-100-npgsqlbatch-set-plus-getmultiple,True,True,322,3,99.06832298136646,38096,38096,0,687,682,0.727802037845706,322,162,1127,967,161,161,161,161,161,161,True,True,-1833189884,modeled-pass
161,161,small-record,128,candidate-single-roundtrip-npgsqlbatch-set-and-read,True,True,322,1,99.68944099378882,38096,38096,0,687,736,-7.132459970887918,322,162,1127,967,161,161,161,161,161,161,True,True,-1833189884,modeled-pass
161,161,medium-record,1024,candidate-current-npgsqlbatch-set-plus-getmultiple,True,True,322,2,99.37888198757764,38096,38096,0,1689,1712,-1.3617525162818236,322,162,1127,967,161,161,161,161,161,161,True,True,1367480054,modeled-pass
161,161,medium-record,1024,candidate-chunked-100-npgsqlbatch-set-plus-getmultiple,True,True,322,3,99.06832298136646,38096,38096,0,1689,1719,-1.7761989342806395,322,162,1127,967,161,161,161,161,161,161,True,True,1367480054,modeled-pass
161,161,medium-record,1024,candidate-single-roundtrip-npgsqlbatch-set-and-read,True,True,322,1,99.68944099378882,38096,38096,0,1689,1725,-2.1314387211367674,322,162,1127,967,161,161,161,161,161,161,True,True,1367480054,modeled-pass
161,161,large-record,4096,candidate-current-npgsqlbatch-set-plus-getmultiple,True,True,322,2,99.37888198757764,38096,38096,0,7345,5441,25.922396187882914,322,162,1127,967,161,161,161,161,161,161,True,True,-1388220525,modeled-pass
161,161,large-record,4096,candidate-chunked-100-npgsqlbatch-set-plus-getmultiple,True,True,322,3,99.06832298136646,38096,38096,0,7345,5402,26.453369639210347,322,162,1127,967,161,161,161,161,161,161,True,True,-1388220525,modeled-pass
161,161,large-record,4096,candidate-single-roundtrip-npgsqlbatch-set-and-read,True,True,322,1,99.68944099378882,38096,38096,0,7345,5499,25.13274336283186,322,162,1127,967,161,161,161,161,161,161,True,True,-1388220525,modeled-pass
162,162,small-record,128,candidate-current-npgsqlbatch-set-plus-getmultiple,True,True,324,2,99.38271604938272,38096,38096,0,684,705,-3.0701754385964914,324,163,1134,973,162,162,162,162,162,162,True,True,-1872011833,modeled-pass
162,162,small-record,128,candidate-chunked-100-npgsqlbatch-set-plus-getmultiple,True,True,324,3,99.07407407407408,38096,38096,0,684,714,-4.385964912280702,324,163,1134,973,162,162,162,162,162,162,True,True,-1872011833,modeled-pass
162,162,small-record,128,candidate-single-roundtrip-npgsqlbatch-set-and-read,True,True,324,1,99.69135802469135,38096,38096,0,684,702,-2.6315789473684212,324,163,1134,973,162,162,162,162,162,162,True,True,-1872011833,modeled-pass
162,162,medium-record,1024,candidate-current-npgsqlbatch-set-plus-getmultiple,True,True,324,2,99.38271604938272,38096,38096,0,1664,1679,-0.9014423076923077,324,163,1134,973,162,162,162,162,162,162,True,True,-549903357,modeled-pass
162,162,medium-record,1024,candidate-chunked-100-npgsqlbatch-set-plus-getmultiple,True,True,324,3,99.07407407407408,38096,38096,0,1664,1702,-2.2836538461538463,324,163,1134,973,162,162,162,162,162,162,True,True,-549903357,modeled-pass
162,162,medium-record,1024,candidate-single-roundtrip-npgsqlbatch-set-and-read,True,True,324,1,99.69135802469135,38096,38096,0,1664,1694,-1.8028846153846154,324,163,1134,973,162,162,162,162,162,162,True,True,-549903357,modeled-pass
162,162,large-record,4096,candidate-current-npgsqlbatch-set-plus-getmultiple,True,True,324,2,99.38271604938272,38096,38096,0,5182,5599,-8.047086067155538,324,163,1134,973,162,162,162,162,162,162,True,True,-2141653792,modeled-pass
162,162,large-record,4096,candidate-chunked-100-npgsqlbatch-set-plus-getmultiple,True,True,324,3,99.07407407407408,38096,38096,0,5182,5061,2.335005789270552,324,163,1134,973,162,162,162,162,162,162,True,True,-2141653792,modeled-pass
162,162,large-record,4096,candidate-single-roundtrip-npgsqlbatch-set-and-read,True,True,324,1,99.69135802469135,38096,38096,0,5182,5419,-4.573523736009263,324,163,1134,973,162,162,162,162,162,162,True,True,-2141653792,modeled-pass
163,163,small-record,128,candidate-current-npgsqlbatch-set-plus-getmultiple,True,True,326,2,99.38650306748467,38096,38096,0,650,711,-9.384615384615385,326,164,1141,979,163,163,163,163,163,163,True,True,1543115942,modeled-pass
163,163,small-record,128,candidate-chunked-100-npgsqlbatch-set-plus-getmultiple,True,True,326,3,99.079754601227,38096,38096,0,650,697,-7.230769230769231,326,164,1141,979,163,163,163,163,163,163,True,True,1543115942,modeled-pass
163,163,small-record,128,candidate-single-roundtrip-npgsqlbatch-set-and-read,True,True,326,1,99.69325153374233,38096,38096,0,650,744,-14.461538461538462,326,164,1141,979,163,163,163,163,163,163,True,True,1543115942,modeled-pass
163,163,medium-record,1024,candidate-current-npgsqlbatch-set-plus-getmultiple,True,True,326,2,99.38650306748467,38096,38096,0,1672,1619,3.1698564593301435,326,164,1141,979,163,163,163,163,163,163,True,True,-2048862614,modeled-pass
163,163,medium-record,1024,candidate-chunked-100-npgsqlbatch-set-plus-getmultiple,True,True,326,3,99.079754601227,38096,38096,0,1672,1596,4.545454545454546,326,164,1141,979,163,163,163,163,163,163,True,True,-2048862614,modeled-pass
163,163,medium-record,1024,candidate-single-roundtrip-npgsqlbatch-set-and-read,True,True,326,1,99.69325153374233,38096,38096,0,1672,1668,0.23923444976076555,326,164,1141,979,163,163,163,163,163,163,True,True,-2048862614,modeled-pass
163,163,large-record,4096,candidate-current-npgsqlbatch-set-plus-getmultiple,True,True,326,2,99.38650306748467,38096,38096,0,4915,5006,-1.8514750762970498,326,164,1141,979,163,163,163,163,163,163,True,True,-1801548624,modeled-pass
163,163,large-record,4096,candidate-chunked-100-npgsqlbatch-set-plus-getmultiple,True,True,326,3,99.079754601227,38096,38096,0,4915,6187,-25.879959308240082,326,164,1141,979,163,163,163,163,163,163,True,True,-1801548624,modeled-pass
163,163,large-record,4096,candidate-single-roundtrip-npgsqlbatch-set-and-read,True,True,326,1,99.69325153374233,38096,38096,0,4915,5003,-1.7904374364191251,326,164,1141,979,163,163,163,163,163,163,True,True,-1801548624,modeled-pass
164,164,small-record,128,candidate-current-npgsqlbatch-set-plus-getmultiple,True,True,328,2,99.39024390243902,45712,45712,0,640,664,-3.75,328,165,1148,985,164,164,164,164,164,164,True,True,978937216,modeled-pass
164,164,small-record,128,candidate-chunked-100-npgsqlbatch-set-plus-getmultiple,True,True,328,3,99.08536585365853,45712,45712,0,640,686,-7.1875,328,165,1148,985,164,164,164,164,164,164,True,True,978937216,modeled-pass
164,164,small-record,128,candidate-single-roundtrip-npgsqlbatch-set-and-read,True,True,328,1,99.6951219512195,45712,45712,0,640,782,-22.1875,328,165,1148,985,164,164,164,164,164,164,True,True,978937216,modeled-pass
164,164,medium-record,1024,candidate-current-npgsqlbatch-set-plus-getmultiple,True,True,328,2,99.39024390243902,45712,45712,0,1819,1922,-5.662451896646509,328,165,1148,985,164,164,164,164,164,164,True,True,777203608,modeled-pass
164,164,medium-record,1024,candidate-chunked-100-npgsqlbatch-set-plus-getmultiple,True,True,328,3,99.08536585365853,45712,45712,0,1819,1924,-5.77240241891149,328,165,1148,985,164,164,164,164,164,164,True,True,777203608,modeled-pass
164,164,medium-record,1024,candidate-single-roundtrip-npgsqlbatch-set-and-read,True,True,328,1,99.6951219512195,45712,45712,0,1819,1898,-4.34304562946674,328,165,1148,985,164,164,164,164,164,164,True,True,777203608,modeled-pass
164,164,large-record,4096,candidate-current-npgsqlbatch-set-plus-getmultiple,True,True,328,2,99.39024390243902,45712,45712,0,5990,5930,1.001669449081803,328,165,1148,985,164,164,164,164,164,164,True,True,-556626012,modeled-pass
164,164,large-record,4096,candidate-chunked-100-npgsqlbatch-set-plus-getmultiple,True,True,328,3,99.08536585365853,45712,45712,0,5990,6068,-1.3021702838063438,328,165,1148,985,164,164,164,164,164,164,True,True,-556626012,modeled-pass
164,164,large-record,4096,candidate-single-roundtrip-npgsqlbatch-set-and-read,True,True,328,1,99.6951219512195,45712,45712,0,5990,5958,0.5342237061769616,328,165,1148,985,164,164,164,164,164,164,True,True,-556626012,modeled-pass
165,165,small-record,128,candidate-current-npgsqlbatch-set-plus-getmultiple,True,True,330,2,99.39393939393939,45712,45712,0,803,976,-21.54420921544209,330,166,1155,991,165,165,165,165,165,165,True,True,-1063365545,modeled-pass
165,165,small-record,128,candidate-chunked-100-npgsqlbatch-set-plus-getmultiple,True,True,330,3,99.0909090909091,45712,45712,0,803,896,-11.581569115815691,330,166,1155,991,165,165,165,165,165,165,True,True,-1063365545,modeled-pass
165,165,small-record,128,candidate-single-roundtrip-npgsqlbatch-set-and-read,True,True,330,1,99.6969696969697,45712,45712,0,803,1004,-25.03113325031133,330,166,1155,991,165,165,165,165,165,165,True,True,-1063365545,modeled-pass
165,165,medium-record,1024,candidate-current-npgsqlbatch-set-plus-getmultiple,True,True,330,2,99.39393939393939,45712,45712,0,2152,1908,11.338289962825279,330,166,1155,991,165,165,165,165,165,165,True,True,45558065,modeled-pass
165,165,medium-record,1024,candidate-chunked-100-npgsqlbatch-set-plus-getmultiple,True,True,330,3,99.0909090909091,45712,45712,0,2152,1987,7.66728624535316,330,166,1155,991,165,165,165,165,165,165,True,True,45558065,modeled-pass
165,165,medium-record,1024,candidate-single-roundtrip-npgsqlbatch-set-and-read,True,True,330,1,99.6969696969697,45712,45712,0,2152,1963,8.782527881040892,330,166,1155,991,165,165,165,165,165,165,True,True,45558065,modeled-pass
165,165,large-record,4096,candidate-current-npgsqlbatch-set-plus-getmultiple,True,True,330,2,99.39393939393939,45712,45712,0,6455,6231,3.4701781564678544,330,166,1155,991,165,165,165,165,165,165,True,True,-2021045374,modeled-pass
165,165,large-record,4096,candidate-chunked-100-npgsqlbatch-set-plus-getmultiple,True,True,330,3,99.0909090909091,45712,45712,0,6455,5851,9.35708752904725,330,166,1155,991,165,165,165,165,165,165,True,True,-2021045374,modeled-pass
165,165,large-record,4096,candidate-single-roundtrip-npgsqlbatch-set-and-read,True,True,330,1,99.6969696969697,45712,45712,0,6455,6364,1.4097598760650658,330,166,1155,991,165,165,165,165,165,165,True,True,-2021045374,modeled-pass
166,166,small-record,128,candidate-current-npgsqlbatch-set-plus-getmultiple,True,True,332,2,99.39759036144578,45712,45712,0,1203,921,23.44139650872818,332,167,1162,997,166,166,166,166,166,166,True,True,-991240363,modeled-pass
166,166,small-record,128,candidate-chunked-100-npgsqlbatch-set-plus-getmultiple,True,True,332,3,99.09638554216868,45712,45712,0,1203,893,25.768911055694097,332,167,1162,997,166,166,166,166,166,166,True,True,-991240363,modeled-pass
166,166,small-record,128,candidate-single-roundtrip-npgsqlbatch-set-and-read,True,True,332,1,99.6987951807229,45712,45712,0,1203,1769,-47.049044056525354,332,167,1162,997,166,166,166,166,166,166,True,True,-991240363,modeled-pass
166,166,medium-record,1024,candidate-current-npgsqlbatch-set-plus-getmultiple,True,True,332,2,99.39759036144578,45712,45712,0,2501,2120,15.23390643742503,332,167,1162,997,166,166,166,166,166,166,True,True,-435569798,modeled-pass
166,166,medium-record,1024,candidate-chunked-100-npgsqlbatch-set-plus-getmultiple,True,True,332,3,99.09638554216868,45712,45712,0,2501,2863,-14.47421031587365,332,167,1162,997,166,166,166,166,166,166,True,True,-435569798,modeled-pass
166,166,medium-record,1024,candidate-single-roundtrip-npgsqlbatch-set-and-read,True,True,332,1,99.6987951807229,45712,45712,0,2501,3043,-21.671331467413033,332,167,1162,997,166,166,166,166,166,166,True,True,-435569798,modeled-pass
166,166,large-record,4096,candidate-current-npgsqlbatch-set-plus-getmultiple,True,True,332,2,99.39759036144578,45712,45712,0,7642,6049,20.84532844805025,332,167,1162,997,166,166,166,166,166,166,True,True,-1066590133,modeled-pass
166,166,large-record,4096,candidate-chunked-100-npgsqlbatch-set-plus-getmultiple,True,True,332,3,99.09638554216868,45712,45712,0,7642,6181,19.118031928814446,332,167,1162,997,166,166,166,166,166,166,True,True,-1066590133,modeled-pass
166,166,large-record,4096,candidate-single-roundtrip-npgsqlbatch-set-and-read,True,True,332,1,99.6987951807229,45712,45712,0,7642,6004,21.434179534153362,332,167,1162,997,166,166,166,166,166,166,True,True,-1066590133,modeled-pass
167,167,small-record,128,candidate-current-npgsqlbatch-set-plus-getmultiple,True,True,334,2,99.40119760479043,45712,45712,0,847,966,-14.049586776859504,334,168,1169,1003,167,167,167,167,167,167,True,True,889212857,modeled-pass
167,167,small-record,128,candidate-chunked-100-npgsqlbatch-set-plus-getmultiple,True,True,334,3,99.10179640718563,45712,45712,0,847,900,-6.257378984651712,334,168,1169,1003,167,167,167,167,167,167,True,True,889212857,modeled-pass
167,167,small-record,128,candidate-single-roundtrip-npgsqlbatch-set-and-read,True,True,334,1,99.7005988023952,45712,45712,0,847,975,-15.112160566706022,334,168,1169,1003,167,167,167,167,167,167,True,True,889212857,modeled-pass
167,167,medium-record,1024,candidate-current-npgsqlbatch-set-plus-getmultiple,True,True,334,2,99.40119760479043,45712,45712,0,2260,2661,-17.743362831858406,334,168,1169,1003,167,167,167,167,167,167,True,True,-431102152,modeled-pass
167,167,medium-record,1024,candidate-chunked-100-npgsqlbatch-set-plus-getmultiple,True,True,334,3,99.10179640718563,45712,45712,0,2260,2048,9.380530973451327,334,168,1169,1003,167,167,167,167,167,167,True,True,-431102152,modeled-pass
167,167,medium-record,1024,candidate-single-roundtrip-npgsqlbatch-set-and-read,True,True,334,1,99.7005988023952,45712,45712,0,2260,2554,-13.008849557522124,334,168,1169,1003,167,167,167,167,167,167,True,True,-431102152,modeled-pass
167,167,large-record,4096,candidate-current-npgsqlbatch-set-plus-getmultiple,True,True,334,2,99.40119760479043,45712,45712,0,5756,5901,-2.5191104933981934,334,168,1169,1003,167,167,167,167,167,167,True,True,1874730827,modeled-pass
167,167,large-record,4096,candidate-chunked-100-npgsqlbatch-set-plus-getmultiple,True,True,334,3,99.10179640718563,45712,45712,0,5756,5824,-1.18137595552467,334,168,1169,1003,167,167,167,167,167,167,True,True,1874730827,modeled-pass
167,167,large-record,4096,candidate-single-roundtrip-npgsqlbatch-set-and-read,True,True,334,1,99.7005988023952,45712,45712,0,5756,5813,-0.990271021542738,334,168,1169,1003,167,167,167,167,167,167,True,True,1874730827,modeled-pass
168,168,small-record,128,candidate-current-npgsqlbatch-set-plus-getmultiple,True,True,336,2,99.4047619047619,45712,45712,0,976,877,10.14344262295082,336,169,1176,1009,168,168,168,168,168,168,True,True,-949233888,modeled-pass
168,168,small-record,128,candidate-chunked-100-npgsqlbatch-set-plus-getmultiple,True,True,336,3,99.10714285714286,45712,45712,0,976,883,9.528688524590164,336,169,1176,1009,168,168,168,168,168,168,True,True,-949233888,modeled-pass
168,168,small-record,128,candidate-single-roundtrip-npgsqlbatch-set-and-read,True,True,336,1,99.70238095238095,45712,45712,0,976,1013,-3.790983606557377,336,169,1176,1009,168,168,168,168,168,168,True,True,-949233888,modeled-pass
168,168,medium-record,1024,candidate-current-npgsqlbatch-set-plus-getmultiple,True,True,336,2,99.4047619047619,45712,45712,0,1916,2260,-17.954070981210855,336,169,1176,1009,168,168,168,168,168,168,True,True,1208233733,modeled-pass
168,168,medium-record,1024,candidate-chunked-100-npgsqlbatch-set-plus-getmultiple,True,True,336,3,99.10714285714286,45712,45712,0,1916,2066,-7.828810020876826,336,169,1176,1009,168,168,168,168,168,168,True,True,1208233733,modeled-pass
168,168,medium-record,1024,candidate-single-roundtrip-npgsqlbatch-set-and-read,True,True,336,1,99.70238095238095,45712,45712,0,1916,2039,-6.419624217118998,336,169,1176,1009,168,168,168,168,168,168,True,True,1208233733,modeled-pass
168,168,large-record,4096,candidate-current-npgsqlbatch-set-plus-getmultiple,True,True,336,2,99.4047619047619,45712,45712,0,6150,6447,-4.829268292682927,336,169,1176,1009,168,168,168,168,168,168,True,True,857549494,modeled-pass
168,168,large-record,4096,candidate-chunked-100-npgsqlbatch-set-plus-getmultiple,True,True,336,3,99.10714285714286,45712,45712,0,6150,7722,-25.5609756097561,336,169,1176,1009,168,168,168,168,168,168,True,True,857549494,modeled-pass
168,168,large-record,4096,candidate-single-roundtrip-npgsqlbatch-set-and-read,True,True,336,1,99.70238095238095,45712,45712,0,6150,6523,-6.065040650406504,336,169,1176,1009,168,168,168,168,168,168,True,True,857549494,modeled-pass
169,169,small-record,128,candidate-current-npgsqlbatch-set-plus-getmultiple,True,True,338,2,99.40828402366864,45712,45712,0,1026,1082,-5.458089668615984,338,170,1183,1015,169,169,169,169,169,169,True,True,-1201295686,modeled-pass
169,169,small-record,128,candidate-chunked-100-npgsqlbatch-set-plus-getmultiple,True,True,338,3,99.11242603550296,45712,45712,0,1026,897,12.573099415204679,338,170,1183,1015,169,169,169,169,169,169,True,True,-1201295686,modeled-pass
169,169,small-record,128,candidate-single-roundtrip-npgsqlbatch-set-and-read,True,True,338,1,99.70414201183432,45712,45712,0,1026,908,11.500974658869396,338,170,1183,1015,169,169,169,169,169,169,True,True,-1201295686,modeled-pass
169,169,medium-record,1024,candidate-current-npgsqlbatch-set-plus-getmultiple,True,True,338,2,99.40828402366864,45712,45712,0,2637,2188,17.02692453545696,338,170,1183,1015,169,169,169,169,169,169,True,True,371571632,modeled-pass
169,169,medium-record,1024,candidate-chunked-100-npgsqlbatch-set-plus-getmultiple,True,True,338,3,99.11242603550296,45712,45712,0,2637,2576,2.3132347364429275,338,170,1183,1015,169,169,169,169,169,169,True,True,371571632,modeled-pass
169,169,medium-record,1024,candidate-single-roundtrip-npgsqlbatch-set-and-read,True,True,338,1,99.70414201183432,45712,45712,0,2637,2010,23.77701934015927,338,170,1183,1015,169,169,169,169,169,169,True,True,371571632,modeled-pass
169,169,large-record,4096,candidate-current-npgsqlbatch-set-plus-getmultiple,True,True,338,2,99.40828402366864,45712,45712,0,5912,6686,-13.092016238159676,338,170,1183,1015,169,169,169,169,169,169,True,True,-1266512834,modeled-pass
169,169,large-record,4096,candidate-chunked-100-npgsqlbatch-set-plus-getmultiple,True,True,338,3,99.11242603550296,45712,45712,0,5912,5889,0.38903924221921515,338,170,1183,1015,169,169,169,169,169,169,True,True,-1266512834,modeled-pass
169,169,large-record,4096,candidate-single-roundtrip-npgsqlbatch-set-and-read,True,True,338,1,99.70414201183432,45712,45712,0,5912,6804,-15.087956698240866,338,170,1183,1015,169,169,169,169,169,169,True,True,-1266512834,modeled-pass
170,170,small-record,128,candidate-current-npgsqlbatch-set-plus-getmultiple,True,True,340,2,99.41176470588235,45712,45712,0,1273,1208,5.106048703849175,340,171,1190,1021,170,170,170,170,170,170,True,True,1557630580,modeled-pass
170,170,small-record,128,candidate-chunked-100-npgsqlbatch-set-plus-getmultiple,True,True,340,3,99.11764705882354,45712,45712,0,1273,1307,-2.670856245090338,340,171,1190,1021,170,170,170,170,170,170,True,True,1557630580,modeled-pass
170,170,small-record,128,candidate-single-roundtrip-npgsqlbatch-set-and-read,True,True,340,1,99.70588235294117,45712,45712,0,1273,1000,21.445404556166537,340,171,1190,1021,170,170,170,170,170,170,True,True,1557630580,modeled-pass
170,170,medium-record,1024,candidate-current-npgsqlbatch-set-plus-getmultiple,True,True,340,2,99.41176470588235,45712,45712,0,1933,2075,-7.346094154164511,340,171,1190,1021,170,170,170,170,170,170,True,True,1511614517,modeled-pass
170,170,medium-record,1024,candidate-chunked-100-npgsqlbatch-set-plus-getmultiple,True,True,340,3,99.11764705882354,45712,45712,0,1933,2178,-12.674599068804966,340,171,1190,1021,170,170,170,170,170,170,True,True,1511614517,modeled-pass
170,170,medium-record,1024,candidate-single-roundtrip-npgsqlbatch-set-and-read,True,True,340,1,99.70588235294117,45712,45712,0,1933,2521,-30.419037765131918,340,171,1190,1021,170,170,170,170,170,170,True,True,1511614517,modeled-pass
170,170,large-record,4096,candidate-current-npgsqlbatch-set-plus-getmultiple,True,True,340,2,99.41176470588235,45712,45712,0,6220,5920,4.823151125401929,340,171,1190,1021,170,170,170,170,170,170,True,True,-755370774,modeled-pass
170,170,large-record,4096,candidate-chunked-100-npgsqlbatch-set-plus-getmultiple,True,True,340,3,99.11764705882354,45712,45712,0,6220,6414,-3.1189710610932475,340,171,1190,1021,170,170,170,170,170,170,True,True,-755370774,modeled-pass
170,170,large-record,4096,candidate-single-roundtrip-npgsqlbatch-set-and-read,True,True,340,1,99.70588235294117,45712,45712,0,6220,7119,-14.453376205787782,340,171,1190,1021,170,170,170,170,170,170,True,True,-755370774,modeled-pass
171,171,small-record,128,candidate-current-npgsqlbatch-set-plus-getmultiple,True,True,342,2,99.41520467836257,45712,45712,0,1275,1187,6.901960784313726,342,172,1197,1027,171,171,171,171,171,171,True,True,-1034991177,modeled-pass
171,171,small-record,128,candidate-chunked-100-npgsqlbatch-set-plus-getmultiple,True,True,342,3,99.12280701754386,45712,45712,0,1275,1312,-2.9019607843137254,342,172,1197,1027,171,171,171,171,171,171,True,True,-1034991177,modeled-pass
171,171,small-record,128,candidate-single-roundtrip-npgsqlbatch-set-and-read,True,True,342,1,99.70760233918129,45712,45712,0,1275,1300,-1.9607843137254901,342,172,1197,1027,171,171,171,171,171,171,True,True,-1034991177,modeled-pass
171,171,medium-record,1024,candidate-current-npgsqlbatch-set-plus-getmultiple,True,True,342,2,99.41520467836257,45712,45712,0,2854,2357,17.41415557112824,342,172,1197,1027,171,171,171,171,171,171,True,True,1835563996,modeled-pass
171,171,medium-record,1024,candidate-chunked-100-npgsqlbatch-set-plus-getmultiple,True,True,342,3,99.12280701754386,45712,45712,0,2854,2974,-4.204625087596356,342,172,1197,1027,171,171,171,171,171,171,True,True,1835563996,modeled-pass
171,171,medium-record,1024,candidate-single-roundtrip-npgsqlbatch-set-and-read,True,True,342,1,99.70760233918129,45712,45712,0,2854,2640,7.498248072880168,342,172,1197,1027,171,171,171,171,171,171,True,True,1835563996,modeled-pass
171,171,large-record,4096,candidate-current-npgsqlbatch-set-plus-getmultiple,True,True,342,2,99.41520467836257,45712,45712,0,7468,7613,-1.9416175682913765,342,172,1197,1027,171,171,171,171,171,171,True,True,-370570105,modeled-pass
171,171,large-record,4096,candidate-chunked-100-npgsqlbatch-set-plus-getmultiple,True,True,342,3,99.12280701754386,45712,45712,0,7468,9024,-20.835565077664704,342,172,1197,1027,171,171,171,171,171,171,True,True,-370570105,modeled-pass
171,171,large-record,4096,candidate-single-roundtrip-npgsqlbatch-set-and-read,True,True,342,1,99.70760233918129,45712,45712,0,7468,7658,-2.544188537761114,342,172,1197,1027,171,171,171,171,171,171,True,True,-370570105,modeled-pass
172,172,small-record,128,candidate-current-npgsqlbatch-set-plus-getmultiple,True,True,344,2,99.4186046511628,45712,45712,0,1188,1269,-6.818181818181818,344,173,1204,1033,172,172,172,172,172,172,True,True,-504131533,modeled-pass
172,172,small-record,128,candidate-chunked-100-npgsqlbatch-set-plus-getmultiple,True,True,344,3,99.12790697674419,45712,45712,0,1188,989,16.75084175084175,344,173,1204,1033,172,172,172,172,172,172,True,True,-504131533,modeled-pass
172,172,small-record,128,candidate-single-roundtrip-npgsqlbatch-set-and-read,True,True,344,1,99.70930232558139,45712,45712,0,1188,1456,-22.55892255892256,344,173,1204,1033,172,172,172,172,172,172,True,True,-504131533,modeled-pass
172,172,medium-record,1024,candidate-current-npgsqlbatch-set-plus-getmultiple,True,True,344,2,99.4186046511628,45376,45712,-0.7404795486600846,2800,2934,-4.785714285714286,344,173,1204,1033,172,172,172,172,172,172,True,True,1286229724,modeled-pass
172,172,medium-record,1024,candidate-chunked-100-npgsqlbatch-set-plus-getmultiple,True,True,344,3,99.12790697674419,45376,45712,-0.7404795486600846,2800,2822,-0.7857142857142857,344,173,1204,1033,172,172,172,172,172,172,True,True,1286229724,modeled-pass
172,172,medium-record,1024,candidate-single-roundtrip-npgsqlbatch-set-and-read,True,True,344,1,99.70930232558139,45376,45712,-0.7404795486600846,2800,2634,5.928571428571429,344,173,1204,1033,172,172,172,172,172,172,True,True,1286229724,modeled-pass
172,172,large-record,4096,candidate-current-npgsqlbatch-set-plus-getmultiple,True,True,344,2,99.4186046511628,45712,45712,0,7535,8128,-7.869940278699403,344,173,1204,1033,172,172,172,172,172,172,True,True,-619648851,modeled-pass
172,172,large-record,4096,candidate-chunked-100-npgsqlbatch-set-plus-getmultiple,True,True,344,3,99.12790697674419,45712,45712,0,7535,8205,-8.89183808891838,344,173,1204,1033,172,172,172,172,172,172,True,True,-619648851,modeled-pass
172,172,large-record,4096,candidate-single-roundtrip-npgsqlbatch-set-and-read,True,True,344,1,99.70930232558139,45712,45712,0,7535,7735,-2.6542800265428004,344,173,1204,1033,172,172,172,172,172,172,True,True,-619648851,modeled-pass
173,173,small-record,128,candidate-current-npgsqlbatch-set-plus-getmultiple,True,True,346,2,99.42196531791907,45712,45712,0,1265,1436,-13.517786561264822,346,174,1211,1039,173,173,173,173,173,173,True,True,-1884359480,modeled-pass
173,173,small-record,128,candidate-chunked-100-npgsqlbatch-set-plus-getmultiple,True,True,346,3,99.13294797687861,45712,45712,0,1265,1325,-4.743083003952569,346,174,1211,1039,173,173,173,173,173,173,True,True,-1884359480,modeled-pass
173,173,small-record,128,candidate-single-roundtrip-npgsqlbatch-set-and-read,True,True,346,1,99.71098265895954,45712,45712,0,1265,1433,-13.280632411067193,346,174,1211,1039,173,173,173,173,173,173,True,True,-1884359480,modeled-pass
173,173,medium-record,1024,candidate-current-npgsqlbatch-set-plus-getmultiple,True,True,346,2,99.42196531791907,45712,45712,0,2669,2805,-5.095541401273885,346,174,1211,1039,173,173,173,173,173,173,True,True,535380675,modeled-pass
173,173,medium-record,1024,candidate-chunked-100-npgsqlbatch-set-plus-getmultiple,True,True,346,3,99.13294797687861,45712,45712,0,2669,2720,-1.910828025477707,346,174,1211,1039,173,173,173,173,173,173,True,True,535380675,modeled-pass
173,173,medium-record,1024,candidate-single-roundtrip-npgsqlbatch-set-and-read,True,True,346,1,99.71098265895954,45712,45712,0,2669,2665,0.14986886474334957,346,174,1211,1039,173,173,173,173,173,173,True,True,535380675,modeled-pass
173,173,large-record,4096,candidate-current-npgsqlbatch-set-plus-getmultiple,True,True,346,2,99.42196531791907,45712,45712,0,7074,7233,-2.2476675148430876,346,174,1211,1039,173,173,173,173,173,173,True,True,-2097422552,modeled-pass
173,173,large-record,4096,candidate-chunked-100-npgsqlbatch-set-plus-getmultiple,True,True,346,3,99.13294797687861,45712,45712,0,7074,7357,-4.00056545094713,346,174,1211,1039,173,173,173,173,173,173,True,True,-2097422552,modeled-pass
173,173,large-record,4096,candidate-single-roundtrip-npgsqlbatch-set-and-read,True,True,346,1,99.71098265895954,45712,45712,0,7074,7208,-1.8942606728866271,346,174,1211,1039,173,173,173,173,173,173,True,True,-2097422552,modeled-pass
174,174,small-record,128,candidate-current-npgsqlbatch-set-plus-getmultiple,True,True,348,2,99.42528735632185,45712,45712,0,1239,1274,-2.824858757062147,348,175,1218,1045,174,174,174,174,174,174,True,True,793993390,modeled-pass
174,174,small-record,128,candidate-chunked-100-npgsqlbatch-set-plus-getmultiple,True,True,348,3,99.13793103448276,45712,45712,0,1239,1290,-4.116222760290557,348,175,1218,1045,174,174,174,174,174,174,True,True,793993390,modeled-pass
174,174,small-record,128,candidate-single-roundtrip-npgsqlbatch-set-and-read,True,True,348,1,99.71264367816092,45712,45712,0,1239,1455,-17.433414043583536,348,175,1218,1045,174,174,174,174,174,174,True,True,793993390,modeled-pass
174,174,medium-record,1024,candidate-current-npgsqlbatch-set-plus-getmultiple,True,True,348,2,99.42528735632185,45712,45712,0,2506,2561,-2.194732641660016,348,175,1218,1045,174,174,174,174,174,174,True,True,779856867,modeled-pass
174,174,medium-record,1024,candidate-chunked-100-npgsqlbatch-set-plus-getmultiple,True,True,348,3,99.13793103448276,45712,45712,0,2506,2584,-3.1125299281723864,348,175,1218,1045,174,174,174,174,174,174,True,True,779856867,modeled-pass
174,174,medium-record,1024,candidate-single-roundtrip-npgsqlbatch-set-and-read,True,True,348,1,99.71264367816092,45712,45712,0,2506,2498,0.3192338387869114,348,175,1218,1045,174,174,174,174,174,174,True,True,779856867,modeled-pass
174,174,large-record,4096,candidate-current-npgsqlbatch-set-plus-getmultiple,True,True,348,2,99.42528735632185,45712,45712,0,6934,7040,-1.528699163541967,348,175,1218,1045,174,174,174,174,174,174,True,True,1582969290,modeled-pass
174,174,large-record,4096,candidate-chunked-100-npgsqlbatch-set-plus-getmultiple,True,True,348,3,99.13793103448276,45712,45712,0,6934,6996,-0.8941447937698298,348,175,1218,1045,174,174,174,174,174,174,True,True,1582969290,modeled-pass
174,174,large-record,4096,candidate-single-roundtrip-npgsqlbatch-set-and-read,True,True,348,1,99.71264367816092,45712,45712,0,6934,6854,1.1537352177675224,348,175,1218,1045,174,174,174,174,174,174,True,True,1582969290,modeled-pass
175,175,small-record,128,candidate-current-npgsqlbatch-set-plus-getmultiple,True,True,350,2,99.42857142857143,45712,45712,0,1162,1284,-10.499139414802066,350,176,1225,1051,175,175,175,175,175,175,True,True,225338168,modeled-pass
175,175,small-record,128,candidate-chunked-100-npgsqlbatch-set-plus-getmultiple,True,True,350,3,99.14285714285714,45712,45712,0,1162,1214,-4.475043029259897,350,176,1225,1051,175,175,175,175,175,175,True,True,225338168,modeled-pass
175,175,small-record,128,candidate-single-roundtrip-npgsqlbatch-set-and-read,True,True,350,1,99.71428571428571,45712,45712,0,1162,1235,-6.282271944922547,350,176,1225,1051,175,175,175,175,175,175,True,True,225338168,modeled-pass
175,175,medium-record,1024,candidate-current-npgsqlbatch-set-plus-getmultiple,True,True,350,2,99.42857142857143,45712,45712,0,2403,2544,-5.867665418227216,350,176,1225,1051,175,175,175,175,175,175,True,True,764779984,modeled-pass
175,175,medium-record,1024,candidate-chunked-100-npgsqlbatch-set-plus-getmultiple,True,True,350,3,99.14285714285714,45712,45712,0,2403,2543,-5.826050769870995,350,176,1225,1051,175,175,175,175,175,175,True,True,764779984,modeled-pass
175,175,medium-record,1024,candidate-single-roundtrip-npgsqlbatch-set-and-read,True,True,350,1,99.71428571428571,45712,45712,0,2403,2451,-1.9975031210986267,350,176,1225,1051,175,175,175,175,175,175,True,True,764779984,modeled-pass
175,175,large-record,4096,candidate-current-npgsqlbatch-set-plus-getmultiple,True,True,350,2,99.42857142857143,45712,45712,0,7001,6950,0.7284673618054563,350,176,1225,1051,175,175,175,175,175,175,True,True,-628485580,modeled-pass
175,175,large-record,4096,candidate-chunked-100-npgsqlbatch-set-plus-getmultiple,True,True,350,3,99.14285714285714,45712,45712,0,7001,6937,0.9141551206970433,350,176,1225,1051,175,175,175,175,175,175,True,True,-628485580,modeled-pass
175,175,large-record,4096,candidate-single-roundtrip-npgsqlbatch-set-and-read,True,True,350,1,99.71428571428571,45712,45712,0,7001,7607,-8.65590629910013,350,176,1225,1051,175,175,175,175,175,175,True,True,-628485580,modeled-pass
176,176,small-record,128,candidate-current-npgsqlbatch-set-plus-getmultiple,True,True,352,2,99.43181818181819,45712,45712,0,1193,1208,-1.2573344509639564,352,177,1232,1057,176,176,176,176,176,176,True,True,-970614575,modeled-pass
176,176,small-record,128,candidate-chunked-100-npgsqlbatch-set-plus-getmultiple,True,True,352,3,99.14772727272727,45712,45712,0,1193,1275,-6.873428331936295,352,177,1232,1057,176,176,176,176,176,176,True,True,-970614575,modeled-pass
176,176,small-record,128,candidate-single-roundtrip-npgsqlbatch-set-and-read,True,True,352,1,99.7159090909091,45712,45712,0,1193,1223,-2.5146689019279127,352,177,1232,1057,176,176,176,176,176,176,True,True,-970614575,modeled-pass
176,176,medium-record,1024,candidate-current-npgsqlbatch-set-plus-getmultiple,True,True,352,2,99.43181818181819,45712,45712,0,2383,2442,-2.4758707511540075,352,177,1232,1057,176,176,176,176,176,176,True,True,-1732849513,modeled-pass
176,176,medium-record,1024,candidate-chunked-100-npgsqlbatch-set-plus-getmultiple,True,True,352,3,99.14772727272727,45712,45712,0,2383,2464,-3.399076793957197,352,177,1232,1057,176,176,176,176,176,176,True,True,-1732849513,modeled-pass
176,176,medium-record,1024,candidate-single-roundtrip-npgsqlbatch-set-and-read,True,True,352,1,99.7159090909091,45712,45712,0,2383,2504,-5.077633235417541,352,177,1232,1057,176,176,176,176,176,176,True,True,-1732849513,modeled-pass
176,176,large-record,4096,candidate-current-npgsqlbatch-set-plus-getmultiple,True,True,352,2,99.43181818181819,45712,45712,0,7124,7167,-0.6035934868051657,352,177,1232,1057,176,176,176,176,176,176,True,True,-1195684181,modeled-pass
176,176,large-record,4096,candidate-chunked-100-npgsqlbatch-set-plus-getmultiple,True,True,352,3,99.14772727272727,45712,45712,0,7124,7114,0.1403705783267827,352,177,1232,1057,176,176,176,176,176,176,True,True,-1195684181,modeled-pass
176,176,large-record,4096,candidate-single-roundtrip-npgsqlbatch-set-and-read,True,True,352,1,99.7159090909091,45712,45712,0,7124,7123,0.01403705783267827,352,177,1232,1057,176,176,176,176,176,176,True,True,-1195684181,modeled-pass
177,177,small-record,128,candidate-current-npgsqlbatch-set-plus-getmultiple,True,True,354,2,99.43502824858757,45712,45712,0,1284,1410,-9.813084112149532,354,178,1239,1063,177,177,177,177,177,177,True,True,191531820,modeled-pass
177,177,small-record,128,candidate-chunked-100-npgsqlbatch-set-plus-getmultiple,True,True,354,3,99.15254237288136,45712,45712,0,1284,1325,-3.1931464174454827,354,178,1239,1063,177,177,177,177,177,177,True,True,191531820,modeled-pass
177,177,small-record,128,candidate-single-roundtrip-npgsqlbatch-set-and-read,True,True,354,1,99.71751412429379,45712,45712,0,1284,1382,-7.632398753894081,354,178,1239,1063,177,177,177,177,177,177,True,True,191531820,modeled-pass
177,177,medium-record,1024,candidate-current-npgsqlbatch-set-plus-getmultiple,True,True,354,2,99.43502824858757,45712,45712,0,2542,2541,0.03933910306845004,354,178,1239,1063,177,177,177,177,177,177,True,True,-1267747812,modeled-pass
177,177,medium-record,1024,candidate-chunked-100-npgsqlbatch-set-plus-getmultiple,True,True,354,3,99.15254237288136,45712,45712,0,2542,2671,-5.0747442958300555,354,178,1239,1063,177,177,177,177,177,177,True,True,-1267747812,modeled-pass
177,177,medium-record,1024,candidate-single-roundtrip-npgsqlbatch-set-and-read,True,True,354,1,99.71751412429379,45712,45712,0,2542,2595,-2.084972462627852,354,178,1239,1063,177,177,177,177,177,177,True,True,-1267747812,modeled-pass
177,177,large-record,4096,candidate-current-npgsqlbatch-set-plus-getmultiple,True,True,354,2,99.43502824858757,45712,45712,0,7379,7300,1.0706057731399918,354,178,1239,1063,177,177,177,177,177,177,True,True,2014792099,modeled-pass
177,177,large-record,4096,candidate-chunked-100-npgsqlbatch-set-plus-getmultiple,True,True,354,3,99.15254237288136,45712,45712,0,7379,7226,2.0734516872204907,354,178,1239,1063,177,177,177,177,177,177,True,True,2014792099,modeled-pass
177,177,large-record,4096,candidate-single-roundtrip-npgsqlbatch-set-and-read,True,True,354,1,99.71751412429379,45712,45712,0,7379,7203,2.385147038894159,354,178,1239,1063,177,177,177,177,177,177,True,True,2014792099,modeled-pass
178,178,small-record,128,candidate-current-npgsqlbatch-set-plus-getmultiple,True,True,356,2,99.43820224719101,45712,45712,0,1389,1264,8.999280057595392,356,179,1246,1069,178,178,178,178,178,178,True,True,-1181468874,modeled-pass
178,178,small-record,128,candidate-chunked-100-npgsqlbatch-set-plus-getmultiple,True,True,356,3,99.15730337078652,45712,45712,0,1389,1375,1.007919366450684,356,179,1246,1069,178,178,178,178,178,178,True,True,-1181468874,modeled-pass
178,178,small-record,128,candidate-single-roundtrip-npgsqlbatch-set-and-read,True,True,356,1,99.71910112359551,45712,45712,0,1389,1372,1.2239020878329734,356,179,1246,1069,178,178,178,178,178,178,True,True,-1181468874,modeled-pass
178,178,medium-record,1024,candidate-current-npgsqlbatch-set-plus-getmultiple,True,True,356,2,99.43820224719101,45712,45712,0,2521,2597,-3.014676715589052,356,179,1246,1069,178,178,178,178,178,178,True,True,-504237881,modeled-pass
178,178,medium-record,1024,candidate-chunked-100-npgsqlbatch-set-plus-getmultiple,True,True,356,3,99.15730337078652,45712,45712,0,2521,2654,-5.275684252280841,356,179,1246,1069,178,178,178,178,178,178,True,True,-504237881,modeled-pass
178,178,medium-record,1024,candidate-single-roundtrip-npgsqlbatch-set-and-read,True,True,356,1,99.71910112359551,45712,45712,0,2521,2625,-4.125347084490282,356,179,1246,1069,178,178,178,178,178,178,True,True,-504237881,modeled-pass
178,178,large-record,4096,candidate-current-npgsqlbatch-set-plus-getmultiple,True,True,356,2,99.43820224719101,45712,45712,0,7026,7131,-1.4944491887275833,356,179,1246,1069,178,178,178,178,178,178,True,True,741793337,modeled-pass
178,178,large-record,4096,candidate-chunked-100-npgsqlbatch-set-plus-getmultiple,True,True,356,3,99.15730337078652,45712,45712,0,7026,9448,-34.47196128664959,356,179,1246,1069,178,178,178,178,178,178,True,True,741793337,modeled-pass
178,178,large-record,4096,candidate-single-roundtrip-npgsqlbatch-set-and-read,True,True,356,1,99.71910112359551,45712,45712,0,7026,7106,-1.138627953316254,356,179,1246,1069,178,178,178,178,178,178,True,True,741793337,modeled-pass
179,179,small-record,128,candidate-current-npgsqlbatch-set-plus-getmultiple,True,True,358,2,99.44134078212291,45712,45712,0,1224,1390,-13.562091503267974,358,180,1253,1075,179,179,179,179,179,179,True,True,2124235152,modeled-pass
179,179,small-record,128,candidate-chunked-100-npgsqlbatch-set-plus-getmultiple,True,True,358,3,99.16201117318435,45712,45712,0,1224,1274,-4.084967320261438,358,180,1253,1075,179,179,179,179,179,179,True,True,2124235152,modeled-pass
179,179,small-record,128,candidate-single-roundtrip-npgsqlbatch-set-and-read,True,True,358,1,99.72067039106145,45712,45712,0,1224,1258,-2.7777777777777777,358,180,1253,1075,179,179,179,179,179,179,True,True,2124235152,modeled-pass
179,179,medium-record,1024,candidate-current-npgsqlbatch-set-plus-getmultiple,True,True,358,2,99.44134078212291,45712,45712,0,2556,4165,-62.94992175273865,358,180,1253,1075,179,179,179,179,179,179,True,True,875777381,modeled-pass
179,179,medium-record,1024,candidate-chunked-100-npgsqlbatch-set-plus-getmultiple,True,True,358,3,99.16201117318435,45712,45712,0,2556,2664,-4.225352112676056,358,180,1253,1075,179,179,179,179,179,179,True,True,875777381,modeled-pass
179,179,medium-record,1024,candidate-single-roundtrip-npgsqlbatch-set-and-read,True,True,358,1,99.72067039106145,45712,45712,0,2556,2539,0.6651017214397497,358,180,1253,1075,179,179,179,179,179,179,True,True,875777381,modeled-pass
179,179,large-record,4096,candidate-current-npgsqlbatch-set-plus-getmultiple,True,True,358,2,99.44134078212291,45712,45712,0,7077,7138,-0.8619471527483397,358,180,1253,1075,179,179,179,179,179,179,True,True,1518597936,modeled-pass
179,179,large-record,4096,candidate-chunked-100-npgsqlbatch-set-plus-getmultiple,True,True,358,3,99.16201117318435,45712,45712,0,7077,7173,-1.3565069944891903,358,180,1253,1075,179,179,179,179,179,179,True,True,1518597936,modeled-pass
179,179,large-record,4096,candidate-single-roundtrip-npgsqlbatch-set-and-read,True,True,358,1,99.72067039106145,45712,45712,0,7077,7115,-0.5369506853186379,358,180,1253,1075,179,179,179,179,179,179,True,True,1518597936,modeled-pass
180,180,small-record,128,candidate-current-npgsqlbatch-set-plus-getmultiple,True,True,360,2,99.44444444444444,45712,45712,0,1281,1284,-0.234192037470726,360,181,1260,1081,180,180,180,180,180,180,True,True,-369387685,modeled-pass
180,180,small-record,128,candidate-chunked-100-npgsqlbatch-set-plus-getmultiple,True,True,360,3,99.16666666666667,45712,45712,0,1281,1313,-2.498048399687744,360,181,1260,1081,180,180,180,180,180,180,True,True,-369387685,modeled-pass
180,180,small-record,128,candidate-single-roundtrip-npgsqlbatch-set-and-read,True,True,360,1,99.72222222222223,45712,45712,0,1281,1326,-3.51288056206089,360,181,1260,1081,180,180,180,180,180,180,True,True,-369387685,modeled-pass
180,180,medium-record,1024,candidate-current-npgsqlbatch-set-plus-getmultiple,True,True,360,2,99.44444444444444,45712,45712,0,2586,2607,-0.8120649651972158,360,181,1260,1081,180,180,180,180,180,180,True,True,992028257,modeled-pass
180,180,medium-record,1024,candidate-chunked-100-npgsqlbatch-set-plus-getmultiple,True,True,360,3,99.16666666666667,45712,45712,0,2586,2637,-1.9721577726218098,360,181,1260,1081,180,180,180,180,180,180,True,True,992028257,modeled-pass
180,180,medium-record,1024,candidate-single-roundtrip-npgsqlbatch-set-and-read,True,True,360,1,99.72222222222223,45712,45712,0,2586,2676,-3.480278422273782,360,181,1260,1081,180,180,180,180,180,180,True,True,992028257,modeled-pass
180,180,large-record,4096,candidate-current-npgsqlbatch-set-plus-getmultiple,True,True,360,2,99.44444444444444,45712,45712,0,7407,7345,0.8370460375320643,360,181,1260,1081,180,180,180,180,180,180,True,True,381997161,modeled-pass
180,180,large-record,4096,candidate-chunked-100-npgsqlbatch-set-plus-getmultiple,True,True,360,3,99.16666666666667,45712,45712,0,7407,7695,-3.8882138517618468,360,181,1260,1081,180,180,180,180,180,180,True,True,381997161,modeled-pass
180,180,large-record,4096,candidate-single-roundtrip-npgsqlbatch-set-and-read,True,True,360,1,99.72222222222223,45712,45712,0,7407,7324,1.1205616308896988,360,181,1260,1081,180,180,180,180,180,180,True,True,381997161,modeled-pass
181,181,small-record,128,candidate-current-npgsqlbatch-set-plus-getmultiple,True,True,362,2,99.4475138121547,45712,45712,0,1333,1314,1.4253563390847712,362,182,1267,1087,181,181,181,181,181,181,True,True,-458775281,modeled-pass
181,181,small-record,128,candidate-chunked-100-npgsqlbatch-set-plus-getmultiple,True,True,362,3,99.17127071823204,45712,45712,0,1333,1390,-4.276069017254313,362,182,1267,1087,181,181,181,181,181,181,True,True,-458775281,modeled-pass
181,181,small-record,128,candidate-single-roundtrip-npgsqlbatch-set-and-read,True,True,362,1,99.72375690607734,45712,45712,0,1333,1465,-9.902475618904726,362,182,1267,1087,181,181,181,181,181,181,True,True,-458775281,modeled-pass
181,181,medium-record,1024,candidate-current-npgsqlbatch-set-plus-getmultiple,True,True,362,2,99.4475138121547,45712,45712,0,2531,2637,-4.188067957329119,362,182,1267,1087,181,181,181,181,181,181,True,True,1873862147,modeled-pass
181,181,medium-record,1024,candidate-chunked-100-npgsqlbatch-set-plus-getmultiple,True,True,362,3,99.17127071823204,45712,45712,0,2531,2695,-6.479652311339391,362,182,1267,1087,181,181,181,181,181,181,True,True,1873862147,modeled-pass
181,181,medium-record,1024,candidate-single-roundtrip-npgsqlbatch-set-and-read,True,True,362,1,99.72375690607734,45712,45712,0,2531,2659,-5.057289608850257,362,182,1267,1087,181,181,181,181,181,181,True,True,1873862147,modeled-pass
181,181,large-record,4096,candidate-current-npgsqlbatch-set-plus-getmultiple,True,True,362,2,99.4475138121547,45712,45712,0,7234,7195,0.539120818357755,362,182,1267,1087,181,181,181,181,181,181,True,True,526453030,modeled-pass
181,181,large-record,4096,candidate-chunked-100-npgsqlbatch-set-plus-getmultiple,True,True,362,3,99.17127071823204,45712,45712,0,7234,7600,-5.059441526126625,362,182,1267,1087,181,181,181,181,181,181,True,True,526453030,modeled-pass
181,181,large-record,4096,candidate-single-roundtrip-npgsqlbatch-set-and-read,True,True,362,1,99.72375690607734,45712,45712,0,7234,7236,-0.027647221454243847,362,182,1267,1087,181,181,181,181,181,181,True,True,526453030,modeled-pass
182,182,small-record,128,candidate-current-npgsqlbatch-set-plus-getmultiple,True,True,364,2,99.45054945054945,45712,45712,0,1299,1317,-1.3856812933025404,364,183,1274,1093,182,182,182,182,182,182,True,True,1064586831,modeled-pass
182,182,small-record,128,candidate-chunked-100-npgsqlbatch-set-plus-getmultiple,True,True,364,3,99.17582417582418,45712,45712,0,1299,1352,-4.080061585835258,364,183,1274,1093,182,182,182,182,182,182,True,True,1064586831,modeled-pass
182,182,small-record,128,candidate-single-roundtrip-npgsqlbatch-set-and-read,True,True,364,1,99.72527472527473,45712,45712,0,1299,1407,-8.314087759815243,364,183,1274,1093,182,182,182,182,182,182,True,True,1064586831,modeled-pass
182,182,medium-record,1024,candidate-current-npgsqlbatch-set-plus-getmultiple,True,True,364,2,99.45054945054945,45712,45712,0,2557,2643,-3.3633163863903013,364,183,1274,1093,182,182,182,182,182,182,True,True,1792185761,modeled-pass
182,182,medium-record,1024,candidate-chunked-100-npgsqlbatch-set-plus-getmultiple,True,True,364,3,99.17582417582418,45712,45712,0,2557,2905,-13.609698865858428,364,183,1274,1093,182,182,182,182,182,182,True,True,1792185761,modeled-pass
182,182,medium-record,1024,candidate-single-roundtrip-npgsqlbatch-set-and-read,True,True,364,1,99.72527472527473,45712,45712,0,2557,3727,-45.75674618693782,364,183,1274,1093,182,182,182,182,182,182,True,True,1792185761,modeled-pass
182,182,large-record,4096,candidate-current-npgsqlbatch-set-plus-getmultiple,True,True,364,2,99.45054945054945,45712,45712,0,8208,11587,-41.16715399610136,364,183,1274,1093,182,182,182,182,182,182,True,True,-122525105,modeled-pass
182,182,large-record,4096,candidate-chunked-100-npgsqlbatch-set-plus-getmultiple,True,True,364,3,99.17582417582418,45712,45424,0.6300315015750787,8208,7492,8.723196881091617,364,183,1274,1093,182,182,182,182,182,182,True,True,-122525105,modeled-pass
182,182,large-record,4096,candidate-single-roundtrip-npgsqlbatch-set-and-read,True,True,364,1,99.72527472527473,45712,45712,0,8208,7842,4.45906432748538,364,183,1274,1093,182,182,182,182,182,182,True,True,-122525105,modeled-pass
183,183,small-record,128,candidate-current-npgsqlbatch-set-plus-getmultiple,True,True,366,2,99.4535519125683,45712,45712,0,1263,1298,-2.7711797307996835,366,184,1281,1099,183,183,183,183,183,183,True,True,377515299,modeled-pass
183,183,small-record,128,candidate-chunked-100-npgsqlbatch-set-plus-getmultiple,True,True,366,3,99.18032786885246,45712,45712,0,1263,1378,-9.105304829770388,366,184,1281,1099,183,183,183,183,183,183,True,True,377515299,modeled-pass
183,183,small-record,128,candidate-single-roundtrip-npgsqlbatch-set-and-read,True,True,366,1,99.72677595628416,45712,45712,0,1263,1319,-4.433887569279493,366,184,1281,1099,183,183,183,183,183,183,True,True,377515299,modeled-pass
183,183,medium-record,1024,candidate-current-npgsqlbatch-set-plus-getmultiple,True,True,366,2,99.4535519125683,45712,45712,0,2685,2701,-0.595903165735568,366,184,1281,1099,183,183,183,183,183,183,True,True,-2066440866,modeled-pass
183,183,medium-record,1024,candidate-chunked-100-npgsqlbatch-set-plus-getmultiple,True,True,366,3,99.18032786885246,45712,45712,0,2685,2803,-4.394785847299814,366,184,1281,1099,183,183,183,183,183,183,True,True,-2066440866,modeled-pass
183,183,medium-record,1024,candidate-single-roundtrip-npgsqlbatch-set-and-read,True,True,366,1,99.72677595628416,45712,45712,0,2685,2842,-5.8472998137802605,366,184,1281,1099,183,183,183,183,183,183,True,True,-2066440866,modeled-pass
183,183,large-record,4096,candidate-current-npgsqlbatch-set-plus-getmultiple,True,True,366,2,99.4535519125683,45712,45712,0,7587,7817,-3.0315012521418216,366,184,1281,1099,183,183,183,183,183,183,True,True,-1753866856,modeled-pass
183,183,large-record,4096,candidate-chunked-100-npgsqlbatch-set-plus-getmultiple,True,True,366,3,99.18032786885246,45712,45712,0,7587,7494,1.2257809410834322,366,184,1281,1099,183,183,183,183,183,183,True,True,-1753866856,modeled-pass
183,183,large-record,4096,candidate-single-roundtrip-npgsqlbatch-set-and-read,True,True,366,1,99.72677595628416,45712,45712,0,7587,7560,0.35587188612099646,366,184,1281,1099,183,183,183,183,183,183,True,True,-1753866856,modeled-pass
184,184,small-record,128,candidate-current-npgsqlbatch-set-plus-getmultiple,True,True,368,2,99.45652173913044,45712,45712,0,1245,3332,-167.63052208835342,368,185,1288,1105,184,184,184,184,184,184,True,True,872490258,modeled-pass
184,184,small-record,128,candidate-chunked-100-npgsqlbatch-set-plus-getmultiple,True,True,368,3,99.18478260869566,45712,45712,0,1245,1386,-11.325301204819278,368,185,1288,1105,184,184,184,184,184,184,True,True,872490258,modeled-pass
184,184,small-record,128,candidate-single-roundtrip-npgsqlbatch-set-and-read,True,True,368,1,99.72826086956522,45712,45712,0,1245,1550,-24.497991967871485,368,185,1288,1105,184,184,184,184,184,184,True,True,872490258,modeled-pass
184,184,medium-record,1024,candidate-current-npgsqlbatch-set-plus-getmultiple,True,True,368,2,99.45652173913044,45712,45424,0.6300315015750787,2564,2644,-3.1201248049921997,368,185,1288,1105,184,184,184,184,184,184,True,True,-52759700,modeled-pass
184,184,medium-record,1024,candidate-chunked-100-npgsqlbatch-set-plus-getmultiple,True,True,368,3,99.18478260869566,45712,45712,0,2564,2866,-11.778471138845553,368,185,1288,1105,184,184,184,184,184,184,True,True,-52759700,modeled-pass
184,184,medium-record,1024,candidate-single-roundtrip-npgsqlbatch-set-and-read,True,True,368,1,99.72826086956522,45712,45712,0,2564,2625,-2.3790951638065523,368,185,1288,1105,184,184,184,184,184,184,True,True,-52759700,modeled-pass
184,184,large-record,4096,candidate-current-npgsqlbatch-set-plus-getmultiple,True,True,368,2,99.45652173913044,45712,45712,0,7535,7410,1.6589250165892502,368,185,1288,1105,184,184,184,184,184,184,True,True,1315978565,modeled-pass
184,184,large-record,4096,candidate-chunked-100-npgsqlbatch-set-plus-getmultiple,True,True,368,3,99.18478260869566,45712,45712,0,7535,7361,2.3092236230922363,368,185,1288,1105,184,184,184,184,184,184,True,True,1315978565,modeled-pass
184,184,large-record,4096,candidate-single-roundtrip-npgsqlbatch-set-and-read,True,True,368,1,99.72826086956522,45712,45712,0,7535,7482,0.7033842070338421,368,185,1288,1105,184,184,184,184,184,184,True,True,1315978565,modeled-pass
185,185,small-record,128,candidate-current-npgsqlbatch-set-plus-getmultiple,True,True,370,2,99.45945945945945,45712,45712,0,1244,1337,-7.47588424437299,370,186,1295,1111,185,185,185,185,185,185,True,True,-1083677881,modeled-pass
185,185,small-record,128,candidate-chunked-100-npgsqlbatch-set-plus-getmultiple,True,True,370,3,99.1891891891892,45712,45712,0,1244,1353,-8.762057877813504,370,186,1295,1111,185,185,185,185,185,185,True,True,-1083677881,modeled-pass
185,185,small-record,128,candidate-single-roundtrip-npgsqlbatch-set-and-read,True,True,370,1,99.72972972972973,45712,45712,0,1244,1328,-6.752411575562701,370,186,1295,1111,185,185,185,185,185,185,True,True,-1083677881,modeled-pass
185,185,medium-record,1024,candidate-current-npgsqlbatch-set-plus-getmultiple,True,True,370,2,99.45945945945945,45712,45712,0,2593,2923,-12.726571538758195,370,186,1295,1111,185,185,185,185,185,185,True,True,1558262301,modeled-pass
185,185,medium-record,1024,candidate-chunked-100-npgsqlbatch-set-plus-getmultiple,True,True,370,3,99.1891891891892,45712,45712,0,2593,2722,-4.974932510605476,370,186,1295,1111,185,185,185,185,185,185,True,True,1558262301,modeled-pass
185,185,medium-record,1024,candidate-single-roundtrip-npgsqlbatch-set-and-read,True,True,370,1,99.72972972972973,45712,45712,0,2593,2691,-3.779406093328191,370,186,1295,1111,185,185,185,185,185,185,True,True,1558262301,modeled-pass
185,185,large-record,4096,candidate-current-npgsqlbatch-set-plus-getmultiple,True,True,370,2,99.45945945945945,45712,45712,0,7839,7879,-0.5102691669855849,370,186,1295,1111,185,185,185,185,185,185,True,True,-1696709571,modeled-pass
185,185,large-record,4096,candidate-chunked-100-npgsqlbatch-set-plus-getmultiple,True,True,370,3,99.1891891891892,45712,45712,0,7839,7589,3.1891822936599055,370,186,1295,1111,185,185,185,185,185,185,True,True,-1696709571,modeled-pass
185,185,large-record,4096,candidate-single-roundtrip-npgsqlbatch-set-and-read,True,True,370,1,99.72972972972973,45712,45712,0,7839,7573,3.3932899604541396,370,186,1295,1111,185,185,185,185,185,185,True,True,-1696709571,modeled-pass
186,186,small-record,128,candidate-current-npgsqlbatch-set-plus-getmultiple,True,True,372,2,99.46236559139786,45712,45712,0,1302,1314,-0.9216589861751152,372,187,1302,1117,186,186,186,186,186,186,True,True,-1581293456,modeled-pass
186,186,small-record,128,candidate-chunked-100-npgsqlbatch-set-plus-getmultiple,True,True,372,3,99.19354838709677,45712,45712,0,1302,1422,-9.216589861751151,372,187,1302,1117,186,186,186,186,186,186,True,True,-1581293456,modeled-pass
186,186,small-record,128,candidate-single-roundtrip-npgsqlbatch-set-and-read,True,True,372,1,99.73118279569893,45712,45712,0,1302,1445,-10.98310291858679,372,187,1302,1117,186,186,186,186,186,186,True,True,-1581293456,modeled-pass
186,186,medium-record,1024,candidate-current-npgsqlbatch-set-plus-getmultiple,True,True,372,2,99.46236559139786,45712,45712,0,3040,2655,12.664473684210526,372,187,1302,1117,186,186,186,186,186,186,True,True,-333491741,modeled-pass
186,186,medium-record,1024,candidate-chunked-100-npgsqlbatch-set-plus-getmultiple,True,True,372,3,99.19354838709677,45712,45712,0,3040,2730,10.197368421052632,372,187,1302,1117,186,186,186,186,186,186,True,True,-333491741,modeled-pass
186,186,medium-record,1024,candidate-single-roundtrip-npgsqlbatch-set-and-read,True,True,372,1,99.73118279569893,45712,45712,0,3040,2936,3.4210526315789473,372,187,1302,1117,186,186,186,186,186,186,True,True,-333491741,modeled-pass
186,186,large-record,4096,candidate-current-npgsqlbatch-set-plus-getmultiple,True,True,372,2,99.46236559139786,45712,45712,0,8010,7660,4.369538077403246,372,187,1302,1117,186,186,186,186,186,186,True,True,780566062,modeled-pass
186,186,large-record,4096,candidate-chunked-100-npgsqlbatch-set-plus-getmultiple,True,True,372,3,99.19354838709677,45712,45712,0,8010,7555,5.68039950062422,372,187,1302,1117,186,186,186,186,186,186,True,True,780566062,modeled-pass
186,186,large-record,4096,candidate-single-roundtrip-npgsqlbatch-set-and-read,True,True,372,1,99.73118279569893,45712,45712,0,8010,7987,0.28714107365792757,372,187,1302,1117,186,186,186,186,186,186,True,True,780566062,modeled-pass
187,187,small-record,128,candidate-current-npgsqlbatch-set-plus-getmultiple,True,True,374,2,99.46524064171123,45712,45712,0,1398,1360,2.7181688125894135,374,188,1309,1123,187,187,187,187,187,187,True,True,-1846935207,modeled-pass
187,187,small-record,128,candidate-chunked-100-npgsqlbatch-set-plus-getmultiple,True,True,374,3,99.19786096256685,45712,45712,0,1398,1399,-0.0715307582260372,374,188,1309,1123,187,187,187,187,187,187,True,True,-1846935207,modeled-pass
187,187,small-record,128,candidate-single-roundtrip-npgsqlbatch-set-and-read,True,True,374,1,99.73262032085562,45712,45712,0,1398,1362,2.575107296137339,374,188,1309,1123,187,187,187,187,187,187,True,True,-1846935207,modeled-pass
187,187,medium-record,1024,candidate-current-npgsqlbatch-set-plus-getmultiple,True,True,374,2,99.46524064171123,45712,45712,0,2648,2818,-6.419939577039275,374,188,1309,1123,187,187,187,187,187,187,True,True,206968055,modeled-pass
187,187,medium-record,1024,candidate-chunked-100-npgsqlbatch-set-plus-getmultiple,True,True,374,3,99.19786096256685,45712,45712,0,2648,2743,-3.5876132930513593,374,188,1309,1123,187,187,187,187,187,187,True,True,206968055,modeled-pass
187,187,medium-record,1024,candidate-single-roundtrip-npgsqlbatch-set-and-read,True,True,374,1,99.73262032085562,45712,45712,0,2648,2704,-2.1148036253776437,374,188,1309,1123,187,187,187,187,187,187,True,True,206968055,modeled-pass
187,187,large-record,4096,candidate-current-npgsqlbatch-set-plus-getmultiple,True,True,374,2,99.46524064171123,45712,45712,0,7911,7816,1.2008595626343066,374,188,1309,1123,187,187,187,187,187,187,True,True,-556096029,modeled-pass
187,187,large-record,4096,candidate-chunked-100-npgsqlbatch-set-plus-getmultiple,True,True,374,3,99.19786096256685,45712,45712,0,7911,7990,-0.9986095310327392,374,188,1309,1123,187,187,187,187,187,187,True,True,-556096029,modeled-pass
187,187,large-record,4096,candidate-single-roundtrip-npgsqlbatch-set-and-read,True,True,374,1,99.73262032085562,45712,45712,0,7911,7762,1.8834534192895969,374,188,1309,1123,187,187,187,187,187,187,True,True,-556096029,modeled-pass
188,188,small-record,128,candidate-current-npgsqlbatch-set-plus-getmultiple,True,True,376,2,99.46808510638297,45712,45712,0,1317,1307,0.7593014426727411,376,189,1316,1129,188,188,188,188,188,188,True,True,113896562,modeled-pass
188,188,small-record,128,candidate-chunked-100-npgsqlbatch-set-plus-getmultiple,True,True,376,3,99.20212765957447,45712,45712,0,1317,1367,-3.7965072133637054,376,189,1316,1129,188,188,188,188,188,188,True,True,113896562,modeled-pass
188,188,small-record,128,candidate-single-roundtrip-npgsqlbatch-set-and-read,True,True,376,1,99.73404255319149,45712,45712,0,1317,1405,-6.681852695520122,376,189,1316,1129,188,188,188,188,188,188,True,True,113896562,modeled-pass
188,188,medium-record,1024,candidate-current-npgsqlbatch-set-plus-getmultiple,True,True,376,2,99.46808510638297,45712,45712,0,2767,2745,0.7950849295265631,376,189,1316,1129,188,188,188,188,188,188,True,True,-1144838101,modeled-pass
188,188,medium-record,1024,candidate-chunked-100-npgsqlbatch-set-plus-getmultiple,True,True,376,3,99.20212765957447,45712,45712,0,2767,2819,-1.87929165160824,376,189,1316,1129,188,188,188,188,188,188,True,True,-1144838101,modeled-pass
188,188,medium-record,1024,candidate-single-roundtrip-npgsqlbatch-set-and-read,True,True,376,1,99.73404255319149,45712,45712,0,2767,2690,2.7827972533429706,376,189,1316,1129,188,188,188,188,188,188,True,True,-1144838101,modeled-pass
188,188,large-record,4096,candidate-current-npgsqlbatch-set-plus-getmultiple,True,True,376,2,99.46808510638297,45712,45712,0,7391,7566,-2.3677445541875253,376,189,1316,1129,188,188,188,188,188,188,True,True,-1065883010,modeled-pass
188,188,large-record,4096,candidate-chunked-100-npgsqlbatch-set-plus-getmultiple,True,True,376,3,99.20212765957447,45712,45424,0.6300315015750787,7391,7550,-2.15126505209038,376,189,1316,1129,188,188,188,188,188,188,True,True,-1065883010,modeled-pass
188,188,large-record,4096,candidate-single-roundtrip-npgsqlbatch-set-and-read,True,True,376,1,99.73404255319149,45712,45712,0,7391,8131,-10.012176971992965,376,189,1316,1129,188,188,188,188,188,188,True,True,-1065883010,modeled-pass
189,189,small-record,128,candidate-current-npgsqlbatch-set-plus-getmultiple,True,True,378,2,99.47089947089947,45712,45712,0,1379,1328,3.6983321247280636,378,190,1323,1135,189,189,189,189,189,189,True,True,-360424964,modeled-pass
189,189,small-record,128,candidate-chunked-100-npgsqlbatch-set-plus-getmultiple,True,True,378,3,99.2063492063492,45712,45712,0,1379,1371,0.580130529369108,378,190,1323,1135,189,189,189,189,189,189,True,True,-360424964,modeled-pass
189,189,small-record,128,candidate-single-roundtrip-npgsqlbatch-set-and-read,True,True,378,1,99.73544973544973,45712,45712,0,1379,1383,-0.290065264684554,378,190,1323,1135,189,189,189,189,189,189,True,True,-360424964,modeled-pass
189,189,medium-record,1024,candidate-current-npgsqlbatch-set-plus-getmultiple,True,True,378,2,99.47089947089947,45712,45712,0,2724,2823,-3.6343612334801763,378,190,1323,1135,189,189,189,189,189,189,True,True,-562368054,modeled-pass
189,189,medium-record,1024,candidate-chunked-100-npgsqlbatch-set-plus-getmultiple,True,True,378,3,99.2063492063492,45712,45712,0,2724,3011,-10.535976505139502,378,190,1323,1135,189,189,189,189,189,189,True,True,-562368054,modeled-pass
189,189,medium-record,1024,candidate-single-roundtrip-npgsqlbatch-set-and-read,True,True,378,1,99.73544973544973,45712,45712,0,2724,2687,1.3582966226138031,378,190,1323,1135,189,189,189,189,189,189,True,True,-562368054,modeled-pass
189,189,large-record,4096,candidate-current-npgsqlbatch-set-plus-getmultiple,True,True,378,2,99.47089947089947,45712,45712,0,7425,7614,-2.5454545454545454,378,190,1323,1135,189,189,189,189,189,189,True,True,-1627185034,modeled-pass
189,189,large-record,4096,candidate-chunked-100-npgsqlbatch-set-plus-getmultiple,True,True,378,3,99.2063492063492,45712,45712,0,7425,10140,-36.56565656565657,378,190,1323,1135,189,189,189,189,189,189,True,True,-1627185034,modeled-pass
189,189,large-record,4096,candidate-single-roundtrip-npgsqlbatch-set-and-read,True,True,378,1,99.73544973544973,45712,45712,0,7425,9908,-33.44107744107744,378,190,1323,1135,189,189,189,189,189,189,True,True,-1627185034,modeled-pass
190,190,small-record,128,candidate-current-npgsqlbatch-set-plus-getmultiple,True,True,380,2,99.47368421052632,45712,45712,0,1289,1336,-3.6462373933281613,380,191,1330,1141,190,190,190,190,190,190,True,True,-48884363,modeled-pass
190,190,small-record,128,candidate-chunked-100-npgsqlbatch-set-plus-getmultiple,True,True,380,3,99.21052631578948,45712,45712,0,1289,1370,-6.283941039565555,380,191,1330,1141,190,190,190,190,190,190,True,True,-48884363,modeled-pass
190,190,small-record,128,candidate-single-roundtrip-npgsqlbatch-set-and-read,True,True,380,1,99.73684210526316,45712,45712,0,1289,1365,-5.896043444530644,380,191,1330,1141,190,190,190,190,190,190,True,True,-48884363,modeled-pass
190,190,medium-record,1024,candidate-current-npgsqlbatch-set-plus-getmultiple,True,True,380,2,99.47368421052632,45712,45712,0,2845,2792,1.8629173989455186,380,191,1330,1141,190,190,190,190,190,190,True,True,-202103155,modeled-pass
190,190,medium-record,1024,candidate-chunked-100-npgsqlbatch-set-plus-getmultiple,True,True,380,3,99.21052631578948,45712,45712,0,2845,2759,3.022847100175747,380,191,1330,1141,190,190,190,190,190,190,True,True,-202103155,modeled-pass
190,190,medium-record,1024,candidate-single-roundtrip-npgsqlbatch-set-and-read,True,True,380,1,99.73684210526316,45712,45712,0,2845,2738,3.7609841827768014,380,191,1330,1141,190,190,190,190,190,190,True,True,-202103155,modeled-pass
190,190,large-record,4096,candidate-current-npgsqlbatch-set-plus-getmultiple,True,True,380,2,99.47368421052632,45712,45712,0,7998,8463,-5.813953488372093,380,191,1330,1141,190,190,190,190,190,190,True,True,-352144075,modeled-pass
190,190,large-record,4096,candidate-chunked-100-npgsqlbatch-set-plus-getmultiple,True,True,380,3,99.21052631578948,45712,45712,0,7998,8498,-6.25156289072268,380,191,1330,1141,190,190,190,190,190,190,True,True,-352144075,modeled-pass
190,190,large-record,4096,candidate-single-roundtrip-npgsqlbatch-set-and-read,True,True,380,1,99.73684210526316,45712,45712,0,7998,7911,1.0877719429857464,380,191,1330,1141,190,190,190,190,190,190,True,True,-352144075,modeled-pass
191,191,small-record,128,candidate-current-npgsqlbatch-set-plus-getmultiple,True,True,382,2,99.47643979057591,45712,45712,0,1312,1370,-4.420731707317073,382,192,1337,1147,191,191,191,191,191,191,True,True,-1399796327,modeled-pass
191,191,small-record,128,candidate-chunked-100-npgsqlbatch-set-plus-getmultiple,True,True,382,3,99.21465968586388,45712,45712,0,1312,1404,-7.012195121951219,382,192,1337,1147,191,191,191,191,191,191,True,True,-1399796327,modeled-pass
191,191,small-record,128,candidate-single-roundtrip-npgsqlbatch-set-and-read,True,True,382,1,99.73821989528795,45712,45712,0,1312,1387,-5.716463414634147,382,192,1337,1147,191,191,191,191,191,191,True,True,-1399796327,modeled-pass
191,191,medium-record,1024,candidate-current-npgsqlbatch-set-plus-getmultiple,True,True,382,2,99.47643979057591,45712,45712,0,2787,2840,-1.901686401148188,382,192,1337,1147,191,191,191,191,191,191,True,True,-1590552221,modeled-pass
191,191,medium-record,1024,candidate-chunked-100-npgsqlbatch-set-plus-getmultiple,True,True,382,3,99.21465968586388,45712,45712,0,2787,2850,-2.2604951560818085,382,192,1337,1147,191,191,191,191,191,191,True,True,-1590552221,modeled-pass
191,191,medium-record,1024,candidate-single-roundtrip-npgsqlbatch-set-and-read,True,True,382,1,99.73821989528795,45712,45712,0,2787,2798,-0.3946896304269824,382,192,1337,1147,191,191,191,191,191,191,True,True,-1590552221,modeled-pass
191,191,large-record,4096,candidate-current-npgsqlbatch-set-plus-getmultiple,True,True,382,2,99.47643979057591,45712,45712,0,7671,10638,-38.678138443488464,382,192,1337,1147,191,191,191,191,191,191,True,True,563903400,modeled-pass
191,191,large-record,4096,candidate-chunked-100-npgsqlbatch-set-plus-getmultiple,True,True,382,3,99.21465968586388,45712,45712,0,7671,7757,-1.1211054621301004,382,192,1337,1147,191,191,191,191,191,191,True,True,563903400,modeled-pass
191,191,large-record,4096,candidate-single-roundtrip-npgsqlbatch-set-and-read,True,True,382,1,99.73821989528795,45712,45712,0,7671,7674,-0.03910833007430583,382,192,1337,1147,191,191,191,191,191,191,True,True,563903400,modeled-pass
192,192,small-record,128,candidate-current-npgsqlbatch-set-plus-getmultiple,True,True,384,2,99.47916666666667,45712,45712,0,1434,1332,7.112970711297071,384,193,1344,1153,192,192,192,192,192,192,True,True,-1523526634,modeled-pass
192,192,small-record,128,candidate-chunked-100-npgsqlbatch-set-plus-getmultiple,True,True,384,3,99.21875,45712,45712,0,1434,1484,-3.486750348675035,384,193,1344,1153,192,192,192,192,192,192,True,True,-1523526634,modeled-pass
192,192,small-record,128,candidate-single-roundtrip-npgsqlbatch-set-and-read,True,True,384,1,99.73958333333333,45712,45712,0,1434,1763,-22.942817294281728,384,193,1344,1153,192,192,192,192,192,192,True,True,-1523526634,modeled-pass
192,192,medium-record,1024,candidate-current-npgsqlbatch-set-plus-getmultiple,True,True,384,2,99.47916666666667,45712,45712,0,2836,2799,1.304654442877292,384,193,1344,1153,192,192,192,192,192,192,True,True,-960178253,modeled-pass
192,192,medium-record,1024,candidate-chunked-100-npgsqlbatch-set-plus-getmultiple,True,True,384,3,99.21875,45712,45712,0,2836,2882,-1.622002820874471,384,193,1344,1153,192,192,192,192,192,192,True,True,-960178253,modeled-pass
192,192,medium-record,1024,candidate-single-roundtrip-npgsqlbatch-set-and-read,True,True,384,1,99.73958333333333,45712,45712,0,2836,2767,2.4330042313117066,384,193,1344,1153,192,192,192,192,192,192,True,True,-960178253,modeled-pass
192,192,large-record,4096,candidate-current-npgsqlbatch-set-plus-getmultiple,True,True,384,2,99.47916666666667,45712,45712,0,10208,8278,18.906739811912225,384,193,1344,1153,192,192,192,192,192,192,True,True,1651035613,modeled-pass
192,192,large-record,4096,candidate-chunked-100-npgsqlbatch-set-plus-getmultiple,True,True,384,3,99.21875,45712,45712,0,10208,8325,18.446316614420063,384,193,1344,1153,192,192,192,192,192,192,True,True,1651035613,modeled-pass
192,192,large-record,4096,candidate-single-roundtrip-npgsqlbatch-set-and-read,True,True,384,1,99.73958333333333,45712,45712,0,10208,8797,13.822492163009404,384,193,1344,1153,192,192,192,192,192,192,True,True,1651035613,modeled-pass
193,193,small-record,128,candidate-current-npgsqlbatch-set-plus-getmultiple,True,True,386,2,99.48186528497409,45712,45712,0,1486,1464,1.4804845222072678,386,194,1351,1159,193,193,193,193,193,193,True,True,54400312,modeled-pass
193,193,small-record,128,candidate-chunked-100-npgsqlbatch-set-plus-getmultiple,True,True,386,3,99.22279792746114,45712,45712,0,1486,1611,-8.411843876177658,386,194,1351,1159,193,193,193,193,193,193,True,True,54400312,modeled-pass
193,193,small-record,128,candidate-single-roundtrip-npgsqlbatch-set-and-read,True,True,386,1,99.74093264248705,45712,45712,0,1486,1480,0.4037685060565276,386,194,1351,1159,193,193,193,193,193,193,True,True,54400312,modeled-pass
193,193,medium-record,1024,candidate-current-npgsqlbatch-set-plus-getmultiple,True,True,386,2,99.48186528497409,45712,45712,0,2846,2854,-0.28109627547434995,386,194,1351,1159,193,193,193,193,193,193,True,True,318240744,modeled-pass
193,193,medium-record,1024,candidate-chunked-100-npgsqlbatch-set-plus-getmultiple,True,True,386,3,99.22279792746114,45712,45712,0,2846,2865,-0.6676036542515812,386,194,1351,1159,193,193,193,193,193,193,True,True,318240744,modeled-pass
193,193,medium-record,1024,candidate-single-roundtrip-npgsqlbatch-set-and-read,True,True,386,1,99.74093264248705,45712,45712,0,2846,2713,4.673225579761068,386,194,1351,1159,193,193,193,193,193,193,True,True,318240744,modeled-pass
193,193,large-record,4096,candidate-current-npgsqlbatch-set-plus-getmultiple,True,True,386,2,99.48186528497409,45712,45712,0,8146,24937,-206.12570586791063,386,194,1351,1159,193,193,193,193,193,193,True,True,1215875050,modeled-pass
193,193,large-record,4096,candidate-chunked-100-npgsqlbatch-set-plus-getmultiple,True,True,386,3,99.22279792746114,45712,45712,0,8146,8617,-5.781978885342499,386,194,1351,1159,193,193,193,193,193,193,True,True,1215875050,modeled-pass
193,193,large-record,4096,candidate-single-roundtrip-npgsqlbatch-set-and-read,True,True,386,1,99.74093264248705,45712,45712,0,8146,8197,-0.6260741468205254,386,194,1351,1159,193,193,193,193,193,193,True,True,1215875050,modeled-pass
194,194,small-record,128,candidate-current-npgsqlbatch-set-plus-getmultiple,True,True,388,2,99.48453608247422,45712,45712,0,1343,1344,-0.07446016381236038,388,195,1358,1165,194,194,194,194,194,194,True,True,791333645,modeled-pass
194,194,small-record,128,candidate-chunked-100-npgsqlbatch-set-plus-getmultiple,True,True,388,3,99.22680412371135,45712,45712,0,1343,1447,-7.743857036485481,388,195,1358,1165,194,194,194,194,194,194,True,True,791333645,modeled-pass
194,194,small-record,128,candidate-single-roundtrip-npgsqlbatch-set-and-read,True,True,388,1,99.74226804123711,45712,45712,0,1343,1374,-2.308265078183172,388,195,1358,1165,194,194,194,194,194,194,True,True,791333645,modeled-pass
194,194,medium-record,1024,candidate-current-npgsqlbatch-set-plus-getmultiple,True,True,388,2,99.48453608247422,45712,45712,0,2705,2795,-3.3271719038817005,388,195,1358,1165,194,194,194,194,194,194,True,True,-842897504,modeled-pass
194,194,medium-record,1024,candidate-chunked-100-npgsqlbatch-set-plus-getmultiple,True,True,388,3,99.22680412371135,45712,45712,0,2705,2899,-7.171903881700555,388,195,1358,1165,194,194,194,194,194,194,True,True,-842897504,modeled-pass
194,194,medium-record,1024,candidate-single-roundtrip-npgsqlbatch-set-and-read,True,True,388,1,99.74226804123711,45712,45712,0,2705,2743,-1.4048059149722736,388,195,1358,1165,194,194,194,194,194,194,True,True,-842897504,modeled-pass
194,194,large-record,4096,candidate-current-npgsqlbatch-set-plus-getmultiple,True,True,388,2,99.48453608247422,45712,45712,0,7781,7667,1.465107312684745,388,195,1358,1165,194,194,194,194,194,194,True,True,-1386780953,modeled-pass
194,194,large-record,4096,candidate-chunked-100-npgsqlbatch-set-plus-getmultiple,True,True,388,3,99.22680412371135,45712,45712,0,7781,7814,-0.4241100115666367,388,195,1358,1165,194,194,194,194,194,194,True,True,-1386780953,modeled-pass
194,194,large-record,4096,candidate-single-roundtrip-npgsqlbatch-set-and-read,True,True,388,1,99.74226804123711,45712,45712,0,7781,7622,2.0434391466392494,388,195,1358,1165,194,194,194,194,194,194,True,True,-1386780953,modeled-pass
195,195,small-record,128,candidate-current-npgsqlbatch-set-plus-getmultiple,True,True,390,2,99.48717948717949,45712,45712,0,1277,1332,-4.306969459671104,390,196,1365,1171,195,195,195,195,195,195,True,True,-605338641,modeled-pass
195,195,small-record,128,candidate-chunked-100-npgsqlbatch-set-plus-getmultiple,True,True,390,3,99.23076923076923,45712,45712,0,1277,1377,-7.830853563038371,390,196,1365,1171,195,195,195,195,195,195,True,True,-605338641,modeled-pass
195,195,small-record,128,candidate-single-roundtrip-npgsqlbatch-set-and-read,True,True,390,1,99.74358974358974,45712,45712,0,1277,1382,-8.222396241190289,390,196,1365,1171,195,195,195,195,195,195,True,True,-605338641,modeled-pass
195,195,medium-record,1024,candidate-current-npgsqlbatch-set-plus-getmultiple,True,True,390,2,99.48717948717949,45712,45712,0,2748,2901,-5.567685589519651,390,196,1365,1171,195,195,195,195,195,195,True,True,822545574,modeled-pass
195,195,medium-record,1024,candidate-chunked-100-npgsqlbatch-set-plus-getmultiple,True,True,390,3,99.23076923076923,45712,45712,0,2748,3075,-11.899563318777293,390,196,1365,1171,195,195,195,195,195,195,True,True,822545574,modeled-pass
195,195,medium-record,1024,candidate-single-roundtrip-npgsqlbatch-set-and-read,True,True,390,1,99.74358974358974,45712,45712,0,2748,3553,-29.294032023289667,390,196,1365,1171,195,195,195,195,195,195,True,True,822545574,modeled-pass
195,195,large-record,4096,candidate-current-npgsqlbatch-set-plus-getmultiple,True,True,390,2,99.48717948717949,45712,45712,0,8207,7924,3.4482758620689653,390,196,1365,1171,195,195,195,195,195,195,True,True,1168470099,modeled-pass
195,195,large-record,4096,candidate-chunked-100-npgsqlbatch-set-plus-getmultiple,True,True,390,3,99.23076923076923,45712,45712,0,8207,9053,-10.308273425124893,390,196,1365,1171,195,195,195,195,195,195,True,True,1168470099,modeled-pass
195,195,large-record,4096,candidate-single-roundtrip-npgsqlbatch-set-and-read,True,True,390,1,99.74358974358974,45712,45712,0,8207,7682,6.396978189350555,390,196,1365,1171,195,195,195,195,195,195,True,True,1168470099,modeled-pass
196,196,small-record,128,candidate-current-npgsqlbatch-set-plus-getmultiple,True,True,392,2,99.48979591836735,45712,45712,0,1307,1510,-15.531752104055087,392,197,1372,1177,196,196,196,196,196,196,True,True,-1608077032,modeled-pass
196,196,small-record,128,candidate-chunked-100-npgsqlbatch-set-plus-getmultiple,True,True,392,3,99.23469387755102,45712,45712,0,1307,1417,-8.416220351951033,392,197,1372,1177,196,196,196,196,196,196,True,True,-1608077032,modeled-pass
196,196,small-record,128,candidate-single-roundtrip-npgsqlbatch-set-and-read,True,True,392,1,99.74489795918367,45712,45712,0,1307,1433,-9.640397857689365,392,197,1372,1177,196,196,196,196,196,196,True,True,-1608077032,modeled-pass
196,196,medium-record,1024,candidate-current-npgsqlbatch-set-plus-getmultiple,True,True,392,2,99.48979591836735,45712,45712,0,3066,2827,7.795172863666014,392,197,1372,1177,196,196,196,196,196,196,True,True,-49872342,modeled-pass
196,196,medium-record,1024,candidate-chunked-100-npgsqlbatch-set-plus-getmultiple,True,True,392,3,99.23469387755102,45712,45712,0,3066,3187,-3.9465101108936724,392,197,1372,1177,196,196,196,196,196,196,True,True,-49872342,modeled-pass
196,196,medium-record,1024,candidate-single-roundtrip-npgsqlbatch-set-and-read,True,True,392,1,99.74489795918367,45712,45712,0,3066,3162,-3.131115459882583,392,197,1372,1177,196,196,196,196,196,196,True,True,-49872342,modeled-pass
196,196,large-record,4096,candidate-current-npgsqlbatch-set-plus-getmultiple,True,True,392,2,99.48979591836735,45712,45712,0,8164,17744,-117.34443900048996,392,197,1372,1177,196,196,196,196,196,196,True,True,856323301,modeled-pass
196,196,large-record,4096,candidate-chunked-100-npgsqlbatch-set-plus-getmultiple,True,True,392,3,99.23469387755102,45712,45712,0,8164,8299,-1.6536011758941696,392,197,1372,1177,196,196,196,196,196,196,True,True,856323301,modeled-pass
196,196,large-record,4096,candidate-single-roundtrip-npgsqlbatch-set-and-read,True,True,392,1,99.74489795918367,45712,45712,0,8164,8440,-3.3806957373836353,392,197,1372,1177,196,196,196,196,196,196,True,True,856323301,modeled-pass
197,197,small-record,128,candidate-current-npgsqlbatch-set-plus-getmultiple,True,True,394,2,99.49238578680203,45712,45712,0,1423,1407,1.1243851018973998,394,198,1379,1183,197,197,197,197,197,197,True,True,161036008,modeled-pass
197,197,small-record,128,candidate-chunked-100-npgsqlbatch-set-plus-getmultiple,True,True,394,3,99.23857868020305,45712,45712,0,1423,1527,-7.308503162333099,394,198,1379,1183,197,197,197,197,197,197,True,True,161036008,modeled-pass
197,197,small-record,128,candidate-single-roundtrip-npgsqlbatch-set-and-read,True,True,394,1,99.74619289340102,45712,45712,0,1423,1486,-4.427266338721012,394,198,1379,1183,197,197,197,197,197,197,True,True,161036008,modeled-pass
197,197,medium-record,1024,candidate-current-npgsqlbatch-set-plus-getmultiple,True,True,394,2,99.49238578680203,45712,45712,0,3053,3203,-4.91320013101867,394,198,1379,1183,197,197,197,197,197,197,True,True,1900540178,modeled-pass
197,197,medium-record,1024,candidate-chunked-100-npgsqlbatch-set-plus-getmultiple,True,True,394,3,99.23857868020305,45712,45712,0,3053,5011,-64.1336390435637,394,198,1379,1183,197,197,197,197,197,197,True,True,1900540178,modeled-pass
197,197,medium-record,1024,candidate-single-roundtrip-npgsqlbatch-set-and-read,True,True,394,1,99.74619289340102,45712,45712,0,3053,3616,-18.440877825090077,394,198,1379,1183,197,197,197,197,197,197,True,True,1900540178,modeled-pass
197,197,large-record,4096,candidate-current-npgsqlbatch-set-plus-getmultiple,True,True,394,2,99.49238578680203,45712,45712,0,8322,8990,-8.026916606584956,394,198,1379,1183,197,197,197,197,197,197,True,True,1002745702,modeled-pass
197,197,large-record,4096,candidate-chunked-100-npgsqlbatch-set-plus-getmultiple,True,True,394,3,99.23857868020305,45712,45712,0,8322,8311,0.13217976447969237,394,198,1379,1183,197,197,197,197,197,197,True,True,1002745702,modeled-pass
197,197,large-record,4096,candidate-single-roundtrip-npgsqlbatch-set-and-read,True,True,394,1,99.74619289340102,45712,45712,0,8322,13735,-65.04446046623409,394,198,1379,1183,197,197,197,197,197,197,True,True,1002745702,modeled-pass
198,198,small-record,128,candidate-current-npgsqlbatch-set-plus-getmultiple,True,True,396,2,99.4949494949495,55120,55120,0,1373,1588,-15.659140568099053,396,199,1386,1189,198,198,198,198,198,198,True,True,-822176545,modeled-pass
198,198,small-record,128,candidate-chunked-100-npgsqlbatch-set-plus-getmultiple,True,True,396,3,99.24242424242425,55120,55120,0,1373,1552,-13.03714493809177,396,199,1386,1189,198,198,198,198,198,198,True,True,-822176545,modeled-pass
198,198,small-record,128,candidate-single-roundtrip-npgsqlbatch-set-and-read,True,True,396,1,99.74747474747475,55120,55120,0,1373,1757,-27.967953386744355,396,199,1386,1189,198,198,198,198,198,198,True,True,-822176545,modeled-pass
198,198,medium-record,1024,candidate-current-npgsqlbatch-set-plus-getmultiple,True,True,396,2,99.4949494949495,55120,55120,0,2889,3157,-9.27656628591208,396,199,1386,1189,198,198,198,198,198,198,True,True,-1818796943,modeled-pass
198,198,medium-record,1024,candidate-chunked-100-npgsqlbatch-set-plus-getmultiple,True,True,396,3,99.24242424242425,55120,55120,0,2889,3082,-6.680512287988924,396,199,1386,1189,198,198,198,198,198,198,True,True,-1818796943,modeled-pass
198,198,medium-record,1024,candidate-single-roundtrip-npgsqlbatch-set-and-read,True,True,396,1,99.74747474747475,55120,55120,0,2889,3114,-7.788161993769471,396,199,1386,1189,198,198,198,198,198,198,True,True,-1818796943,modeled-pass
198,198,large-record,4096,candidate-current-npgsqlbatch-set-plus-getmultiple,True,True,396,2,99.4949494949495,55120,55120,0,8733,9010,-3.171876789190427,396,199,1386,1189,198,198,198,198,198,198,True,True,1257744909,modeled-pass
198,198,large-record,4096,candidate-chunked-100-npgsqlbatch-set-plus-getmultiple,True,True,396,3,99.24242424242425,55120,55120,0,8733,9338,-6.927745333791366,396,199,1386,1189,198,198,198,198,198,198,True,True,1257744909,modeled-pass
198,198,large-record,4096,candidate-single-roundtrip-npgsqlbatch-set-and-read,True,True,396,1,99.74747474747475,55120,55120,0,8733,8281,5.175770067559831,396,199,1386,1189,198,198,198,198,198,198,True,True,1257744909,modeled-pass
199,199,small-record,128,candidate-current-npgsqlbatch-set-plus-getmultiple,True,True,398,2,99.49748743718592,55120,55120,0,1426,1485,-4.137447405329593,398,200,1393,1195,199,199,199,199,199,199,True,True,-1210321171,modeled-pass
199,199,small-record,128,candidate-chunked-100-npgsqlbatch-set-plus-getmultiple,True,True,398,3,99.2462311557789,55120,55120,0,1426,1471,-3.1556802244039273,398,200,1393,1195,199,199,199,199,199,199,True,True,-1210321171,modeled-pass
199,199,small-record,128,candidate-single-roundtrip-npgsqlbatch-set-and-read,True,True,398,1,99.74874371859296,55120,55120,0,1426,1510,-5.890603085553997,398,200,1393,1195,199,199,199,199,199,199,True,True,-1210321171,modeled-pass
199,199,medium-record,1024,candidate-current-npgsqlbatch-set-plus-getmultiple,True,True,398,2,99.49748743718592,55120,55120,0,3197,3306,-3.4094463559587114,398,200,1393,1195,199,199,199,199,199,199,True,True,-859559005,modeled-pass
199,199,medium-record,1024,candidate-chunked-100-npgsqlbatch-set-plus-getmultiple,True,True,398,3,99.2462311557789,55120,55120,0,3197,3169,0.8758210822646231,398,200,1393,1195,199,199,199,199,199,199,True,True,-859559005,modeled-pass
199,199,medium-record,1024,candidate-single-roundtrip-npgsqlbatch-set-and-read,True,True,398,1,99.74874371859296,55120,55120,0,3197,3178,0.59430716296528,398,200,1393,1195,199,199,199,199,199,199,True,True,-859559005,modeled-pass
199,199,large-record,4096,candidate-current-npgsqlbatch-set-plus-getmultiple,True,True,398,2,99.49748743718592,55120,55120,0,8894,9422,-5.936586462783899,398,200,1393,1195,199,199,199,199,199,199,True,True,-1684154554,modeled-pass
199,199,large-record,4096,candidate-chunked-100-npgsqlbatch-set-plus-getmultiple,True,True,398,3,99.2462311557789,55120,55120,0,8894,9014,-1.3492241960872497,398,200,1393,1195,199,199,199,199,199,199,True,True,-1684154554,modeled-pass
199,199,large-record,4096,candidate-single-roundtrip-npgsqlbatch-set-and-read,True,True,398,1,99.74874371859296,55120,55120,0,8894,8585,3.4742523049246685,398,200,1393,1195,199,199,199,199,199,199,True,True,-1684154554,modeled-pass
200,200,small-record,128,candidate-current-npgsqlbatch-set-plus-getmultiple,True,True,400,2,99.5,55120,55120,0,1669,1688,-1.1384062312762133,400,201,1400,1201,200,200,200,200,200,200,True,True,-1718325851,modeled-pass
200,200,small-record,128,candidate-chunked-100-npgsqlbatch-set-plus-getmultiple,True,True,400,3,99.25,55120,55120,0,1669,1739,-4.194128220491312,400,201,1400,1201,200,200,200,200,200,200,True,True,-1718325851,modeled-pass
200,200,small-record,128,candidate-single-roundtrip-npgsqlbatch-set-and-read,True,True,400,1,99.75,55120,55120,0,1669,5051,-202.63630916716596,400,201,1400,1201,200,200,200,200,200,200,True,True,-1718325851,modeled-pass
200,200,medium-record,1024,candidate-current-npgsqlbatch-set-plus-getmultiple,True,True,400,2,99.5,55120,55120,0,2995,3089,-3.1385642737896493,400,201,1400,1201,200,200,200,200,200,200,True,True,2128785245,modeled-pass
200,200,medium-record,1024,candidate-chunked-100-npgsqlbatch-set-plus-getmultiple,True,True,400,3,99.25,55120,55120,0,2995,3093,-3.2721202003338896,400,201,1400,1201,200,200,200,200,200,200,True,True,2128785245,modeled-pass
200,200,medium-record,1024,candidate-single-roundtrip-npgsqlbatch-set-and-read,True,True,400,1,99.75,55120,55120,0,2995,3072,-2.5709515859766277,400,201,1400,1201,200,200,200,200,200,200,True,True,2128785245,modeled-pass
200,200,large-record,4096,candidate-current-npgsqlbatch-set-plus-getmultiple,True,True,400,2,99.5,55120,55120,0,8209,10215,-24.436593982214642,400,201,1400,1201,200,200,200,200,200,200,True,True,1744131822,modeled-pass
200,200,large-record,4096,candidate-chunked-100-npgsqlbatch-set-plus-getmultiple,True,True,400,3,99.25,55120,55120,0,8209,8435,-2.7530758923133147,400,201,1400,1201,200,200,200,200,200,200,True,True,1744131822,modeled-pass
200,200,large-record,4096,candidate-single-roundtrip-npgsqlbatch-set-and-read,True,True,400,1,99.75,55120,55120,0,8209,8525,-3.8494335485442805,400,201,1400,1201,200,200,200,200,200,200,True,True,1744131822,modeled-pass
